1,-2147420511
3,-2147420402
5,-1073678452
7,1073805330
9,-1073678189
11,-2147419890
13,-2147419776
15,1073805798
17,1073805890
19,-1073677679
21,64214
23,-1073677552
25,64320
27,-2147419289
29,64393
31,-2147419228
33,-1073677380
35,-1073677367
37,62977
39,62938
41,-2147420738
43,-1073678926
45,-2147420743
47,-2147420722
49,-2147420690
51,-2147420643
53,-2147420575
55,-1073678659
57,1073805104
59,-1073678419
61,-1073678292
63,-1073678164
65,-2147419864
67,-2147419754
69,1073805815
71,64078
73,-2147419493
75,1073806049
77,-2147419363
79,-2147419315
81,-1073677454
83,1073806224
85,-2147419222
87,1073806270
89,63015
91,62974
93,1073804757
95,62903
97,-2147420754
99,62910
101,-2147420708
103,1073804801
105,1073804848
107,-1073678733
109,-1073678638
111,-1073678520
113,1073805257
115,63563
117,63687
119,-1073678021
121,-2147419735
123,64017
125,-1073677716
127,-2147419467
129,64242
131,-1073677529
133,-1073677485
135,-2147419272
137,1073806231
139,-2147419217
141,-2147419201
143,-1073678819
145,-1073678856
147,1073804759
149,62913
151,62910
153,-1073678900
155,62951
157,-1073678837
159,-1073678785
161,-2147420533
163,1073805037
165,63330
167,1073805283
169,1073805413
171,63718
173,63835
175,-1073677886
177,-1073677789
179,-1073677705
181,-2147419460
183,1073806072
185,-2147419347
187,-2147419302
189,-2147419267
191,-1073677415
193,1073806256
195,-1073678802
197,1073804810
199,62950
201,-1073678904
203,1073804730
205,-1073678916
207,-2147420718
209,-2147420687
211,1073804821
213,63048
215,-2147420527
217,-2147420424
219,-1073678479
221,63472
223,-1073678221
225,-1073678093
227,-1073677976
229,63955
231,64049
233,-2147419521
235,-1073677634
237,-1073677578
239,1073806119
241,-2147419314
243,1073806195
245,63111
247,63065
249,-2147420623
251,1073804811
253,1073804774
255,1073804749
257,1073804739
259,62919
261,1073804763
263,-1073678853
265,-2147420637
267,1073804889
269,63147
271,-1073678570
273,-2147420272
275,-1073678317
277,-1073678186
279,63762
281,1073805699
283,1073805798
285,-1073677762
287,1073805963
289,1073806028
291,64262
293,64310
295,-2147419298
297,1073804991
299,-1073678720
301,-1073678764
303,63027
305,1073804812
307,62947
309,-1073678908
311,62906
313,-2147420732
315,-2147420704
317,1073804804
319,63020
321,63079
323,-1073678658
325,-2147420370
327,63404
329,-1073678294
331,1073805480
333,1073805600
335,63887
337,-1073677838
339,-1073677749
341,1073805974
343,64216
345,64275
347,-2147419326
349,-1073677467
351,-2147420493
353,-2147420552
355,-2147420599
357,-2147420635
359,-1073678846
361,62944
363,62919
365,62912
367,-2147420725
369,62948
371,62980
373,63023
375,-2147420559
377,-1073678641
379,1073805125
381,-2147420221
383,-1073678270
385,-1073678144
387,-2147419849
389,-1073677917
391,1073805832
393,64093
395,1073805986
397,64224
399,-2147419368
401,-1073677499
403,-1073678614
405,-2147420505
407,1073804914
409,63047
411,-2147420641
413,-1073678856
415,1073804760
417,62914
419,-2147420739
421,-2147420723
423,62951
425,-1073678837
427,1073804862
429,-1073678719
431,-2147420445
433,63324
435,-1073678371
437,-2147420066
439,-1073678120
441,63819
443,1073805748
445,64021
447,-2147419542
449,1073806000
451,1073806060
453,1073806112
455,-1073678549
457,1073805012
459,1073804949
461,-2147420569
463,1073804862
465,-2147420651
467,-1073678867
469,-1073678901
471,62908
473,1073804739
475,-1073678890
477,62959
479,-1073678832
481,-1073678779
483,-2147420524
485,-2147420420
487,1073805171
489,-1073678351
491,-1073678221
493,-2147419918
495,-1073677980
497,-2147419703
499,64038
501,64120
503,-2147419459
505,-1073678369
507,-2147420294
509,1073805082
511,63179
513,-2147420526
515,-1073678746
517,-2147420613
519,62991
521,1073804775
523,-1073678904
525,-2147420740
527,-2147420734
529,-1073678890
531,62964
533,-1073678821
535,-2147420586
537,-2147420501
539,1073805081
541,-1073678445
543,-2147420143
545,-2147420017
547,1073805580
549,63870
551,1073805793
553,63775
555,1073805468
557,1073805357
559,-2147420217
561,1073805162
563,-1073678576
565,1073804996
567,-1073678711
569,1073804890
571,-1073678798
573,-1073678836
575,1073804774
577,-2147420728
579,62909
581,1073804742
583,-1073678884
585,-1073678853
587,63014
589,-1073678749
591,-1073678660
593,63278
595,-2147420244
597,63534
599,63659
601,63782
603,-2147419754
605,-2147419656
607,63741
609,63616
611,-1073678316
613,-2147420239
615,1073805139
617,-1073678594
619,63157
621,1073804919
623,-1073678775
625,1073804836
627,1073804796
629,-1073678891
631,-1073678917
633,-2147420749
635,1073804736
637,1073804765
639,-1073678849
641,63020
643,63086
645,-2147420471
647,63292
649,-1073678406
651,-1073678278
653,-2147419975
655,1073805620
657,64005
659,1073805682
661,-2147419929
663,63598
665,63490
667,63389
669,-1073678532
671,-2147420444
673,-2147420513
675,1073804911
677,1073804869
679,-1073678822
681,1073804785
683,-2147420723
685,1073804728
687,62905
689,62923
691,1073804771
693,-1073678845
695,-1073678797
697,-1073678724
699,1073805025
701,1073805142
703,-1073678380
705,-2147420074
707,-1073678124
709,64112
711,1073805796
713,1073805649
715,1073805512
717,1073805397
719,63472
721,1073805198
723,-2147420370
725,-1073678631
727,1073804953
729,1073804902
731,1073804858
733,1073804818
735,-2147420693
737,-2147420727
739,-1073678922
741,-1073678919
743,-2147420725
745,-1073678875
747,-2147420660
749,-1073678783
751,1073804941
753,1073805042
755,-2147420311
757,-1073677462
759,64297
761,1073806033
763,-1073677731
765,-1073677871
767,-2147419840
769,-2147419974
771,63560
773,-2147420190
775,-1073678464
777,63266
779,1073805004
781,-1073678709
783,63069
785,-1073678797
787,-1073678839
789,1073804770
791,-2147420729
793,1073804731
795,62911
797,-2147420718
799,1073804781
801,-2147420658
803,1073804870
805,-2147420516
807,1073805066
809,1073806227
811,64356
813,-1073677539
815,-2147419457
817,-1073677755
819,-1073677897
821,63783
823,-2147419996
825,-2147420110
827,-1073678387
829,63344
831,-1073678572
833,-1073678650
835,-1073678709
837,1073804891
839,-1073678799
841,1073804811
843,-2147420701
845,-1073678908
847,1073804727
849,1073804737
851,1073804763
853,62972
855,-1073678811
857,-1073678752
859,-1073677376
861,64430
863,-2147419252
865,-1073677480
867,1073806095
869,64172
871,1073805867
873,-1073677928
875,63753
877,63628
879,1073805347
881,-2147420223
883,-2147420324
885,-2147420416
887,-1073678662
889,-1073678717
891,63062
893,-2147420628
895,62977
897,-1073678887
899,-1073678910
901,62910
903,-1073678905
905,62942
907,-1073678850
909,1073804841
911,-1073677370
913,-2147419203
915,64421
917,64385
919,64332
921,-1073677569
923,1073805973
925,-1073677809
927,1073805695
929,63732
931,1073805434
933,-1073678321
935,-1073678422
937,1073805131
939,-2147420429
941,-2147420499
943,-2147420549
945,1073804881
947,1073804836
949,1073804793
951,1073804757
953,-2147420738
955,62909
957,62924
959,-1073678877
961,-2147420669
963,1073806263
965,-1073677377
967,1073806262
969,64414
971,-1073677447
973,1073806142
975,1073806054
977,-1073677707
979,1073805807
981,-2147419815
983,1073805519
985,-2147420067
987,-2147420168
989,1073805206
991,1073805109
993,-1073678625
995,-1073678693
997,-1073678742
999,-2147420606
1001,62999
1003,-1073678868
1005,62922
1007,62905
1009,1073804732
1011,1073806200
1013,-1073677421
1015,-2147419219
1017,64446
1019,1073806270
1021,1073806256
1023,-1073677418
1025,1073806188
1027,1073806125
1029,64216
1031,64100
1033,63959
1035,-2147419837
1037,1073805501
1039,-1073678261
1041,63461
1043,-1073678464
1045,-1073678560
1047,-1073678641
1049,-2147420524
1051,1073804902
1053,1073804862
1055,62999
1057,-2147420687
1059,-2147420719
1061,-2147419348
1063,1073806166
1065,64378
1067,1073806234
1069,-1073677392
1071,-1073677379
1073,1073806268
1075,1073806250
1077,1073806221
1079,64352
1081,64284
1083,1073806012
1085,-2147419585
1087,63921
1089,-2147419871
1091,-1073678175
1093,63538
1095,-1073678390
1097,1073805162
1099,63253
1101,63177
1103,-1073678714
1105,63061
1107,-1073678804
1109,-1073678843
1111,64211
1113,-2147419380
1115,1073806141
1117,64359
1119,-2147419255
1121,-1073677404
1123,-2147419208
1125,-2147419199
1127,1073806268
1129,-1073677399
1131,1073806221
1133,-2147419297
1135,1073806101
1137,-1073677650
1139,1073805871
1141,1073805725
1143,-1073678069
1145,-1073678194
1147,-2147420123
1149,63425
1151,-1073678498
1153,-2147420412
1155,63163
1157,-1073677939
1159,1073805809
1161,-1073677749
1163,1073805976
1165,1073806040
1167,1073806098
1169,-1073677503
1171,-1073677467
1173,-2147419258
1175,64418
1177,64435
1179,64444
1181,64438
1183,1073806240
1185,-1073677442
1187,64329
1189,64251
1191,64145
1193,-2147419637
1195,1073805690
1197,1073805549
1199,-2147420044
1201,1073805325
1203,63404
1205,-1073678514
1207,1073805505
1209,63801
1211,63909
1213,-1073677817
1215,1073805920
1217,-1073677654
1219,1073806057
1221,1073806111
1223,1073806155
1225,-1073677456
1227,1073806227
1229,-1073677394
1231,-2147419200
1233,64451
1235,64438
1237,64414
1239,-2147419268
1241,64325
1243,1073806062
1245,-1073677701
1247,1073805810
1249,1073805665
1251,-1073678118
1253,-2147420059
1255,-2147420322
1257,63455
1259,63584
1261,63709
1263,-2147419823
1265,-2147419714
1267,-2147419615
1269,-1073677707
1271,-1073677638
1273,64245
1275,-2147419351
1277,-1073677483
1279,-1073677445
1281,64412
1283,-2147419212
1285,1073806275
1287,-1073677373
1289,64438
1291,-1073677413
1293,-2147419277
1295,-1073677516
1297,-2147419430
1299,1073805923
1301,63958
1303,-1073678779
1305,1073804947
1307,1073805049
1309,-2147420303
1311,-1073678351
1313,-2147420045
1315,1073805552
1317,-2147419806
1319,-1073677878
1321,-2147419606
1323,64124
1325,-1073677631
1327,1073806077
1329,64302
1331,-2147419307
1333,64377
1335,1073806233
1337,-2147419216
1339,-1073677380
1341,64442
1343,64423
1345,-1073677430
1347,-1073677473
1349,-2147419364
1351,-2147420716
1353,-2147420687
1355,63001
1357,1073804880
1359,63139
1361,63248
1363,-2147420279
1365,-1073678329
1367,-2147420025
1369,1073805572
1371,63864
1373,-1073677857
1375,1073805884
1377,-1073677686
1379,-2147419446
1381,-1073677567
1383,-2147419341
1385,-1073677475
1387,64382
1389,64408
1391,1073806253
1393,1073806263
1395,-1073677390
1397,-1073677407
1399,-1073678900
1401,1073804739
1403,62923
1405,-1073678883
1407,1073804794
1409,1073804836
1411,-1073678749
1413,-1073678659
1415,-1073678548
1417,-2147420249
1419,-2147420125
1421,1073805476
1423,-2147419870
1425,1073805714
1427,63991
1429,64079
1431,64157
1433,-2147419424
1435,-1073677544
1437,64328
1439,64364
1441,-1073677431
1443,-2147419229
1445,-2147419209
1447,63022
1449,-1073678844
1451,62940
1453,1073804738
1455,-2147420737
1457,62925
1459,-1073678875
1461,-1073678841
1463,-1073678797
1465,-2147420555
1467,63187
1469,-1073678524
1471,-2147420223
1473,-1073678270
1475,-2147419968
1477,-2147419851
1479,-1073677920
1481,64004
1483,64094
1485,-2147419479
1487,-1073677591
1489,-1073677535
1491,1073806158
1493,1073806194
1495,-1073678678
1497,63090
1499,1073804867
1501,63004
1503,1073804794
1505,62938
1507,-1073678912
1509,62906
1511,62919
1513,-2147420703
1515,1073804806
1517,63033
1519,-1073678720
1521,-2147420448
1523,-1073678506
1525,-2147420201
1527,-2147420073
1529,-2147419949
1531,-1073678006
1533,1073805750
1535,-2147419624
1537,1073805933
1539,-1073677650
1541,-2147419416
1543,-1073678448
1545,63285
1547,-1073678624
1549,63133
1551,-2147420571
1553,-1073678790
1555,63000
1557,1073804788
1559,-2147420719
1561,-2147420738
1563,-2147420737
1565,1073804751
1567,62955
1569,62993
1571,-1073678780
1573,-2147420527
1575,63226
1577,63345
1579,63470
1581,1073805423
1583,-1073678099
1585,-1073677982
1587,1073805773
1589,1073805870
1591,-1073677697
1593,-1073678265
1595,1073805283
1597,-2147420288
1599,63265
1601,63183
1603,-1073678705
1605,63070
1607,-1073678794
1609,62995
1611,1073804782
1613,62925
1615,62910
1617,-2147420732
1619,-2147420714
1621,1073804788
1623,-1073678820
1625,-1073678766
1627,1073804962
1629,-2147420403
1631,1073805190
1633,-2147420155
1635,-2147420023
1637,63752
1639,1073805690
1641,-1073677903
1643,-2147419871
1645,-2147420000
1647,63537
1649,1073805259
1651,63340
1653,-2147420396
1655,63174
1657,-1073678714
1659,-1073678761
1661,63023
1663,-1073678840
1665,1073804771
1667,62919
1669,62908
1671,62916
1673,-1073678886
1675,62971
1677,63014
1679,63073
1681,63158
1683,-1073678554
1685,-2147420254
1687,1073805345
1689,-2147419997
1691,63775
1693,-1073677780
1695,-1073677922
1697,63761
1699,63632
1701,-2147420128
1703,-1073678404
1705,1073805149
1707,63234
1709,1073804982
1711,-2147420547
1713,1073804880
1715,1073804842
1717,-2147420666
1719,-2147420702
1721,-2147420729
1723,62912
1725,-1073678901
1727,-1073678877
1729,-2147420670
1731,1073804844
1733,-2147420566
1735,-1073678651
1737,63289
1739,-2147420232
1741,-2147419316
1743,1073806076
1745,1073805967
1747,64013
1749,-2147419779
1751,1073805554
1753,1073805433
1755,-1073678324
1757,-2147420250
1759,-1073678523
1761,1073805038
1763,-1073678680
1765,-2147420556
1767,1073804873
1769,1073804833
1771,1073804795
1773,-1073678888
1775,62914
1777,-1073678915
1779,62923
1781,62949
1783,-2147420665
1785,-2147420618
1787,-2147419212
1789,-1073677397
1791,-2147419243
1793,64368
1795,-1073677514
1797,1073806053
1799,1073805939
1801,63976
1803,-2147419819
1805,63694
1807,63581
1809,-1073678347
1811,-1073678450
1813,-1073678546
1815,1073805017
1817,1073804953
1819,63083
1821,63042
1823,1073804825
1825,-2147420689
1827,-1073678901
1829,-2147420742
1831,-1073678915
1833,-2147420722
1835,1073804775
1837,1073806251
1839,1073806268
1841,-2147419200
1843,-2147419215
1845,-1073677422
1847,-1073677464
1849,-2147419348
1851,-2147419436
1853,1073805919
1855,-2147419693
1857,-2147419840
1859,-2147419973
1861,63564
1863,-1073678363
1865,-1073678465
1867,63264
1869,1073805010
1871,-1073678699
1873,63077
1875,-1073678792
1877,62990
1879,1073804776
1881,1073804746
1883,64306
1885,1073806169
1887,-1073677443
1889,1073806237
1891,64436
1893,64450
1895,1073806271
1897,-1073677398
1899,-2147419248
1901,1073806183
1903,1073806113
1905,-2147419456
1907,64072
1909,-1073677893
1911,-2147419863
1913,1073805476
1915,1073805364
1917,-2147420207
1919,-2147420305
1921,-1073678575
1923,63170
1925,63111
1927,63069
1929,1073804855
1931,-1073678833
1933,-1073677621
1935,-1073677563
1937,-1073677514
1939,64353
1941,-2147419259
1943,-2147419232
1945,-2147419211
1947,64451
1949,1073806270
1951,64426
1953,64395
1955,1073806167
1957,64270
1959,64171
1961,-1073677780
1963,-1073677922
1965,63760
1967,1073805456
1969,-2147420126
1971,1073805249
1973,1073805154
1975,-2147420409
1977,1073804988
1979,-1073678722
1981,-1073677840
1983,1073805898
1985,-2147419496
1987,1073806042
1989,-2147419373
1991,-2147419326
1993,-1073677463
1995,64395
1997,-2147419227
1999,-2147419209
1,-1073677795
3,64116
5,64186
7,1073806070
9,64299
11,1073806165
13,-1073677447
15,1073806230
17,-2147419220
19,-2147419202
21,-1073677376
23,64436
25,64411
27,64369
29,-1073677519
31,-2147419434
33,1073805915
35,-1073677875
37,1073804865
39,1073804943
41,1073805046
43,1073805169
45,1073805299
47,1073805429
49,63731
51,1073805668
53,63947
55,64042
57,-2147419525
59,-1073677633
61,-2147419396
63,64308
65,64353
67,64387
69,-1073677410
71,1073806260
73,-1073677375
75,64449
77,-2147419216
79,-2147419247
81,-1073677471
83,64287
85,-2147419454
87,1073805896
89,1073805752
91,-2147419872
93,-2147420004
95,-2147420399
97,63371
99,63497
101,1073805451
103,-1073678070
105,-2147419779
107,-2147419680
109,64058
111,-2147419513
113,-2147419447
115,64261
117,-2147419336
119,64354
121,64387
123,-2147419232
125,-2147419210
127,-2147419200
129,64445
131,-1073677398
133,1073806219
135,-2147419304
137,-1073677556
139,-2147419481
141,-1073677782
143,63900
145,1073805577
147,63164
149,-1073678548
151,-2147420250
153,-2147420120
155,-1073678167
157,63780
159,63892
161,-1073677836
163,-2147419572
165,-2147419496
167,-1073677608
169,-1073677549
171,1073806149
173,64364
175,-2147419251
177,64425
179,-1073677380
181,-1073677373
183,-2147419206
185,64421
187,1073806211
189,64332
191,-2147419398
193,64144
195,-2147419636
197,-2147419782
199,-2147420558
201,-1073678639
203,-2147420345
205,1073805252
207,-2147420093
209,63682
211,63802
213,-1073677913
215,-2147419637
217,1073805923
219,-1073677653
221,64235
223,-2147419357
225,-1073677487
227,-1073677450
229,-1073677418
231,-1073677391
233,1073806274
235,-2147419195
237,-1073677382
239,64418
241,-2147419268
243,64323
245,64238
247,64124
249,-1073677839
251,1073804851
253,63101
255,63202
257,1073805144
259,-2147420202
261,63576
263,-1073678121
265,63821
267,1073805750
269,-2147419627
271,1073805927
273,1073805996
275,64234
277,1073806114
279,-1073677487
281,-2147419274
283,-2147419243
285,1073806253
287,64443
289,1073806269
291,-1073677391
293,-1073677417
295,-2147419284
297,-2147419350
299,-1073677619
301,-2147419561
303,1073804817
305,63047
307,-1073678698
309,-1073678595
311,63350
313,1073805300
315,1073805428
317,-1073678094
319,-2147419804
321,63948
323,-1073677781
325,-1073677698
327,64196
329,64257
331,-1073677514
333,-2147419294
335,-2147419258
337,1073806243
339,-1073677382
341,64457
343,-2147419193
345,1073806264
347,64412
349,-2147419283
351,1073806121
353,-2147419447
355,-2147420683
357,-1073678819
359,-1073678762
361,1073804968
363,-2147420396
365,-1073678447
367,1073805331
369,63636
371,63760
373,1073805694
375,-2147419680
377,64059
379,64141
381,-1073677613
383,-1073677551
385,1073806150
387,64364
389,1073806219
391,-1073677400
393,1073806271
395,1073806283
397,64456
399,1073806257
401,1073806224
403,64353
405,-2147419370
407,1073804753
409,1073804786
411,63004
413,-1073678758
415,-1073678669
417,1073805091
419,-1073678433
421,1073805344
423,-1073678178
425,-2147419880
427,-2147419767
429,1073805805
431,64067
433,1073805965
435,-1073677616
437,1073806093
439,1073806143
441,-2147419289
443,64392
445,-1073677406
447,1073806263
449,-1073677376
451,-2147419207
453,1073806244
455,1073806209
457,-2147420745
459,62917
461,-2147420705
463,1073804801
465,-2147420627
467,63085
469,-2147420472
471,-1073678533
473,-2147420232
475,1073805368
477,-1073678152
479,-2147419854
481,-1073677919
483,-1073677821
485,-1073677734
487,-1073677661
489,1073806050
491,-2147419365
493,-1073677494
495,-2147419279
497,64400
499,-2147419224
501,-1073677383
503,-2147419201
505,-2147420668
507,-1073678879
509,62921
511,-2147420732
513,62931
515,-1073678868
517,-1073678836
519,63034
521,1073804927
523,-2147420447
525,1073805145
527,-2147420199
529,63579
531,-2147419941
533,-1073677998
535,63934
537,-1073677793
539,1073805939
541,-1073677640
543,-2147419402
545,-2147419347
547,64347
549,64384
551,64414
553,64439
555,64455
557,-1073677368
559,1073804779
561,62920
563,-1073678921
565,-2147420743
567,-1073678903
569,-1073678875
571,-1073678841
573,63034
575,1073804935
577,-1073678612
579,1073805155
581,1073805285
583,63590
585,63715
587,63834
589,-2147419709
591,-2147419616
593,-1073677711
595,-1073677641
597,-2147419405
599,-2147419354
601,-2147419313
603,-1073677453
605,-1073677422
607,64426
609,64441
611,-2147420660
613,62951
615,-2147420725
617,1073804733
619,-2147420734
621,1073804758
623,-2147420687
625,63003
627,-2147420587
629,1073804967
631,-2147420396
633,63374
635,63501
637,63631
639,1073805578
641,1073805689
643,-1073677857
645,64062
647,64140
649,64208
651,64269
653,-2147419333
655,1073806180
657,-1073677434
659,-2147419232
661,-1073677388
663,-2147419200
665,-1073678839
667,-2147420699
669,-1073678906
671,1073804730
673,1073804735
675,-2147420717
677,1073804790
679,-2147420640
681,-2147420580
683,63156
685,63267
687,-2147420255
689,-1073678301
691,-1073678171
693,-1073678046
695,63890
697,63990
699,1073805903
701,-2147419494
703,-2147419430
705,-1073677547
707,-1073677497
709,64367
711,-2147419248
713,64427
715,63049
717,-2147420645
719,-1073678860
721,-1073678892
723,-1073678916
725,-2147420749
727,-1073678915
729,1073804756
731,62966
733,1073804839
735,1073804904
737,-1073678658
739,63280
741,1073805232
743,1073805364
745,63669
747,63791
749,1073805726
751,64000
753,-1073677737
755,64162
757,-1073677600
759,1073806106
761,64329
763,1073806192
765,64400
767,-1073677399
769,-1073678782
771,-2147420647
773,-2147420689
775,-2147420725
777,62899
779,-1073678928
781,-2147420736
783,62937
785,1073804793
787,-2147420632
789,-2147420558
791,-2147420458
793,-2147420339
795,-2147420211
797,-2147420081
799,-2147419954
801,-2147419837
803,-2147419730
805,-1073677809
807,64101
809,-1073677649
811,-2147419404
813,-1073677521
815,1073806172
817,-2147420443
819,63141
821,63091
823,-2147420601
825,-2147420642
827,1073804788
829,62928
831,-1073678916
833,62908
835,62923
837,1073804774
839,-2147420662
841,63038
843,1073804937
845,1073805040
847,1073805166
849,-2147420176
851,1073805426
853,-1073678095
855,-1073677979
857,1073805772
859,-1073677781
861,1073805954
863,64201
865,1073806089
867,64321
869,-1073677463
871,63187
873,63124
875,63074
877,-1073678796
879,-1073678840
881,1073804768
883,1073804734
885,-2147420755
887,-2147420748
889,1073804745
891,1073804774
893,-1073678836
895,1073804867
897,63124
899,63230
901,-2147420295
903,1073805309
905,-2147420033
907,1073805562
909,1073805677
911,63958
913,1073805876
915,1073805958
917,-2147419444
919,1073806089
921,1073806140
923,1073805081
925,1073805001
927,63119
929,-2147420576
931,1073804856
933,-1073678835
935,1073804771
937,62916
939,62903
941,-2147420740
943,62928
945,-1073678867
947,-1073678825
949,1073804885
951,63149
953,-2147420387
955,-2147420261
957,-2147420130
959,63650
961,-2147419875
963,-2147419762
965,-2147419660
967,1073805903
969,-1073677668
971,-2147419425
973,-2147419365
975,1073805151
977,-1073678586
979,-2147420484
981,63100
983,1073804875
985,63011
987,62970
989,-1073678894
991,-2147420748
993,1073804712
995,-1073678927
997,-1073678900
999,-2147420689
1001,-2147420646
1003,1073804892
1005,63162
1007,-2147420372
1009,1073805225
1011,-2147420119
1013,63658
1015,1073805604
1017,-1073677934
1019,63989
1021,1073805901
1023,64154
1025,1073805330
1027,-2147420241
1029,-2147420338
1031,63218
1033,1073804968
1035,1073804911
1037,1073804865
1039,1073804826
1041,-1073678867
1043,1073804740
1045,-2147420756
1047,-1073678935
1049,1073804727
1051,-1073678896
1053,62963
1055,-2147420641
1057,1073804901
1059,-2147420475
1061,63291
1063,-1073678405
1065,1073805373
1067,63678
1069,1073805626
1071,63912
1073,-1073677966
1075,-1073678106
1077,63600
1079,63496
1081,1073805220
1083,-2147420348
1085,63214
1087,-1073678682
1089,-2147420563
1091,-1073678784
1093,-2147420647
1095,-2147420686
1097,-1073678897
1099,-2147420743
1101,1073804727
1103,1073804743
1105,62944
1107,1073804803
1109,-1073678792
1111,-1073678716
1113,1073805031
1115,1073805149
1117,1073805278
1119,1073806148
1121,-2147419414
1123,64118
1125,63980
1127,63831
1129,-1073678131
1131,-2147420068
1133,-2147420171
1135,1073805200
1137,-2147420370
1139,63195
1141,1073804954
1143,1073804905
1145,-2147420607
1147,1073804822
1149,-2147420695
1151,1073804740
1153,-2147420751
1155,62903
1157,62924
1159,62950
1161,1073804809
1163,1073804866
1165,1073804947
1167,-2147420420
1169,-1073677406
1171,64375
1173,-1073677521
1175,1073806031
1177,64084
1179,-2147419708
1181,1073805621
1183,63668
1185,1073805381
1187,1073805275
1189,1073805171
1191,63252
1193,-2147420477
1195,-1073678714
1197,63062
1199,-2147420629
1201,-2147420672
1203,62938
1205,-2147420740
1207,1073804714
1209,62895
1211,1073804740
1213,-2147420704
1215,-2147420662
1217,63047
1219,-2147419189
1221,64444
1223,1073806237
1225,1073806188
1227,-2147419356
1229,-2147419457
1231,64062
1233,63916
1235,-1073678052
1237,63647
1239,63537
1241,-2147420213
1243,-2147420313
1245,63244
1247,-2147420479
1249,-1073678714
1251,-1073678762
1253,1073804842
1255,-1073678852
1257,1073804756
1259,62904
1261,1073804719
1263,1073804733
1265,62935
1267,-2147420686
1269,-1073677368
1271,-1073677356
1273,1073806286
1275,64440
1277,-1073677419
1279,64353
1281,1073806100
1283,64172
1285,-2147419608
1287,63892
1289,63747
1291,1073805449
1293,-1073678306
1295,63416
1297,63317
1299,1073805052
1301,1073804979
1303,63097
1305,-2147420596
1307,-2147420637
1309,1073804792
1311,-2147420718
1313,1073804730
1315,1073804723
1317,-2147420739
1319,-2147419238
1321,-2147419208
1323,64460
1325,-2147419182
1327,1073806280
1329,-1073677392
1331,-1073677425
1333,1073806168
1335,-2147419389
1337,64148
1339,1073805835
1341,63862
1343,63721
1345,63604
1347,-2147420146
1349,-1073678423
1351,63301
1353,1073805036
1355,1073804965
1357,-2147420563
1359,1073804867
1361,-1073678823
1363,1073804780
1365,62921
1367,-2147419353
1369,1073806166
1371,-1073677443
1373,64413
1375,1073806261
1377,-2147419192
1379,64465
1381,1073806278
1383,64427
1385,-1073677438
1387,-2147419324
1389,1073806058
1391,-1073677707
1393,1073805802
1395,-1073677996
1397,1073805515
1399,-1073678250
1401,-1073678353
1403,-2147420275
1405,-2147420370
1407,1073805016
1409,-1073678698
1411,-1073678747
1413,-1073677789
1415,-2147419530
1417,-1073677633
1419,64254
1421,1073806130
1423,-1073677473
1425,64389
1427,-1073677405
1429,1073806268
1431,-1073677364
1433,-2147419186
1435,-2147419200
1437,64420
1439,-1073677448
1441,-1073677513
1443,-2147419432
1445,-2147419556
1447,-2147419701
1449,-2147419851
1451,-1073678158
1453,63557
1455,-1073678370
1457,-2147420294
1459,1073805438
1461,-1073678085
1463,63856
1465,-1073677862
1467,-1073677768
1469,-2147419513
1471,-1073677621
1473,-1073677556
1475,-2147419323
1477,-2147419278
1479,-1073677419
1481,1073806256
1483,64453
1485,-1073677361
1487,-1073677363
1489,1073806270
1491,1073806242
1493,-1073677454
1495,-2147419352
1497,-2147419452
1499,-2147419579
1501,-1073677903
1503,-1073678052
1505,-2147420494
1507,-2147420379
1509,-1073678428
1511,63525
1513,1073805475
1515,-2147419874
1517,63889
1519,1073805817
1521,64084
1523,-2147419489
1525,-2147419423
1527,-2147419361
1529,-2147419309
1531,1073806205
1533,64416
1535,64442
1537,-2147419186
1539,-1073677352
1541,-2147419182
1543,-2147419203
1545,-1073677413
1547,-1073677467
1549,64281
1551,-2147419471
1553,-1073678863
1555,-2147420644
1557,1073804894
1559,63165
1561,1073805103
1563,63403
1565,1073805353
1567,63659
1569,-2147419865
1571,-2147419756
1573,-2147419659
1575,-1073677748
1577,64153
1579,-2147419427
1581,64283
1583,-2147419316
1585,-2147419277
1587,-2147419244
1589,-2147419221
1591,1073806267
1593,-2147419198
1595,64442
1597,1073806243
1599,-2147419267
1601,62902
1603,1073804735
1605,1073804757
1607,1073804791
1609,1073804839
1611,-1073678737
1613,63187
1615,-2147420345
1617,-1073678393
1619,1073805387
1621,-2147419956
1623,-1073678012
1625,-1073677904
1627,64019
1629,-1073677720
1631,64178
1633,64243
1635,-1073677522
1637,64350
1639,64389
1641,-1073677404
1643,-1073677380
1645,1073806288
1647,-2147419179
1649,-2147420706
1651,62906
1653,1073804706
1655,62881
1657,1073804720
1659,62922
1661,-2147420686
1663,-1073678809
1665,1073804912
1667,1073805014
1669,63314
1671,-2147420206
1673,-2147420076
1675,-1073678124
1677,1073805642
1679,-1073677903
1681,-2147419632
1683,-2147419548
1685,-1073677653
1687,-1073677588
1689,1073806117
1691,-1073677487
1693,-1073677451
1695,1073806229
1697,63091
1699,-1073678782
1701,-2147420651
1703,-2147420687
1705,-1073678890
1707,62918
1709,1073804741
1711,1073804759
1713,1073804784
1715,-2147420653
1717,63052
1719,63131
1721,-2147420413
1723,63359
1725,-1073678335
1727,-2147420026
1729,-1073678074
1731,63866
1733,63966
1735,64055
1737,64135
1739,-1073677621
1741,64265
1743,-1073677509
1745,-1073677468
1747,-1073678637
1749,-2147420521
1751,1073804904
1753,1073804861
1755,62994
1757,62956
1759,-1073678899
1761,-2147420739
1763,1073804741
1765,-1073678887
1767,-2147420681
1769,-2147420636
1771,1073804896
1773,-2147420491
1775,1073805092
1777,-1073678432
1779,63523
1781,1073805478
1783,-1073678042
1785,-2147419750
1787,-1073677826
1789,-2147419561
1791,-2147419484
1793,-2147420128
1795,-2147420226
1797,-2147420323
1799,-1073678592
1801,-2147420491
1803,-2147420553
1805,63048
1807,-1073678814
1809,1073804795
1811,1073804756
1813,-2147420744
1815,-1073678932
1817,-2147420746
1819,1073804751
1821,1073804784
1823,-2147420646
1825,-2147420584
1827,1073804981
1829,-1073678553
1831,1073805222
1833,-1073678295
1835,1073805486
1837,1073805978
1839,64017
1841,63869
1843,63728
1845,63608
1847,63502
1849,-2147420251
1851,63297
1853,-1073678617
1855,-1073678687
1857,-2147420567
1859,1073804859
1861,62992
1863,-2147420699
1865,62915
1867,62893
1869,-1073678935
1871,-1073678924
1873,62925
1875,-2147420687
1877,-1073678817
1879,63076
1881,63175
1883,1073805117
1885,63421
1887,-1073678271
1889,1073805509
1891,1073805959
1893,1073805819
1895,63845
1897,-2147419943
1899,63588
1901,-1073678340
1903,1073805207
1905,1073805106
1907,1073805019
1909,-1073678695
1911,-1073678746
1913,-2147420615
1915,1073804814
1917,1073804773
1919,-1073678909
1921,-1073678932
1923,1073804712
1925,-2147420743
1927,1073804757
1929,-2147420679
1931,63021
1933,63096
1935,-2147420451
1937,1073805141
1939,64376
1941,-1073677513
1943,64221
1945,-1073677721
1947,63964
1949,1073805639
1951,-1073678146
1953,-2147420082
1955,63462
1957,-1073678466
1959,-2147420387
1961,-2147420473
1963,63108
1965,-1073678768
1967,63012
1969,-1073678855
1971,62931
1973,-2147420749
1975,-1073678940
1977,-2147420761
1979,-2147420745
1981,-1073678895
1983,-2147420681
1985,-1073678803
1987,64470
1989,-1073677370
1991,-2147419223
1993,-1073677445
1995,-1073677513
1997,-1073677607
1999,-2147419553
1,64446
3,-2147419182
5,1073806296
7,64462
9,1073806263
11,1073806227
13,64350
15,1073806097
17,64164
19,-2147419621
21,-2147419771
23,-2147419913
25,-1073678209
27,-2147420139
29,-1073678417
31,63309
33,63220
35,-1073678675
37,-1073678729
39,-1073678774
41,-1073678817
43,-2147419472
45,-1073677585
47,64298
49,-1073677478
51,-2147419264
53,-1073677407
55,64445
57,-1073677362
59,1073806291
61,-2147419190
63,-2147419211
65,64399
67,-2147419312
69,1073806072
71,-1073677690
73,-2147419650
75,63850
77,-1073678113
79,-2147420056
81,63487
83,63387
85,1073805112
87,-2147420448
89,-1073678691
91,63081
93,1073804860
95,-1073678828
97,-2147420695
99,-1073677574
101,64310
103,-1073677468
105,-2147419254
107,-2147419223
109,1073806274
111,1073806290
113,64469
115,-2147419191
117,-1073677394
119,1073806210
121,-1073677506
123,1073806051
125,64110
127,-2147419676
129,63823
131,-2147419965
133,-1073678256
135,1073805290
137,-1073678458
139,-1073678552
141,-1073678635
143,-2147420526
145,63070
147,63026
149,-2147420664
151,64206
153,-1073677553
155,-1073677499
157,64368
159,-1073677419
161,-2147419212
163,64459
165,-1073677356
167,-1073677359
169,-1073677374
171,-1073677403
173,-2147419271
175,64310
177,-1073677612
179,-2147419559
181,1073805768
183,63794
185,1073805488
187,63555
189,-2147420197
191,-1073678476
193,1073805077
195,1073804997
197,1073804936
199,1073804889
201,1073805890
203,-1073677682
205,-2147419438
207,64272
209,1073806151
211,-1073677453
213,1073806231
215,64436
217,-2147419193
219,64467
221,-2147419184
223,-2147419203
225,-1073677410
227,64367
229,64288
231,64181
233,1073805877
235,-1073677915
237,-2147419884
239,1073805459
241,-2147420125
243,-1073678404
245,-2147420324
247,-2147420412
249,-2147420487
251,-1073678723
253,1073805814
255,-1073677748
257,64155
259,1073806049
261,-1073677537
263,-1073677485
265,-2147419266
267,1073806241
269,-1073677382
271,-2147419187
273,64470
275,-1073677363
277,64439
279,64404
281,-1073677476
283,1073806092
285,64163
287,1073805856
289,1073805704
291,-1073678091
293,1073805439
295,-1073678311
297,1073805238
299,1073805135
301,63215
303,63140
305,-1073677913
307,1073805830
309,-1073677734
311,-1073677659
313,-2147419414
315,-2147419351
317,1073806171
319,64386
321,-2147419232
323,-1073677385
325,-2147419190
327,-1073677358
329,1073806282
331,1073806256
333,-2147419257
335,1073806156
337,-1073677578
339,-2147419515
341,63997
343,1073805675
345,-2147419933
347,1073805420
349,1073805311
351,-1073678442
353,1073805392
355,-2147419951
357,1073805640
359,-2147419724
361,64024
363,64108
365,-2147419469
367,64243
369,64300
371,1073806173
373,64390
375,64422
377,-1073677379
379,-2147419188
381,1073806286
383,1073806275
385,1073806252
387,64386
389,-1073677505
391,1073806051
393,-1073677717
395,-2147419680
397,-1073678003
399,1073805511
401,-1073678253
403,-2147420182
405,-1073678367
407,1073805413
409,-1073678108
411,-1073677991
413,1073805763
415,-2147419615
417,-2147419531
419,1073806014
421,1073806079
423,1073806136
425,-2147419292
427,1073806215
429,-1073677404
431,-2147419203
433,-1073677366
435,1073806279
437,1073806264
439,-2147419236
441,-2147419280
443,64303
445,64207
447,-1073677745
449,-1073677894
451,-2147419866
453,-1073678168
455,1073805055
457,1073805179
459,-2147420164
461,-1073678210
463,-1073678079
465,1073805689
467,1073805791
469,64056
471,-1073677691
473,-2147419447
475,-1073677559
477,-1073677502
479,-1073677458
481,-2147419247
483,-2147419219
485,-2147419199
487,-1073677366
489,1073806281
491,-2147419207
493,-1073677414
495,64361
497,64286
499,-2147419466
501,-2147419593
503,-2147420657
505,63054
507,63145
509,-1073678567
511,-2147420266
513,63514
515,-1073678179
517,-1073678052
519,1073805709
521,63984
523,64072
525,1073805975
527,64223
529,1073806108
531,-1073677491
533,-1073677453
535,64406
537,-1073677388
539,1073806282
541,64469
543,1073806283
545,64434
547,1073806225
549,-2147419300
551,64270
553,1073805987
555,-2147419622
557,1073804827
559,-1073678753
561,-1073678657
563,63285
565,63411
567,1073805364
569,-1073678156
571,-2147419855
573,-1073677919
575,-2147419646
577,1073805913
579,1073805989
581,1073806056
583,-1073677533
585,-2147419307
587,-2147419269
589,64411
591,-1073677385
593,-1073677365
595,64465
597,64456
599,1073806256
601,-1073677432
603,-2147419314
605,1073806074
607,-2147419511
609,1073804785
611,-2147420642
613,-2147420568
615,63181
617,-1073678524
619,-1073678394
621,63562
623,-2147419957
625,63813
627,-2147419726
629,-1073677805
631,64102
633,-2147419473
635,-2147419407
637,-1073677525
639,-1073677477
641,-1073677439
643,-2147419231
645,64444
647,64462
649,-1073677360
651,-2147419197
653,1073806249
655,1073806206
657,-1073677506
659,1073804738
661,-1073678885
663,1073804799
665,63027
667,63105
669,-1073678615
671,-2147420316
673,1073805288
675,-2147420052
677,-1073678102
679,-1073677986
681,63944
683,1073805864
685,64124
687,-1073677631
689,1073806078
691,1073806133
693,-2147419291
695,64397
697,-2147419220
699,-1073677374
701,-2147419186
703,1073806285
705,64445
707,-1073677406
709,64376
711,62901
713,-2147420729
715,62946
717,-1073678842
719,63042
721,63128
723,63235
725,1073805181
727,-2147420162
729,63617
731,-1073678079
733,-1073677960
735,1073805794
737,-1073677763
739,-1073677684
741,64212
743,64273
745,-1073677499
747,64370
749,1073806229
751,1073806259
753,-2147419190
755,64472
757,1073806293
759,1073806273
761,-2147419231
763,1073806193
765,-1073678923
767,62924
769,-1073678872
771,-1073678833
773,63055
775,-2147420504
777,1073805080
779,-2147420265
781,63515
783,63643
785,-1073678058
787,-1073677941
789,1073805812
791,1073805904
793,-2147419491
795,-2147419423
797,1073806109
799,1073806158
801,-2147419271
803,-1073677413
805,1073806263
807,64461
809,1073806293
811,-2147419187
813,-1073677382
815,-1073677414
817,-1073678928
819,-2147420741
821,62928
823,-2147420691
825,-1073678825
827,1073804892
829,-1073678660
831,-2147420369
833,63404
835,-1073678291
837,-1073678160
839,1073805614
841,-1073677921
843,1073805829
845,-2147419555
847,-1073677657
849,-2147419415
851,-2147419358
853,64337
855,1073806200
857,-1073677415
859,64438
861,-2147419188
863,-1073677356
865,62964
867,62925
869,1073804725
871,1073804721
873,62910
875,62935
877,1073804792
879,63015
881,-1073678737
883,1073805011
885,63307
887,-1073678390
889,1073805389
891,1073805518
893,-2147419835
895,-1073677901
897,-1073677802
899,-2147419541
901,-2147419470
903,64241
905,-2147419350
907,1073806171
909,1073806212
911,-1073677402
913,64449
915,-1073677359
917,-2147419179
919,62954
921,-2147420732
923,-2147420753
925,-1073678929
927,1073804737
929,-2147420709
931,-1073678848
933,1073804851
935,-2147420544
937,63211
939,63334
941,-2147420185
943,63593
945,1073805543
947,1073805661
949,63943
951,-1073677784
953,-1073677699
955,1073806021
957,1073806084
959,64314
961,1073806184
963,-1073677428
965,64426
967,64451
969,-2147419183
971,1073804802
973,1073804763
975,-2147420741
977,1073804713
979,-1073678932
981,62911
983,62939
985,-1073678846
987,1073804862
989,-2147420528
991,-2147420424
993,-1073678474
995,1073805306
997,-2147420037
999,63737
1001,1073805676
1003,-2147419690
1005,64056
1007,-2147419509
1009,64209
1011,-1073677556
1013,64320
1015,-2147419285
1017,64400
1019,-2147419218
1021,64452
1023,63016
1025,-2147420674
1027,-1073678886
1029,62911
1031,62896
1033,1073804724
1035,-2147420730
1037,-1073678877
1039,1073804814
1041,-1073678773
1043,-2147420509
1045,-2147420397
1047,-1073678447
1049,-2147420140
1051,1073805464
1053,-1073678057
1055,1073805705
1057,-1073677845
1059,-1073677755
1061,-2147419500
1063,-2147419431
1065,-2147419369
1067,64332
1069,-1073678591
1071,1073804979
1073,-1073678730
1075,1073804874
1077,63011
1079,1073804792
1081,-1073678896
1083,-1073678926
1085,62886
1087,-1073678929
1089,1073804747
1091,1073804779
1093,62995
1095,1073804885
1097,63155
1099,1073805096
1101,-1073678420
1103,-2147420110
1105,63667
1107,-2147419856
1109,63905
1111,64000
1113,-1073677739
1115,1073805986
1117,-2147419420
1119,-2147420233
1121,63316
1123,63227
1125,-1073678672
1127,-1073678731
1129,63047
1131,-1073678819
1133,1073804788
1135,-2147420722
1137,1073804728
1139,62901
1141,-1073678911
1143,1073804764
1145,-2147420675
1147,63018
1149,-2147420559
1151,-1073678639
1153,1073805129
1155,-2147420214
1157,63563
1159,63692
1161,1073805636
1163,1073805747
1165,1073805850
1167,64114
1169,1073805426
1171,1073805319
1173,1073805217
1175,-2147420352
1177,1073805033
1179,63135
1181,-2147420569
1183,1073804863
1185,-1073678824
1187,-1073678862
1189,-2147420720
1191,-1073678920
1193,-2147420748
1195,-2147420733
1197,1073804767
1199,-2147420670
1201,1073804852
1203,-2147420544
1205,1073805030
1207,1073805152
1209,63460
1211,-2147420057
1213,-1073678105
1215,-1073677704
1217,-1073677844
1219,63830
1221,63692
1223,63575
1225,-1073678357
1227,1073805191
1229,1073805095
1231,-2147420461
1233,1073804947
1235,-2147420576
1237,-2147420619
1239,62987
1241,-2147420700
1243,-1073678909
1245,1073804719
1247,1073804722
1249,-2147420732
1251,-2147420707
1253,-1073678847
1255,-1073678793
1257,-1073678711
1259,-2147420425
1261,-1073677404
1263,-1073677449
1265,-1073677516
1267,64212
1269,64086
1271,63941
1273,-2147419857
1275,-1073678163
1277,1073805380
1279,63452
1281,63347
1283,-2147420399
1285,63169
1287,-1073678715
1289,-2147420584
1291,63021
1293,1073804798
1295,1073804756
1297,-2147420746
1299,-1073678934
1301,-1073678928
1303,1073804739
1305,62944
1307,1073804808
1309,1073804870
1311,64467
1313,1073806274
1315,64420
1317,-2147419279
1319,64298
1321,-1073677625
1323,-1073677753
1325,-2147419727
1327,-2147419877
1329,-1073678183
1331,1073805354
1333,-2147420220
1335,-1073678493
1337,63243
1339,-2147420479
1341,-1073678715
1343,-1073678764
1345,63017
1347,1073804797
1349,1073804756
1351,-2147420746
1353,-2147420753
1355,-1073678918
1357,-2147419231
1359,-1073677381
1361,-1073677362
1363,-1073677354
1365,-1073677360
1367,64447
1369,64415
1371,-2147419286
1373,1073806108
1375,-2147419470
1377,-2147419603
1379,1073805720
1381,1073805575
1383,1073805450
1385,63519
1387,-2147420229
1389,-1073678503
1391,-1073678596
1393,63152
1395,63093
1397,-1073678776
1399,-1073678814
1401,1073804797
1403,-2147420714
1405,-2147419369
1407,1073806152
1409,1073806195
1411,-1073677417
1413,-2147419212
1415,-2147419194
1417,-2147419189
1419,-2147419199
1421,-1073677399
1423,1073806214
1425,1073806157
1427,1073806072
1429,-2147419514
1431,-2147419650
1433,1073805677
1435,1073805539
1437,-2147420055
1439,1073805308
1441,-1073678446
1443,-2147420368
1445,1073805021
1447,-2147420519
1449,-1073677911
1451,-2147419633
1453,64101
1455,-2147419474
1457,1073806064
1459,-2147419351
1461,-2147419305
1463,1073806207
1465,-2147419232
1467,-1073677382
1469,-2147419187
1471,-1073677359
1473,-1073677373
1475,-1073677401
1477,-1073677442
1479,64323
1481,64236
1483,1073805940
1485,-1073677853
1487,-1073678006
1489,-1073678140
1491,-1073678250
1493,-1073678350
1495,1073805283
1497,1073805414
1499,-2147419928
1501,63838
1503,63943
1505,64041
1507,-1073677700
1509,64196
1511,-1073677562
1513,1073806143
1515,-1073677461
1517,-1073677423
1519,-2147419216
1521,1073806279
1523,-2147419178
1525,1073806295
1527,-1073677370
1529,-2147419222
1531,-2147419264
1533,-1073677508
1535,1073806047
1537,-1073677723
1539,-2147419692
1541,-1073678805
1543,63103
1545,63213
1547,-2147420310
1549,63466
1551,63595
1553,63722
1555,1073805664
1557,63946
1559,64041
1561,-1073677700
1563,1073806016
1565,64251
1567,1073806128
1569,64350
1571,64389
1573,1073806247
1575,1073806272
1577,-2147419190
1579,-2147419193
1581,-2147419210
1583,-1073677418
1585,-2147419290
1587,-1073677539
1589,-2147419465
1591,-2147419593
1593,-2147420655
1595,63054
1597,63139
1599,-2147420396
1601,1073805204
1603,-2147420137
1605,-1073678182
1607,63767
1609,1073805704
1611,-2147419665
1613,-2147419573
1615,-1073677672
1617,1073806043
1619,-1073677545
1621,64331
1623,1073806198
1625,64411
1627,64440
1629,1073806285
1631,1073806295
1633,64466
1635,1073806268
1637,-1073677415
1639,-1073677465
1641,-1073678910
1643,-1073678886
1645,-1073678855
1647,1073804835
1649,-2147420571
1651,-1073678653
1653,-2147420361
1655,-1073678410
1657,-1073678281
1659,63671
1661,-2147419851
1663,1073805738
1665,-1073677808
1667,-1073677721
1669,64176
1671,1073806063
1673,-1073677527
1675,-2147419298
1677,64395
1679,-1073677395
1681,1073806279
1683,64472
1685,64479
1687,-1073677353
1689,62918
1691,1073804715
1693,-2147420765
1695,-2147420753
1697,62923
1699,-1073678867
1701,1073804828
1703,63074
1705,1073804994
1707,1073805113
1709,-2147420230
1711,1073805372
1713,1073805500
1715,1073805623
1717,1073805734
1719,-2147419639
1721,64098
1723,64173
1725,1073806062
1727,-2147419353
1729,-2147419306
1731,-1073677443
1733,-2147419235
1735,-2147419210
1737,-2147420613
1739,1073804816
1741,1073804774
1743,62916
1745,-1073678929
1747,62893
1749,1073804733
1751,-2147420711
1753,1073804796
1755,-2147420627
1757,1073804924
1759,-2147420447
1761,-1073678505
1763,-2147420199
1765,-2147420067
1767,1073805535
1769,1073805656
1771,-2147419708
1773,1073805861
1775,-2147419527
1777,1073806018
1779,-2147419391
1781,-2147419336
1783,-1073678540
1785,-1073678628
1787,1073804952
1789,63080
1791,1073804866
1793,-2147420648
1795,62958
1797,-1073678902
1799,62903
1801,-1073678919
1803,-1073678899
1805,-1073678871
1807,1073804813
1809,63044
1811,-2147420522
1813,63233
1815,-1073678467
1817,63492
1819,-1073678199
1821,-1073678075
1823,-2147419784
1825,-2147419678
1827,-1073677760
1829,-1073677679
1831,-1073678275
1833,1073805268
1835,1073805168
1837,-2147420398
1839,-2147420477
1841,-2147420540
1843,-1073678768
1845,63014
1847,-1073678852
1849,1073804756
1851,1073804725
1853,62887
1855,-2147420758
1857,-1073678915
1859,1073804764
1861,-1073678843
1863,-1073678780
1865,63131
1867,1073805064
1869,63370
1871,63502
1873,63631
1875,-1073678068
1877,-2147419777
1879,-2147419723
1881,63781
1883,1073805481
1885,1073805371
1887,1073805267
1889,-1073678483
1891,-1073678579
1893,-2147420483
1895,63107
1897,-1073678762
1899,-1073678804
1901,-2147420669
1903,62940
1905,62911
1907,62900
1909,-2147420740
1911,1073804758
1913,62968
1915,-2147420639
1917,63074
1919,63166
1921,-1073678546
1923,1073805232
1925,-2147420106
1927,63675
1929,-2147419466
1931,64051
1933,-2147419747
1935,63754
1937,-2147420017
1939,1073805352
1941,-2147420223
1943,-2147420327
1945,-2147420421
1947,-2147420495
1949,-1073678726
1951,63056
1953,1073804836
1955,62966
1957,1073804753
1959,-1073678917
1961,62903
1963,62915
1965,1073804760
1967,1073804791
1969,63013
1971,63084
1973,-2147420466
1975,63301
1977,1073805255
1979,64339
1981,-1073677570
1983,1073805967
1985,-2147419644
1987,63854
1989,-2147419932
1991,-1073678227
1993,-1073678335
1995,63387
1997,63289
1999,1073805026
1,1073806029
3,64080
5,-1073677889
7,-1073678036
9,63659
11,-2147420098
13,1073805269
15,63345
17,-1073678572
19,-2147420478
21,1073804932
23,-2147420587
25,63018
27,62974
29,-2147420715
31,1073804726
33,1073804712
35,-1073678930
37,64413
39,-2147419206
41,1073806288
43,64476
45,64472
47,-2147419194
49,-2147419224
51,-1073677451
53,-2147419351
55,-2147419458
57,1073805882
59,-1073677913
61,1073805595
63,-2147420000
65,63537
67,-1073678393
69,63332
71,-2147420407
73,-2147420480
75,-2147420540
77,-2147420591
79,1073804835
81,-2147420681
83,-1073678896
85,62903
87,-1073678930
89,-2147420746
91,64415
93,-2147419204
95,-2147419181
97,-2147419169
99,-2147419175
101,-1073677374
103,-2147419235
105,-2147419293
107,64275
109,-2147419481
111,-2147419616
113,-2147419765
115,-2147419907
117,-2147420032
119,1073805331
121,-2147420239
123,-2147420335
125,-2147420422
127,-1073678672
129,-2147420557
131,-2147420605
133,63003
135,-1073678863
137,-1073678904
139,-1073678930
141,-2147419312
143,64380
145,1073806242
147,1073806271
149,-2147419183
151,64470
153,-1073677366
155,-2147419214
157,-1073677428
159,1073806161
161,1073806075
163,64136
165,-1073677827
167,-2147419798
169,63713
171,-1073678232
173,-2147420162
175,-1073678437
177,1073805115
179,1073805030
181,1073804962
183,-2147420567
185,63033
187,-1073678835
189,62947
191,1073806069
193,-2147419346
195,64351
197,1073806217
199,1073806253
201,-2147419193
203,1073806294
205,1073806296
207,-1073677365
209,1073806257
211,1073806215
213,-1073677498
215,64236
217,64114
219,-2147419676
221,-2147419820
223,1073805520
225,-2147420068
227,-1073678351
229,-2147420278
231,-1073678552
233,-1073678633
235,-2147420519
237,-1073678747
239,63032
241,64127
243,-2147419447
245,-1073677561
247,64315
249,64357
251,-2147419255
253,64430
255,1073806282
257,-2147419176
259,-2147419177
261,1073806279
263,64428
265,1073806210
267,-1073677507
269,-2147419429
271,64094
273,1073805771
275,63801
277,-2147419975
279,-2147420085
281,63457
283,1073805177
285,-1073678567
287,1073805001
289,1073804943
291,-1073678755
293,1073804846
295,-2147419513
297,-1073677615
299,-2147419372
301,-2147419317
303,-1073677453
305,64405
307,-1073677388
309,1073806287
311,-2147419169
313,1073806300
315,64456
317,1073806245
319,1073806193
321,1073806120
323,1073806020
325,-2147419581
327,1073805745
329,-2147419873
331,-1073678178
333,-1073678288
335,-2147420210
337,-1073678484
339,63246
341,-2147420481
343,1073805704
345,-2147419666
347,1073805896
349,64149
351,-1073677606
353,-2147419367
355,1073806154
357,-2147419279
359,-2147419244
361,-1073677389
363,1073806284
365,1073806295
367,-2147419183
369,-2147419203
371,-2147419236
373,1073806182
375,64277
377,-1073677655
379,-2147419613
381,-2147419767
383,-1073678087
385,63620
387,1073805338
389,63412
391,1073805135
393,1073805485
395,63784
397,-1073677928
399,1073805821
401,64086
403,-1073677662
405,64230
407,64292
409,-1073677480
411,1073806210
413,1073806245
415,1073806273
417,-2147419181
419,-1073677351
421,64465
423,-2147419208
425,64404
427,-2147419301
429,-1073677563
431,1073805973
433,-2147419635
435,1073805690
437,63727
439,63607
441,-2147420147
443,1073805224
445,-2147420347
447,-1073678133
449,-2147419839
451,-1073677908
453,-1073677810
455,-2147419548
457,64177
459,64245
461,1073806128
463,1073806176
465,1073806215
467,-1073677402
469,-1073677377
471,64467
473,64470
475,1073806280
477,-1073677394
479,64392
481,-1073677494
483,1073806066
485,64123
487,63982
489,63831
491,-2147419957
493,1073805398
495,63471
497,63372
499,-1073678552
501,-2147419934
503,1073805658
505,-2147419704
507,1073805864
509,64120
511,1073806016
513,64256
515,64312
517,-1073677464
519,-2147419249
521,-1073677394
523,-2147419192
525,-1073677352
527,-1073677352
529,64458
531,64430
533,-2147419263
535,-1073677508
537,1073806044
539,-1073677729
541,-2147419697
543,1073805627
545,63671
547,-2147420087
549,-2147420189
551,63358
553,-1073678211
555,63738
557,63854
559,1073805780
561,1073805872
563,1073805953
565,1073806024
567,-2147419382
569,-1073677501
571,-1073677455
573,-2147419242
575,-1073677387
577,64461
579,-1073677351
581,1073806294
583,-2147419196
585,-1073677404
587,-1073677455
589,64297
591,64197
593,-1073677755
595,63924
597,63778
599,-2147419999
601,-2147420111
603,-1073678386
605,63507
607,1073805458
609,-2147419890
611,1073805696
613,-1073677850
615,-1073677758
617,-2147419503
619,-1073677610
621,1073806102
623,-2147419317
625,1073806198
627,-1073677415
629,64440
631,-1073677362
633,1073806296
635,64466
637,1073806270
639,1073806237
641,64361
643,-2147419364
645,1073806000
647,-2147419608
649,63891
651,63747
653,63624
655,63517
657,-1073678409
659,-2147420118
661,63659
663,-1073678043
665,-1073677931
667,-2147419657
669,-2147419571
671,-1073677670
673,-2147419424
675,64289
677,64342
679,1073806206
681,-1073677410
683,64443
685,64465
687,64473
689,-2147419183
691,1073806267
693,-1073677421
695,-1073677479
697,64263
699,-2147419500
701,-1073677814
703,-2147419784
705,-2147419925
707,-1073678223
709,-2147420345
711,1073805256
713,-1073678261
715,1073805516
717,1073805635
719,63919
721,1073805841
723,64104
725,-2147419472
727,-1073677582
729,64303
731,-1073677472
733,1073806219
735,-1073677396
737,1073806277
739,-1073677353
741,1073806301
743,-2147419183
745,-2147419208
747,64400
749,1073806159
751,64244
753,-2147419522
755,63988
757,1073805666
759,-1073678121
761,63201
763,-1073678502
765,1073805275
767,1073805406
769,-2147419938
771,-1073677998
773,63934
775,-1073677792
777,-1073677707
779,-2147419459
781,-2147419394
783,64312
785,1073806184
787,64399
789,64429
791,64452
793,64467
795,-2147419179
797,-1073677367
799,-1073677393
801,1073806211
803,1073806145
805,-1073677598
807,-1073677723
809,1073805780
811,63807
813,-1073678150
815,-1073678596
817,-1073678471
819,-2147420162
821,-2147420031
823,-2147419905
825,-1073677966
827,-2147419688
829,-2147419594
831,64140
833,-1073677613
835,-2147419374
837,-1073677495
839,1073806198
841,64411
843,1073806266
845,-2147419181
847,-1073677344
849,1073806301
851,64460
853,-2147419218
855,-2147419267
857,-1073677515
859,1073806033
861,1073805902
863,1073804813
865,1073804875
867,-1073678686
869,1073805070
871,1073805195
873,-1073678319
875,-2147420012
877,-2147419888
879,-1073677950
881,-2147419672
883,64069
885,-1073677674
887,1073806045
889,-2147419365
891,1073806158
893,-2147419273
895,-1073677413
897,64442
899,64465
901,64477
903,64470
905,1073806272
907,-1073677408
909,64366
911,-1073677535
913,-1073677642
915,-1073678872
917,-1073678830
919,63059
921,1073804977
923,63271
925,63399
927,-2147420121
929,1073805479
931,63780
933,-1073677931
935,1073805819
937,-1073677740
939,64160
941,1073806048
943,-2147419364
945,-1073677488
947,-1073677446
949,1073806240
951,-2147419202
953,1073806290
955,-2147419175
957,-2147419185
959,-1073677383
961,-2147419243
963,64347
965,62912
967,62932
969,62964
971,-2147420634
973,-1073678738
975,-2147420464
977,-1073678521
979,1073805255
981,63562
983,-1073678134
985,1073805634
987,-1073677904
989,-1073677804
991,-1073677717
993,-2147419467
995,-1073677579
997,-2147419342
999,1073806178
1001,64391
1003,1073806249
1005,-1073677372
1007,-1073677353
1009,-2147419171
1011,-1073677359
1013,1073806265
1015,-1073678929
1017,1073804716
1019,-2147420741
1021,-1073678891
1023,1073804794
1025,-2147420625
1027,1073804925
1029,1073805026
1031,-1073678502
1033,-2147420196
1035,1073805407
1037,63714
1039,-2147419815
1041,-1073677888
1043,1073805855
1045,-1073677710
1047,-2147419461
1049,1073806077
1051,-2147419336
1053,1073806186
1055,-2147419246
1057,1073806259
1059,1073806283
1061,1073804853
1063,-1073678842
1065,62941
1067,62907
1069,1073804713
1071,-2147420758
1073,1073804730
1075,1073804759
1077,-2147420671
1079,-2147420613
1081,-2147420530
1083,-2147420423
1085,63347
1087,-1073678349
1089,1073805430
1091,-1073678090
1093,63852
1095,63955
1097,64048
1099,-1073677695
1101,-1073677624
1103,-2147419382
1105,64324
1107,-2147419279
1109,63187
1111,-1073678696
1113,1073804904
1115,-1073678792
1117,62986
1119,-1073678883
1121,-1073678917
1123,62893
1125,-1073678925
1127,-2147420727
1129,-1073678873
1131,1073804817
1133,-2147420595
1135,63141
1137,-1073678571
1139,63382
1141,-2147420136
1143,-1073678186
1145,1073805586
1147,1073805700
1149,-2147419669
1151,-1073677751
1153,1073805977
1155,-1073677604
1157,1073805269
1159,63345
1161,63249
1163,-1073678653
1165,-2147420533
1167,1073804890
1169,-2147420629
1171,62974
1173,1073804758
1175,1073804732
1177,-1073678925
1179,-1073678916
1181,1073804754
1183,-2147420689
1185,-1073678820
1187,1073804895
1189,-2147420486
1191,-2147420372
1193,63403
1195,-2147420116
1197,63663
1199,63789
1201,-2147419751
1203,1073805819
1205,-1073678082
1207,-1073678204
1209,63517
1211,63418
1213,-1073678505
1215,-1073678596
1217,63154
1219,1073804922
1221,63054
1223,63006
1225,62957
1227,-2147420730
1229,1073804718
1231,-2147420760
1233,-1073678922
1235,-2147420722
1237,-2147420691
1239,1073804830
1241,-1073678744
1243,-1073678646
1245,-2147420352
1247,-1073678401
1249,63551
1251,1073805503
1253,64149
1255,64009
1257,-2147419788
1259,-2147419926
1261,-1073678221
1263,1073805323
1265,-1073678425
1267,63303
1269,-1073678608
1271,-2147420502
1273,-2147420560
1275,-2147420610
1277,-2147420653
1279,-2147420693
1281,-2147420728
1283,1073804721
1285,62893
1287,-2147420741
1289,62934
1291,-1073678855
1293,1073804846
1295,63098
1297,-2147420452
1299,-2147420332
1301,-2147419262
1303,1073806146
1305,1073806055
1307,1073805942
1309,63981
1311,1073805656
1313,63698
1315,1073805405
1317,1073805297
1319,-1073678455
1321,-1073678552
1323,1073805012
1325,1073804947
1327,1073804895
1329,63025
1331,-2147420665
1333,1073804768
1335,62911
1337,62891
1339,62891
1341,-1073678915
1343,-1073678888
1345,1073804797
1347,63028
1349,63108
1351,-1073677374
1353,64422
1355,-2147419273
1357,1073806134
1359,64220
1361,64100
1363,-1073677868
1365,1073805629
1367,-2147419978
1369,63559
1371,-2147420194
1373,-1073678473
1375,-2147420394
1377,-1073678651
1379,63114
1381,63065
1383,-1073678805
1385,-2147420672
1387,1073804760
1389,-2147420743
1391,62889
1393,-2147420757
1395,-2147420737
1397,-2147420709
1399,64452
1401,1073806288
1403,-1073677364
1405,-1073677381
1407,-1073677412
1409,-2147419285
1411,1073806113
1413,1073806011
1415,1073805883
1417,-1073677912
1419,-2147419884
1421,63636
1423,-2147420119
1425,63428
1427,-2147420319
1429,-2147420410
1431,63160
1433,63097
1435,-2147420599
1437,-1073678817
1439,1073804785
1441,62919
1443,-2147420757
1445,-2147420767
1447,-1073678934
1449,1073806237
1451,64443
1453,1073806290
1455,-1073677347
1457,1073806295
1459,64450
1461,-1073677407
1463,1073806188
1465,1073806109
1467,-1073677644
1469,1073805869
1471,1073805718
1473,-1073678073
1475,-1073678196
1477,-2147420127
1479,-2147420227
1481,63326
1483,63238
1485,-1073678662
1487,-2147420547
1489,1073804876
1491,63009
1493,-2147420682
1495,64236
1497,-2147419352
1499,-2147419305
1501,-1073677442
1503,1073806244
1505,64449
1507,-1073677356
1509,1073806300
1511,-1073677357
1513,1073806270
1515,64409
1517,-1073677475
1519,-2147419383
1521,-1073677672
1523,1073805839
1525,-1073677957
1527,1073805552
1529,-1073678216
1531,-1073678324
1533,-2147420250
1535,1073805127
1537,63217
1539,-2147420503
1541,1073804915
1543,-2147419613
1545,1073805947
1547,-2147419454
1549,64258
1551,-1073677509
1553,1073806189
1555,64406
1557,64439
1559,1073806290
1561,64484
1563,64488
1565,-2147419170
1567,1073806277
1569,1073806234
1571,-2147419302
1573,64256
1575,-2147419511
1577,1073805820
1579,-1073677977
1581,1073805536
1583,63596
1585,-1073678332
1587,-1073678432
1589,-2147420353
1591,-2147419923
1593,63847
1595,1073805775
1597,-1073677780
1599,64127
1601,-2147419452
1603,64260
1605,64319
1607,-2147419281
1609,64406
1611,-1073677387
1613,-2147419187
1615,64478
1617,-1073677345
1619,64463
1621,-2147419216
1623,-2147419263
1625,64315
1627,1073806044
1629,1073805923
1631,63958
1633,-1073678013
1635,63678
1637,1073805390
1639,-1073678362
1641,-1073678463
1643,1073805436
1645,-2147419909
1647,-1073677969
1649,-2147419689
1651,-2147419595
1653,-1073677689
1655,-2147419443
1657,1073806095
1659,64325
1661,64368
1663,1073806229
1665,1073806259
1667,-2147419189
1669,-2147419175
1671,64470
1673,64451
1675,1073806243
1677,-1073677455
1679,-1073677528
1681,1073806019
1683,-2147419578
1685,-2147419723
1687,63774
1689,63137
1691,-1073678576
1693,-2147420272
1695,-1073678318
1697,63637
1699,-2147419883
1701,1073805703
1703,63979
1705,64069
1707,-2147419503
1709,64215
1711,1073806105
1713,-1073677492
1715,1073806195
1717,-1073677420
1719,-2147419216
1721,64456
1723,64471
1725,1073806291
1727,64445
1729,64408
1731,-1073677470
1733,-1073677546
1735,-1073677652
1737,-2147419611
1739,1073805709
1741,-2147420573
1743,-1073678655
1745,-2147420365
1747,-1073678414
1749,1073805367
1751,-1073678149
1753,1073805625
1755,1073805736
1757,-1073677816
1759,64092
1761,1073805992
1763,64238
1765,-2147419351
1767,1073806172
1769,-2147419259
1771,64422
1773,1073806272
1775,1073806293
1777,1073806302
1779,-2147419179
1781,1073806270
1783,-1073677417
1785,64349
1787,-2147420741
1789,1073804757
1791,62970
1793,-1073678805
1795,63091
1797,1073805013
1799,63307
1801,-2147420212
1803,63569
1805,-2147419950
1807,-1073678007
1809,63925
1811,1073805849
1813,64113
1815,1073806010
1817,64251
1819,-1073677517
1821,-1073677469
1823,-1073677428
1825,64430
1827,64457
1829,-1073677352
1831,-2147419175
1833,-1073677365
1835,-2147419214
1837,-2147420746
1839,-1073678924
1841,-2147420730
1843,-2147420704
1845,-1073678847
1847,-1073678794
1849,-2147420538
1851,-2147420439
1853,1073805154
1855,63463
1857,63596
1859,-1073678098
1861,-1073677979
1863,63951
1865,64046
1867,-1073677696
1869,1073806024
1871,-2147419385
1873,-1073677505
1875,1073806190
1877,1073806226
1879,64430
1881,64455
1883,-2147419176
1885,1073804805
1887,62939
1889,1073804732
1891,1073804716
1893,-1073678930
1895,1073804738
1897,-2147420704
1899,-1073678843
1901,1073804863
1903,-1073678701
1905,-1073678598
1907,63352
1909,1073805310
1911,63616
1913,-1073678081
1915,1073805685
1917,1073805788
1919,64055
1921,-2147419513
1923,1073806033
1925,64273
1927,1073806148
1929,64367
1931,-1073677422
1933,64433
1935,-1073678765
1937,1073804844
1939,62981
1941,62940
1943,62905
1945,62891
1947,-2147420749
1949,62922
1951,-2147420694
1953,1073804819
1955,63054
1957,63141
1959,-2147420394
1961,63382
1963,63512
1965,-2147420005
1967,-1073678052
1969,-2147419760
1971,1073805814
1973,64079
1975,64153
1977,-1073677605
1979,-2147419365
1981,-2147419312
1983,-1073677447
1985,64414
1987,-1073678732
1989,1073804875
1991,63013
1993,-2147420679
1995,1073804752
1997,1073804722
1999,1073804711
1,-1073678546
3,1073805022
5,-1073678694
7,1073804901
9,1073804856
11,-1073678836
13,-1073678876
15,62917
17,-1073678928
19,-1073678928
21,1073804741
23,1073804769
25,-2147420668
27,-2147420613
29,1073804939
31,-2147420428
33,63346
35,63477
37,-1073678216
39,1073805560
41,-2147419541
43,-2147419686
45,1073805633
47,-2147419976
49,-1073678264
51,-2147420190
53,63358
55,-1073678562
57,1073805005
59,-1073678707
61,-2147420582
63,-1073678803
65,-1073678846
67,1073804764
69,1073804734
71,1073804716
73,-1073678931
75,62911
77,-2147420707
79,62986
81,63048
83,-1073678691
85,-1073678583
87,-2147420284
89,63494
91,1073805449
93,-2147419894
95,1073805903
97,-1073677896
99,-1073678047
101,63650
103,63542
105,-2147420208
107,1073805165
109,63246
111,-2147420484
113,1073804927
115,-2147420591
117,63013
119,-2147420681
121,-1073678894
123,62903
125,-1073678933
127,-2147420748
129,62921
131,1073804775
133,1073804820
135,-2147420586
137,1073804975
139,1073805087
141,63390
143,63520
145,63652
147,-1073678045
149,1073805877
151,-1073677921
153,-1073678068
155,63631
157,-1073678300
159,-2147420226
161,1073805144
163,63227
165,63150
167,-2147420558
169,1073804871
171,-1073678814
173,-1073678854
175,-2147420717
177,1073804725
179,1073804714
181,-2147420747
183,1073804752
185,1073804787
187,63008
189,1073804898
191,1073804995
193,-2147420357
195,-2147420227
197,63554
199,63684
201,1073805975
203,64018
205,-2147419781
207,63722
209,63600
211,-2147420152
213,-2147420252
215,-2147420350
217,1073805033
219,1073804960
221,1073804904
223,1073804858
225,62992
227,-1073678872
229,-2147420733
231,-2147420758
233,-1073678939
235,1073804724
237,1073804752
239,-2147420683
241,1073804841
243,-1073678733
245,1073805015
247,1073805137
249,-1073678380
251,64329
253,64243
255,-2147419519
257,-1073677836
259,1073805663
261,-1073678121
263,-1073678238
265,-1073678347
267,63373
269,1073805099
271,63190
273,-1073678701
275,-1073678751
277,-1073678795
279,-1073678836
281,-2147420697
283,-2147420732
285,1073804717
287,1073804714
289,1073804731
291,-1073678889
293,1073804797
295,-2147420621
297,63106
299,-2147420438
301,1073805161
303,-2147419258
305,-2147419324
307,64231
309,64106
311,63961
313,-1073678009
315,-2147419962
317,63572
319,-1073678360
321,-1073678464
323,63261
325,-2147420471
327,-1073678709
329,-2147420581
331,63024
333,-2147420666
335,-1073678883
337,1073804734
339,-2147420755
341,62897
343,1073804743
345,1073804774
347,1073804813
349,63046
351,-2147420518
353,-1073678587
355,1073806249
357,-1073677443
359,1073806136
361,-1073677614
363,-2147419564
365,-1073677884
367,-2147419855
369,-1073678163
371,63549
373,-2147420205
375,-1073678483
377,63250
379,-2147420477
381,-1073678715
383,-2147420585
385,-2147420629
387,-1073678851
389,-2147420713
391,-1073678917
393,-1073678931
395,-1073678925
397,62924
399,-2147420692
401,-2147420650
403,-1073677351
405,-2147419178
407,1073806275
409,-1073677407
411,64367
413,-2147419356
415,1073806013
417,1073805878
419,-2147419745
421,1073805581
423,-2147420017
425,-2147420126
427,-2147420226
429,-1073678501
431,1073805058
433,1073804984
435,1073804922
437,63050
439,-1073678818
441,-2147420685
443,1073804749
445,-1073678927
447,62887
449,62898
451,1073804748
453,64443
455,1073806286
457,-2147419177
459,-2147419181
461,64448
463,-1073677415
465,-1073677475
467,1073806091
469,1073805983
471,-1073677802
473,-1073677952
475,1073805557
477,-1073678212
479,63504
481,63402
483,63304
485,1073805038
487,63142
489,-2147420562
491,-2147420607
493,1073804823
495,62957
497,-2147420729
499,-2147420753
501,62893
503,-2147420740
505,1073804758
507,-2147419191
509,1073806295
511,1073806299
513,-2147419184
515,64441
517,64404
519,-2147419304
521,1073806079
523,-1073677688
525,-1073677829
527,1073805673
529,63714
531,-1073678230
533,1073805310
535,-1073678443
537,63282
539,-1073678626
541,-1073678689
543,63082
545,1073804858
547,1073804815
549,62948
551,-1073678911
553,-1073678929
555,-2147420754
557,-2147419249
559,1073806255
561,-1073677368
563,1073806297
565,1073806299
567,-1073677362
569,-2147419213
571,1073806216
573,-1073677496
575,-2147419410
577,1073805941
579,-2147419675
581,-1073678001
583,-2147419962
585,-2147420078
587,-1073678358
589,-2147420285
591,-1073678557
593,-1073678637
595,1073804944
597,-1073678756
599,63026
601,-2147420666
603,-1073678883
605,-1073677563
607,1073806144
609,1073806193
611,1073806229
613,1073806258
615,-2147419194
617,-1073677360
619,64463
621,64450
623,64423
625,-2147419272
627,1073806130
629,-2147419441
631,1073805905
633,-2147419712
635,-2147419861
637,63654
639,63541
641,-1073678386
643,63341
645,-1073678576
647,63170
649,63107
651,-1073678769
653,-1073678813
655,-1073678855
657,62929
659,-2147419376
661,-1073677496
663,1073806199
665,-2147419235
667,-2147419207
669,1073806282
671,-1073677359
673,64463
675,1073806271
677,-2147419231
679,64366
681,-2147419361
683,1073806010
685,64060
687,-1073677912
689,-2147419884
691,-1073678189
693,63523
695,63417
697,1073805145
699,1073805059
701,-2147420489
703,-2147420549
705,1073804874
707,63006
709,62965
711,64230
713,-1073677534
715,1073806166
717,64383
719,-1073677407
721,1073806268
723,-2147419184
725,-1073677350
727,64470
729,64448
731,-2147419238
733,-1073677472
735,1073806094
737,1073805985
739,-2147419626
741,63871
743,1073805554
745,63610
747,1073805328
749,-1073678420
751,-1073678520
753,1073805037
755,1073804966
757,-2147420564
759,-2147420609
761,62999
763,-2147419470
765,1073806068
767,-2147419342
769,-2147419291
771,-2147419252
773,1073806252
775,-1073677372
777,-2147419180
779,-2147419174
781,1073806291
783,-1073677381
785,-1073677421
787,-2147419306
789,-1073677569
791,64140
793,1073805826
795,-2147419793
797,63713
799,1073805415
801,-2147420162
803,63386
805,63289
807,1073805027
809,63133
811,63078
813,63033
815,-1073677707
817,-2147419456
819,64260
821,64319
823,64365
825,64400
827,64432
829,-1073677369
831,-2147419177
833,1073806299
835,64459
837,1073806255
839,-2147419256
841,-2147419319
843,-1073677586
845,-1073677705
847,1073805801
849,1073805650
851,63689
853,-2147420073
855,-2147420181
857,63362
859,1073805091
861,-1073678638
863,-1073678699
865,-2147420570
867,1073804858
869,-2147419517
871,-2147419447
873,-2147419387
875,64317
877,-2147419284
879,-1073677421
881,-2147419214
883,64456
885,-1073677355
887,64467
889,64450
891,-1073677403
893,-1073677449
895,1073806130
897,64210
899,-2147419564
901,-1073677886
903,63789
905,-2147419991
907,63547
909,-1073678379
911,1073805172
913,63249
915,-2147420487
917,63099
919,-2147420596
921,-1073677763
923,1073805966
925,1073806038
927,64281
929,-2147419314
931,-1073677451
933,-1073677420
935,1073806257
937,1073806282
939,-1073677354
941,64468
943,1073806274
945,-1073677408
947,-2147419283
949,64291
951,-2147419457
953,-1073677762
955,-1073677913
957,63762
959,-1073678191
961,-1073678299
963,1073805247
965,63322
967,-2147420419
969,-1073678673
971,63896
973,1073805820
975,-1073677738
977,-2147419484
979,1073806055
981,1073806117
983,64346
985,1073806212
987,-2147419226
989,1073806272
991,1073806291
993,-1073677347
995,-2147419177
997,-1073677376
999,-1073677411
1001,-2147419289
1003,-2147419368
1005,1073805995
1007,-2147419614
1009,-2147419764
1011,-1073678084
1013,63618
1015,63513
1017,1073805236
1019,-2147420337
1021,-1073678148
1023,1073805626
1025,-2147419734
1027,-2147419635
1029,-2147419547
1031,1073806000
1033,64243
1035,1073806127
1037,64353
1039,-1073677432
1041,1073806248
1043,64450
1045,64469
1047,1073806299
1049,1073806289
1051,1073806265
1053,1073806226
1055,-1073677482
1057,1073806083
1059,1073805969
1061,-2147419642
1063,-2147419791
1065,-2147419930
1067,-1073678635
1069,63308
1071,-1073678387
1073,63571
1075,-1073678124
1077,1073805644
1079,-1073677896
1081,1073805852
1083,1073805935
1085,1073806008
1087,-2147419397
1089,1073806134
1091,64357
1093,-2147419253
1095,-2147419222
1097,64451
1099,-1073677354
1101,-2147419174
1103,64460
1105,-1073677392
1107,64390
1109,-2147419323
1111,-1073677589
1113,-1073677710
1115,1073804800
1117,-1073678795
1119,63107
1121,-1073678613
1123,-1073678491
1125,-2147420187
1127,-1073678231
1129,-2147419924
1131,63843
1133,63950
1135,-1073677778
1137,-1073677695
1139,-1073677625
1141,1073806087
1143,64321
1145,-2147419282
1147,-1073677423
1149,64431
1151,1073806276
1153,-2147419182
1155,64469
1157,-1073677370
1159,1073806250
1161,1073806206
1163,-2147419335
1165,-1073678909
1167,-1073678876
1169,1073804813
1171,-1073678779
1173,-2147420520
1175,1073805061
1177,-2147420287
1179,-2147420156
1181,-1073678202
1183,1073805574
1185,1073805692
1187,1073805796
1189,1073805891
1191,-1073677677
1193,64216
1195,1073806105
1197,-1073677489
1199,64379
1201,-1073677411
1203,-1073677385
1205,64458
1207,1073806293
1209,-1073677356
1211,-1073678889
1213,62905
1215,62894
1217,-1073678924
1219,62923
1221,-1073678870
1223,62994
1225,1073804876
1227,-1073678684
1229,-1073678568
1231,-2147420264
1233,1073805341
1235,-1073678175
1237,63775
1239,63891
1241,-1073677831
1243,-2147419564
1245,-2147419487
1247,64228
1249,-1073677536
1251,-1073677484
1253,-1073677444
1255,-1073677410
1257,-1073677381
1259,-2147420600
1261,-2147420642
1263,-1073678860
1265,-2147420722
1267,1073804724
1269,-1073678935
1271,62897
1273,-2147420729
1275,-1073678870
1277,1073804825
1279,-2147420577
1281,63168
1283,-2147420366
1285,-2147420238
1287,1073805367
1289,1073805498
1291,63799
1293,-2147419737
1295,64009
1297,64095
1299,1073805993
1301,-2147419412
1303,1073806122
1305,1073806174
1307,63219
1309,-2147420502
1311,63092
1313,63048
1315,1073804829
1317,62962
1319,62924
1321,62900
1323,1073804721
1325,-2147420738
1327,-1073678891
1329,1073804790
1331,-1073678811
1333,63089
1335,-1073678633
1337,-1073678513
1339,63439
1341,-1073678255
1343,1073805525
1345,-2147419824
1347,-1073677891
1349,-1073677793
1351,-2147419530
1353,-2147419456
1355,-2147420161
1357,63391
1359,63294
1361,-2147420443
1363,1073804960
1365,63082
1367,-2147420614
1369,62992
1371,62950
1373,1073804738
1375,-1073678929
1377,62893
1379,62909
1381,1073804762
1383,-2147420674
1385,63028
1387,1073804932
1389,-2147420437
1391,63332
1393,-2147420187
1395,1073805417
1397,63723
1399,1073805669
1401,-1073677872
1403,1073805871
1405,-2147419519
1407,63573
1409,1073805290
1411,-2147420280
1413,-1073678550
1415,1073805014
1417,63123
1419,-1073678753
1421,1073804852
1423,-2147420660
1425,-1073678875
1427,-1073678912
1429,-2147420758
1431,-1073678933
1433,-2147420736
1435,62943
1437,-2147420665
1439,63042
1441,-1073678700
1443,-2147420417
1445,-1073678469
1447,-1073678334
1449,-1073678201
1451,-1073678077
1453,64095
1455,63951
1457,63800
1459,1073805490
1461,-1073678270
1463,-2147420197
1465,1073805177
1467,-1073678566
1469,-2147420473
1471,1073804938
1473,-2147420582
1475,63023
1477,-2147420667
1479,1073804765
1481,-1073678915
1483,1073804723
1485,-2147420741
1487,-2147420720
1489,1073804782
1491,-2147420649
1493,1073804886
1495,1073804977
1497,-2147420382
1499,1073805216
1501,1073806188
1503,-2147419358
1505,-1073677636
1507,64058
1509,-2147419739
1511,63763
1513,1073805462
1515,1073805355
1517,-2147420222
1519,1073805150
1521,-1073678590
1523,-2147420491
1525,-1073678728
1527,1073804871
1529,1073804827
1531,-1073678865
1533,-1073678901
1535,-2147420750
1537,1073804712
1539,62898
1541,-1073678904
1543,-2147420697
1545,-2147420652
1547,1073806300
1549,-2147419178
1551,-1073677377
1553,-1073677413
1555,64358
1557,-2147419370
1559,64170
1561,-2147419615
1563,-1073677941
1565,-1073678083
1567,-1073678203
1569,63512
1571,63409
1573,1073805136
1575,-1073678602
1577,-2147420499
1579,1073804914
1581,-1073678781
1583,1073804825
1585,-1073678863
1587,1073804749
1589,1073804720
1591,-1073678934
1593,-2147419258
1595,64425
1597,-1073677372
1599,1073806294
1601,64474
1603,1073806289
1605,1073806267
1607,1073806230
1609,64349
1611,-1073677560
1613,-2147419498
1615,1073805835
1617,1073805684
1619,63720
1621,1073805424
1623,63494
1625,1073805213
1627,1073805113
1629,63206
1631,-2147420509
1633,63086
1635,-2147420608
1637,1073804823
1639,-2147420691
1641,-2147420728
1643,-2147419345
1645,64353
1647,-2147419256
1649,-1073677398
1651,1073806278
1653,64470
1655,1073806296
1657,64460
1659,-1073677389
1661,-1073677428
1663,64331
1665,1073806061
1667,64117
1669,-2147419675
1671,63824
1673,-1073678136
1675,-1073678252
1677,63469
1679,1073805194
1681,-2147420371
1683,1073805020
1685,1073804951
1687,63071
1689,-1073678798
1691,1073804811
1693,1073806020
1695,-1073677566
1697,1073806139
1699,-2147419284
1701,-1073677420
1703,-2147419214
1705,64456
1707,-1073677354
1709,-1073677353
1711,1073806281
1713,64428
1715,64380
1717,1073806134
1719,64215
1721,-2147419557
1723,63943
1725,63793
1727,1073805488
1729,1073805375
1731,1073805271
1733,-1073678475
1735,63254
1737,-2147420478
1739,63111
1741,-1073678760
1743,-2147419590
1745,1073805964
1747,64210
1749,1073806096
1751,-2147419321
1753,-1073677453
1755,1073806228
1757,1073806257
1759,-2147419190
1761,-1073677354
1763,1073806291
1765,-1073677376
1767,64415
1769,-1073677459
1771,1073806118
1773,1073806017
1775,-1073677760
1777,63916
1779,63768
1781,63640
1783,63528
1785,-2147420224
1787,-1073678499
1789,1073805060
1791,-1073678048
1793,-2147419755
1795,-1073677830
1797,64082
1799,-1073677667
1801,64226
1803,1073806115
1805,64345
1807,-2147419264
1809,-2147419232
1811,-2147419205
1813,64465
1815,64479
1817,64474
1819,-2147419198
1821,1073806238
1823,-1073677465
1825,-2147419368
1827,-1073677650
1829,64041
1831,-1073677938
1833,1073805564
1835,1073805445
1837,-1073678309
1839,-1073678414
1841,63542
1843,-2147419978
1845,-2147419854
1847,1073805730
1849,64003
1851,64092
1853,-1073677655
1855,-2147419412
1857,1073806119
1859,-1073677479
1861,-2147419261
1863,1073806243
1865,-2147419202
1867,-2147419181
1869,-1073677352
1871,64464
1873,64440
1875,-2147419248
1877,-1073677481
1879,-1073677564
1881,1073805972
1883,1073805835
1885,-1073677962
1887,-2147420557
1889,1073805012
1891,1073805131
1893,-2147420212
1895,-1073678256
1897,-2147419948
1899,-1073678006
1901,1073805750
1903,-2147419623
1905,1073805938
1907,-2147419459
1909,-2147419396
1911,64309
1913,-1073677471
1915,64391
1917,-1073677400
1919,64452
1921,-1073677354
1923,64474
1925,1073806284
1927,1073806258
1929,-1073677429
1931,-1073677491
1933,62915
1935,1073804765
1937,1073804800
1939,1073804850
1941,1073804927
1943,-1073678615
1945,63335
1947,63466
1949,-1073678228
1951,63724
1953,1073805663
1955,1073805767
1957,1073805864
1959,-2147419524
1961,-2147419451
1963,-1073677561
1965,-2147419328
1967,-2147419283
1969,-1073677424
1971,64430
1973,64457
1975,1073806298
1977,-2147419176
1979,-2147419194
1981,-1073678912
1983,-2147420756
1985,1073804716
1987,-2147420739
1989,1073804763
1991,62981
1993,-2147420608
1995,63123
1997,1073805051
1999,1073805174
1,62905
3,-2147420752
5,62907
7,1073804756
9,-1073678858
11,1073804836
13,63080
15,-2147420471
17,-1073678528
19,-1073678398
21,1073805383
23,-1073678137
25,-1073678016
27,-1073677905
29,1073805846
31,1073805935
33,64184
35,-1073677578
37,-1073678429
39,1073805124
41,-1073678612
43,1073804965
45,-2147420563
47,63040
49,1073804821
51,62957
53,1073804744
55,-1073678927
57,1073804720
59,-2147420739
61,1073804758
63,-2147420679
65,63020
67,1073804920
69,-1073678627
71,-2147420330
73,1073805273
75,-2147420069
77,-1073678118
79,63828
81,63937
83,64034
85,64119
87,1073806014
89,-2147419396
91,-2147419339
93,-1073678550
95,-1073678633
97,63128
99,-1073678749
101,-2147420619
103,-2147420664
105,1073804768
107,62913
109,-2147420754
111,1073804719
113,-1073678912
115,1073804764
117,-2147420670
119,-2147420615
121,63112
123,-1073678610
125,63337
127,63470
129,-2147420045
131,1073805555
133,-1073677978
135,63948
137,1073805866
139,-2147419521
141,-2147419449
143,-1073677563
145,63354
147,1073805083
149,1073805002
151,-2147420534
153,-2147420584
155,-2147420627
157,1073804803
159,62939
161,1073804730
163,62891
165,1073804720
167,-2147420733
169,-2147420702
171,1073804811
173,-2147420600
175,1073804961
177,-1073678576
179,-1073678450
181,-1073678323
183,1073805455
185,1073805582
187,63873
189,-2147419671
191,64070
193,-1073677677
195,-2147419434
197,-1073678395
199,-2147420322
201,1073805057
203,1073804983
205,63100
207,63054
209,-1073678811
211,-1073678857
213,-2147420726
215,-2147420756
217,1073804706
219,1073804716
221,-1073678909
223,-1073678880
225,-2147420662
227,1073804878
229,-1073678675
231,63264
233,63389
235,1073805345
237,1073805477
239,-2147419873
241,-1073677938
243,63988
245,-2147419570
247,-1073678196
249,-1073678299
251,63425
253,1073805146
255,-2147420417
257,1073804982
259,63100
261,-1073678770
263,-1073678813
265,-1073678858
267,-1073678896
269,62906
271,1073804724
273,-1073678914
275,62935
277,62968
279,-2147420635
281,-1073678740
283,63183
285,63299
287,63425
289,-1073678268
291,1073805510
293,1073805631
295,-2147419728
297,-2147419627
299,-1073678103
301,-2147420048
303,-2147420155
305,-2147420256
307,63295
309,63207
311,63138
313,1073804904
315,1073804857
317,1073804818
319,1073804781
321,-2147420727
323,-2147420753
325,1073804715
327,-2147420744
329,-1073678893
331,-2147420675
333,63025
335,-1073678730
337,-1073678631
339,-1073678509
341,63447
343,-2147420069
345,-1073678116
347,-1073677999
349,-1073677894
351,63842
353,63706
355,-2147420062
357,1073805301
359,-1073678451
361,-1073678550
363,-1073678633
365,-1073678695
367,-2147420568
369,63037
371,-2147420653
373,62953
375,-1073678908
377,62898
379,62899
381,62916
383,62943
385,-2147420668
387,63036
389,1073804942
391,1073805049
393,-2147420301
395,-1073678350
397,-2147420043
399,63735
401,1073805678
403,63960
405,1073805630
407,63668
409,1073805375
411,1073805271
413,-2147420299
415,-2147420390
417,-2147420470
419,1073804937
421,63062
423,-1073678804
425,-2147420666
427,62942
429,1073804729
431,1073804709
433,62887
435,-2147420739
437,1073804768
439,-1073678836
441,63048
443,-1073678693
445,63242
447,1073805193
449,63500
451,1073805453
453,-1073678072
455,-1073677957
457,-2147419722
459,-2147419869
461,-1073678176
463,63535
465,1073805257
467,1073805160
469,-1073678581
471,63165
473,63103
475,63053
477,-1073678814
479,62969
481,-2147420721
483,62898
485,1073804713
487,62897
489,62920
491,-1073678871
493,-2147420650
495,63062
497,-2147420499
499,1073805088
501,1073805217
503,63522
505,63652
507,-2147419871
509,1073805713
511,-2147419658
513,-2147419896
515,-1073678199
517,-1073678309
519,-2147420235
521,-1073678509
523,-2147420423
525,63152
527,-2147420554
529,63046
531,-1073678821
533,62966
535,62929
537,-1073678925
539,-1073678934
541,62903
543,-2147420720
545,-2147420684
547,-1073678812
549,1073804903
551,-1073678650
553,-1073678530
555,63423
557,-1073678272
559,1073805506
561,-2147419845
563,-1073677803
565,1073805693
567,-2147419924
569,-1073678222
571,-1073678328
573,-1073678428
575,-1073678525
577,1073805035
579,1073804965
581,-2147420562
583,-1073678785
585,62997
587,-1073678867
589,-1073678906
591,62894
593,-2147420755
595,62909
597,1073804759
599,1073804795
601,1073804845
603,63096
605,1073805020
607,-1073678509
609,-2147420205
611,-1073678251
613,-1073677573
615,64139
617,-2147419647
619,63849
621,-1073678119
623,63586
625,-2147420166
627,-1073678442
629,-1073678540
631,63199
633,63134
635,1073804909
637,-2147420605
639,-2147420648
641,1073804779
643,-2147420730
645,62901
647,1073804727
649,-1073678907
651,-1073678883
653,62979
655,-1073678787
657,-2147420529
659,63225
661,63349
663,-2147420172
665,63606
667,-1073677598
669,-2147419540
671,1073805794
673,-1073678005
675,1073805504
677,63564
679,1073805285
681,-2147420284
683,1073805095
685,-2147420461
687,63120
689,-2147420578
691,-1073678794
693,-1073678833
695,-2147420697
697,1073804740
699,-2147420752
701,-2147420748
703,-2147420724
705,-1073678866
707,-2147420650
709,-2147420594
711,63140
713,-1073678575
715,-1073677399
717,64380
719,64310
721,-1073677610
723,-2147419558
725,63942
727,-2147419857
729,63661
731,1073805374
733,63448
735,-2147420300
737,1073805077
739,-2147420477
741,-2147420539
743,-2147420587
745,-1073678807
747,1073804801
749,1073804766
751,1073804738
753,-2147420749
755,1073804727
757,-1073678899
759,-1073678865
761,-2147420643
763,-1073678754
765,-1073678666
767,-1073677372
769,-2147419227
771,-2147419277
773,64295
775,-1073677634
777,-1073677765
779,63912
781,-1073678060
783,1073805460
785,-1073678298
787,1073805248
789,1073805150
791,63239
793,-2147420485
795,1073804926
797,1073804879
799,63012
801,-2147420679
803,1073804756
805,62907
807,62899
809,-1073678916
811,-2147420716
813,1073804790
815,63014
817,63084
819,-1073677358
821,-1073677381
823,1073806233
825,64355
827,64273
829,1073805986
831,1073805850
833,63876
835,63732
837,-2147420039
839,1073805327
841,1073805228
843,-2147420342
845,1073805041
847,-1073678679
849,63089
851,-1073678781
853,63004
855,-1073678861
857,1073804748
859,-1073678928
861,1073804716
863,1073804734
865,-1073678885
867,-1073678849
869,-1073678800
871,-1073677349
873,1073806288
875,-1073677387
877,-2147419250
879,-2147419311
881,-1073677573
883,-1073677686
885,63998
887,-2147419801
889,63709
891,63591
893,63486
895,1073805208
897,-1073678536
899,1073805028
901,63135
903,-1073678742
905,63041
907,1073804824
909,-2147420687
911,1073804750
913,-2147420745
915,1073804728
917,1073804747
919,62950
921,62988
923,-1073677366
925,1073806286
927,1073806274
929,64422
931,-1073677446
933,-2147419332
935,-2147419422
937,-1073677720
939,1073805786
941,-1073678012
943,-1073678149
945,1073805384
947,63456
949,-2147420295
951,63255
953,-1073678650
955,-1073678711
957,-2147420584
959,1073804849
961,-1073678839
963,-2147420706
965,1073804732
967,1073804716
969,-2147420755
971,-2147420736
973,64438
975,64459
977,1073806295
979,-2147419177
981,1073806279
983,-2147419223
985,1073806203
987,64307
989,-1073677617
991,-2147419565
993,-1073677885
995,-1073678033
997,-2147419990
999,-1073678278
1001,-1073678381
1003,-2147420306
1005,-1073678576
1007,1073804994
1009,-1073678715
1011,-1073678762
1013,-2147420628
1015,62979
1017,62939
1019,1073804732
1021,-2147420754
1023,-1073677441
1025,-2147419229
1027,1073806270
1029,1073806286
1031,1073806293
1033,-1073677357
1035,64451
1037,1073806244
1039,-1073677455
1041,1073806115
1043,-1073677639
1045,-2147419590
1047,-2147419733
1049,63769
1051,63638
1053,63526
1055,63423
1057,63329
1059,-2147420407
1061,1073804988
1063,-2147420544
1065,63056
1067,-1073678810
1069,1073804800
1071,1073806055
1073,-1073677531
1075,64344
1077,-1073677442
1079,-1073677412
1081,1073806262
1083,-2147419188
1085,1073806293
1087,-2147419187
1089,1073806263
1091,-2147419245
1093,64349
1095,-2147419380
1097,64161
1099,-2147419621
1101,-1073677948
1103,1073805556
1105,63609
1107,-1073678323
1109,1073805225
1111,63302
1113,-2147420438
1115,1073804961
1117,-1073678741
1119,-1073677809
1121,1073805924
1123,1073805997
1125,64241
1127,-1073677522
1129,-1073677473
1131,-2147419259
1133,-2147419230
1135,-2147419205
1137,64463
1139,1073806292
1141,-1073677367
1143,64430
1145,1073806213
1147,-2147419318
1149,64244
1151,-2147419519
1153,1073805818
1155,-2147419802
1157,1073805528
1159,-1073678239
1161,1073805305
1163,1073805201
1165,-1073678250
1167,63705
1169,-2147419824
1171,1073805758
1173,1073805858
1175,-2147419530
1177,64190
1179,-1073677572
1181,1073806134
1183,-2147419287
1185,-2147419250
1187,-2147419223
1189,-1073677378
1191,1073806285
1193,1073806290
1195,-1073677368
1197,1073806255
1199,1073806212
1201,-1073677501
1203,-1073677593
1205,-2147419537
1207,63969
1209,1073805638
1211,-2147419974
1213,-1073678609
1215,-1073678486
1217,63471
1219,-1073678220
1221,-1073678093
1223,-2147419800
1225,63955
1227,1073805876
1229,-1073677688
1231,-2147419443
1233,-2147419380
1235,-2147419323
1237,1073806195
1239,64408
1241,1073806261
1243,64458
1245,1073806293
1247,1073806292
1249,1073806277
1251,64424
1253,64378
1255,-1073677517
1257,64211
1259,-1073677737
1261,-1073678832
1263,1073804872
1265,-1073678693
1267,-2147420408
1269,63365
1271,-2147420151
1273,63629
1275,-1073678069
1277,1073805696
1279,1073805798
1281,1073805891
1283,-1073677677
1285,1073806041
1287,-1073677543
1289,1073806160
1291,1073806202
1293,1073806237
1295,64440
1297,1073806283
1299,-1073677355
1301,-1073677359
1303,-1073677377
1305,64416
1307,-2147419282
1309,-1073678920
1311,1073804749
1313,1073804781
1315,-2147420650
1317,-1073678763
1319,1073804978
1321,63270
1323,1073805221
1325,63528
1327,63660
1329,1073805610
1331,63899
1333,1073805823
1335,-1073677734
1337,-2147419482
1339,64232
1341,64295
1343,64346
1345,-1073677440
1347,-1073677405
1349,1073806271
1351,-1073677357
1353,64480
1355,-2147419175
1357,-1073678902
1359,62892
1361,1073804708
1363,1073804722
1365,1073804748
1367,1073804783
1369,63007
1371,1073804899
1373,-2147420477
1375,-2147420358
1377,-2147420230
1379,63550
1381,-2147419968
1383,63806
1385,-2147419730
1387,-2147419632
1389,-1073677721
1391,64177
1393,1073806067
1395,-2147419344
1397,-1073677469
1399,-1073677428
1401,64427
1403,1073806275
1405,-2147419178
1407,1073804831
1409,-1073678859
1411,-2147420722
1413,-1073678922
1415,1073804723
1417,-1073678913
1419,1073804762
1421,62975
1423,63025
1425,-2147420550
1427,-2147420451
1429,63317
1431,-2147420201
1433,-1073678245
1435,63710
1437,1073805654
1439,1073805762
1441,-2147419611
1443,64122
1445,-1073677634
1447,-1073677571
1449,-1073677512
1451,1073806186
1453,-2147420442
1455,1073804962
1457,-2147420562
1459,-2147420609
1461,-2147420651
1463,-1073678865
1465,-2147420723
1467,-2147420746
1469,-1073678923
1471,1073804743
1473,-1073678880
1475,-1073678838
1477,-2147420604
1479,-1073678705
1481,-2147420427
1483,-1073678481
1485,-2147420173
1487,-1073678218
1489,-1073678090
1491,63855
1493,63961
1495,-2147419590
1497,64143
1499,1073805397
1501,63468
1503,63367
1505,-2147420376
1507,1073805015
1509,-1073678697
1511,63075
1513,63029
1515,62988
1517,-2147420698
1519,-1073678905
1521,-1073678923
1523,-2147420748
1525,-2147420729
1527,62953
1529,62994
1531,63053
1533,1073804963
1535,-1073678579
1537,63368
1539,63500
1541,63632
1543,-1073678066
1545,63876
1547,1073805803
1549,1073805895
1551,1073805478
1553,1073805367
1555,1073805267
1557,-2147420305
1559,-1073678579
1561,-2147420483
1563,63108
1565,63063
1567,-1073678802
1569,-1073678842
1571,-1073678885
1573,1073804729
1575,-2147420756
1577,62899
1579,62922
1581,62957
1583,1073804824
1585,1073804884
1587,-1073678675
1589,-2147420384
1591,-1073678433
1593,-1073678301
1595,-1073678167
1597,-1073678042
1599,64064
1601,-1073677911
1603,-1073678059
1605,1073805461
1607,-2147420125
1609,1073805243
1611,-2147420324
1613,-2147420412
1615,-2147420488
1617,1073804926
1619,-2147420593
1621,63012
1623,-1073678852
1625,62936
1627,-1073678918
1629,62895
1631,62904
1633,-2147420720
1635,-1073678863
1637,-1073678817
1639,-2147420573
1641,-2147420479
1643,1073805111
1645,63418
1647,-2147419290
1649,-1073677546
1651,64170
1653,64037
1655,1073805711
1657,63740
1659,1073805439
1661,1073805332
1663,63409
1665,1073805135
1667,-1073678602
1669,-1073678672
1671,-1073678728
1673,1073804873
1675,63007
1677,-2147420681
1679,-1073678895
1681,-2147420747
1683,1073804721
1685,62912
1687,1073804761
1689,62975
1691,-2147420623
1693,-1073678728
1695,63196
1697,-2147419218
1699,-1073677431
1701,-2147419309
1703,-1073677571
1705,-2147419513
1707,-1073677830
1709,63842
1711,-2147419949
1713,1073805405
1715,-1073678343
1717,63385
1719,1073805109
1721,1073805020
1723,1073804951
1725,63076
1727,63034
1729,-1073678830
1731,1073804778
1733,1073804740
1735,62897
1737,-1073678929
1739,1073804733
1741,-2147420712
1743,1073804796
1745,-1073677348
1747,-2147419170
1749,1073806288
1751,1073806260
1753,64393
1755,-2147419322
1757,-2147419413
1759,64117
1761,-10736778