,,,,,
AMiRo LightRing 1.0,,,,,
Bootloader 1.1.1,,,,,
ChibiOS 2.6.8,,,,,
Board ID: 36,,,,,
,,,,,
starting robot ,,,,,
before init ,,,,,
starting robot ,,,,,
before init ,,,,,
init ,,,,,
start I2S -> sleep 1s ,,,,,
,,,,,
ChibiOS/RT Shell,,,,,
ch> before start DMA ,,,,,
before stop DMA ,,,,,
stop DMA -> sleep 1s ,,,,,
before stop I2S ,,,,,
stop I2S -> 1s ,,,,,
Cycle 0,,,,,
i, k, frequency, d1, d1, i2s_fft_buf[k]
1,0,0,-870,FFFFFC9A,0
3,1,32.03203,-869,FFFFFC9B,12872.77636
5,2,64.06406,-868,FFFFFC9C,6121.73876
7,3,96.09609,-868,FFFFFC9C,4595.47705
9,4,128.12812,-867,FFFFFC9D,3900.00195
11,5,160.16015,-866,FFFFFC9E,3685.5979
13,6,192.19219,-866,FFFFFC9E,2641.95996
15,7,224.22422,-866,FFFFFC9E,1538.42028
17,8,256.25625,-866,FFFFFC9E,547.00177
19,9,288.28829,-867,FFFFFC9D,1087.44567
21,10,320.32031,-868,FFFFFC9C,1391.77441
23,11,352.35235,-871,FFFFFC99,1292.81457
25,12,384.38439,-873,FFFFFC97,1236.16467
27,13,416.41641,-875,FFFFFC95,6769.79394
29,14,448.44845,-878,FFFFFC92,19848.74414
31,15,480.48046,-881,FFFFFC8F,4830.28662
33,16,512.51251,-884,FFFFFC8C,3115.02514
35,17,544.54455,-888,FFFFFC88,2961.23681
37,18,576.57659,-892,FFFFFC84,3089.65136
39,19,608.60858,-894,FFFFFC82,2811.02124
41,20,640.64062,-898,FFFFFC7E,2096.37011
43,21,672.67266,-901,FFFFFC7B,1313.45056
45,22,704.70471,-904,FFFFFC78,588.42425
47,23,736.73675,-908,FFFFFC74,1390.32702
49,24,768.76879,-913,FFFFFC6F,1908.42797
51,25,800.80078,-917,FFFFFC6B,2113.28759
53,26,832.83282,-920,FFFFFC68,1835.09472
55,27,864.86486,-923,FFFFFC65,994.89398
57,28,896.89691,-926,FFFFFC62,625.85253
59,29,928.92895,-930,FFFFFC5E,496.20495
61,30,960.96093,-934,FFFFFC5A,1171.77331
63,31,992.99298,-937,FFFFFC57,1740.40466
65,32,1025.02502,-941,FFFFFC53,1799.22753
67,33,1057.057,-944,FFFFFC50,1414.95153
69,34,1089.08911,-947,FFFFFC4D,823.28485
71,35,1121.12109,-950,FFFFFC4A,141.05755
73,36,1153.15319,-952,FFFFFC48,636.72113
75,37,1185.18518,-954,FFFFFC46,1241.17529
77,38,1217.21716,-955,FFFFFC45,1540.47167
79,39,1249.24926,-956,FFFFFC44,1497.18176
81,40,1281.28125,-957,FFFFFC43,1176.609
83,41,1313.31335,-958,FFFFFC42,833.76403
85,42,1345.34533,-959,FFFFFC41,284.30194
87,43,1377.37731,-959,FFFFFC41,850.6795
89,44,1409.40942,-959,FFFFFC41,1243.97656
91,45,1441.4414,-959,FFFFFC41,1451.87158
93,46,1473.47351,-958,FFFFFC42,1376.06982
95,47,1505.50549,-957,FFFFFC43,952.39648
97,48,1537.53759,-956,FFFFFC44,448.70407
99,49,1569.56958,-954,FFFFFC46,476.51361
101,50,1601.60156,-952,FFFFFC48,941.71331
103,51,1633.63366,-949,FFFFFC4B,1331.79882
105,52,1665.66564,-946,FFFFFC4E,1401.88415
107,53,1697.69775,-943,FFFFFC51,1196.3507
109,54,1729.72973,-940,FFFFFC54,777.46044
111,55,1761.76171,-935,FFFFFC59,368.09185
113,56,1793.79382,-932,FFFFFC5C,653.51544
115,57,1825.8258,-928,FFFFFC60,1083.32055
117,58,1857.85791,-925,FFFFFC63,1298.48706
119,59,1889.88989,-922,FFFFFC66,1309.4685
121,60,1921.92187,-918,FFFFFC6A,1039.62731
123,61,1953.95397,-913,FFFFFC6F,633.61853
125,62,1985.98596,-909,FFFFFC73,457.93743
127,63,2018.01806,-906,FFFFFC76,784.59118
129,64,2050.05004,-902,FFFFFC7A,1128.21362
131,65,2082.08203,-899,FFFFFC7D,1264.14367
133,66,2114.11401,-896,FFFFFC80,1172.13403
135,67,2146.14624,-893,FFFFFC83,885.80206
137,68,2178.17822,-888,FFFFFC88,496.15866
139,69,2210.2102,-885,FFFFFC8B,572.03143
141,70,2242.24218,-882,FFFFFC8E,891.73162
143,71,2274.27416,-879,FFFFFC91,1137.12902
145,72,2306.30639,-878,FFFFFC92,1247.58544
147,73,2338.33837,-877,FFFFFC93,1094.05383
149,74,2370.37036,-875,FFFFFC95,763.67492
151,75,2402.40234,-874,FFFFFC96,594.62402
153,76,2434.43432,-873,FFFFFC97,620.15966
155,77,2466.46655,-872,FFFFFC98,1006.62042
157,78,2498.49853,-872,FFFFFC98,1153.67919
159,79,2530.53051,-873,FFFFFC97,1161.9248
161,80,2562.5625,-873,FFFFFC97,1011.13232
163,81,2594.59448,-873,FFFFFC97,669.815
165,82,2626.6267,-874,FFFFFC96,459.12582
167,83,2658.65869,-874,FFFFFC96,729.41333
169,84,2690.69067,-876,FFFFFC94,1107.27343
171,85,2722.72265,-880,FFFFFC90,1169.6029
173,86,2754.75463,-882,FFFFFC8E,1163.37744
175,87,2786.78686,-886,FFFFFC8A,808.44024
177,88,2818.81884,-888,FFFFFC88,626.16564
179,89,2850.85083,-891,FFFFFC85,641.69427
181,90,2882.88281,-895,FFFFFC81,857.34362
183,91,2914.91479,-899,FFFFFC7D,1057.30053
185,92,2946.94702,-902,FFFFFC7A,1158.66186
187,93,2978.979,-904,FFFFFC78,1035.25073
189,94,3011.01098,-909,FFFFFC73,817.88592
191,95,3043.04296,-913,FFFFFC6F,667.34326
193,96,3075.07519,-917,FFFFFC6B,476.13732
195,97,3107.10717,-920,FFFFFC68,888.72979
197,98,3139.13916,-924,FFFFFC64,1154.1643
199,99,3171.17114,-927,FFFFFC61,1115.24975
201,100,3203.20312,-930,FFFFFC5E,1011.583
203,101,3235.23535,-934,FFFFFC5A,727.4812
205,102,3267.26733,-938,FFFFFC56,643.78167
207,103,3299.29931,-942,FFFFFC52,777.66418
209,104,3331.33129,-945,FFFFFC4F,974.29882
211,105,3363.36328,-947,FFFFFC4D,1104.13354
213,106,3395.3955,-950,FFFFFC4A,1050.02343
215,107,3427.42749,-953,FFFFFC47,910.77929
217,108,3459.45947,-956,FFFFFC44,652.1997
219,109,3491.49145,-957,FFFFFC43,664.09954
221,110,3523.52343,-958,FFFFFC42,832.3034
223,111,3555.55566,-960,FFFFFC40,1037.81286
225,112,3587.58764,-960,FFFFFC40,1103.42724
227,113,3619.61962,-961,FFFFFC3F,1032.26635
229,114,3651.65161,-963,FFFFFC3D,815.04876
231,115,3683.68359,-966,FFFFFC3A,659.33142
233,116,3715.71582,-967,FFFFFC39,715.08343
235,117,3747.7478,-968,FFFFFC38,898.45965
237,118,3779.77978,-967,FFFFFC39,1070.58276
239,119,3811.81176,-966,FFFFFC3A,1089.52001
241,120,3843.84375,-965,FFFFFC3B,965.51953
243,121,3875.87597,-964,FFFFFC3C,784.51202
245,122,3907.90795,-962,FFFFFC3E,674.37274
247,123,3939.93994,-958,FFFFFC42,780.28979
249,124,3971.97192,-956,FFFFFC44,940.08386
251,125,4004.0039,-954,FFFFFC46,1063.6621
253,126,4036.03613,-952,FFFFFC48,1075.46264
255,127,4068.06811,-949,FFFFFC4B,867.63574
257,128,4100.10009,-948,FFFFFC4C,711.234
259,129,4132.13232,-945,FFFFFC4F,679.95343
261,130,4164.16406,-940,FFFFFC54,802.80212
263,131,4196.19628,-936,FFFFFC58,976.29925
265,132,4228.22802,-931,FFFFFC5D,1073.71972
267,133,4260.26025,-927,FFFFFC61,1029.27416
269,134,4292.29248,-923,FFFFFC65,843.13354
271,135,4324.32421,-919,FFFFFC69,669.05297
273,136,4356.35644,-916,FFFFFC6C,764.0595
275,137,4388.38818,-914,FFFFFC6E,908.69354
277,138,4420.42041,-911,FFFFFC71,1001.10565
279,139,4452.45263,-908,FFFFFC74,1029.22937
281,140,4484.48437,-905,FFFFFC77,961.39721
283,141,4516.5166,-901,FFFFFC7B,736.11267
285,142,4548.54833,-898,FFFFFC7E,669.64825
287,143,4580.58056,-894,FFFFFC82,777.97918
289,144,4612.61279,-890,FFFFFC86,898.05633
291,145,4644.64453,-888,FFFFFC88,1025.45788
293,146,4676.67675,-885,FFFFFC8B,1033.48352
295,147,4708.70849,-884,FFFFFC8C,866.2893
297,148,4740.74072,-884,FFFFFC8C,769.75292
299,149,4772.77294,-884,FFFFFC8C,729.37194
301,150,4804.80468,-884,FFFFFC8C,806.89385
303,151,4836.83691,-884,FFFFFC8C,1023.22387
305,152,4868.86865,-883,FFFFFC8D,1045.24023
307,153,4900.90087,-883,FFFFFC8D,996.06188
309,154,4932.9331,-883,FFFFFC8D,864.28894
311,155,4964.96484,-883,FFFFFC8D,732.30084
313,156,4996.99707,-884,FFFFFC8C,733.36895
315,157,5029.0288,-885,FFFFFC8B,878.30389
317,158,5061.06103,-888,FFFFFC88,979.63476
319,159,5093.09326,-890,FFFFFC86,1040.49645
321,160,5125.125,-894,FFFFFC82,932.98864
323,161,5157.15722,-897,FFFFFC7F,795.94598
325,162,5189.18896,-900,FFFFFC7C,710.49523
327,163,5221.22119,-903,FFFFFC79,809.63256
329,164,5253.25341,-907,FFFFFC75,899.19696
331,165,5285.28515,-911,FFFFFC71,1081.66516
333,166,5317.31738,-915,FFFFFC6D,986.13946
335,167,5349.34912,-918,FFFFFC6A,886.87872
337,168,5381.38134,-922,FFFFFC66,749.60296
339,169,5413.41357,-927,FFFFFC61,720.3208
341,170,5445.44531,-931,FFFFFC5D,822.93768
343,171,5477.47753,-934,FFFFFC5A,939.97088
345,172,5509.50927,-937,FFFFFC57,1027.20739
347,173,5541.5415,-941,FFFFFC53,989.53649
349,174,5573.57373,-945,FFFFFC4F,854.9389
351,175,5605.60546,-948,FFFFFC4C,718.16156
353,176,5637.63769,-952,FFFFFC48,742.03851
355,177,5669.66943,-955,FFFFFC45,857.12951
357,178,5701.70166,-958,FFFFFC42,995.9295
359,179,5733.73388,-960,FFFFFC40,1001.40405
361,180,5765.76562,-963,FFFFFC3D,937.13171
363,181,5797.79785,-966,FFFFFC3A,826.98553
365,182,5829.82958,-968,FFFFFC38,696.49926
367,183,5861.86181,-970,FFFFFC36,763.578
369,184,5893.89404,-972,FFFFFC34,890.15606
371,185,5925.92578,-973,FFFFFC33,1005.87127
373,186,5957.958,-974,FFFFFC32,1015.17095
375,187,5989.98974,-975,FFFFFC31,907.68243
377,188,6022.02197,-976,FFFFFC30,807.90722
379,189,6054.05419,-976,FFFFFC30,728.71545
381,190,6086.08593,-976,FFFFFC30,835.59368
383,191,6118.11816,-976,FFFFFC30,928.64593
385,192,6150.15039,-975,FFFFFC31,1009.03765
387,193,6182.18212,-974,FFFFFC32,959.36682
389,194,6214.21435,-972,FFFFFC34,872.36492
391,195,6246.24609,-969,FFFFFC37,744.30914
393,196,6278.27832,-967,FFFFFC39,748.30175
395,197,6310.31054,-964,FFFFFC3C,841.29357
397,198,6342.34228,-962,FFFFFC3E,971.93664
399,199,6374.37451,-958,FFFFFC42,1012.25531
401,200,6406.40625,-954,FFFFFC46,941.94274
403,201,6438.43847,-951,FFFFFC49,818.45959
405,202,6470.4707,-948,FFFFFC4C,719.46813
407,203,6502.50244,-944,FFFFFC50,779.70599
409,204,6534.53466,-940,FFFFFC54,910.6621
411,205,6566.5664,-937,FFFFFC57,1003.68713
413,206,6598.59863,-933,FFFFFC5B,995.24072
415,207,6630.63085,-929,FFFFFC5F,938.53222
417,208,6662.66259,-924,FFFFFC64,776.9317
419,209,6694.69482,-921,FFFFFC67,739.32586
421,210,6726.72656,-918,FFFFFC6A,819.94531
423,211,6758.75878,-915,FFFFFC6D,934.51068
425,212,6790.79101,-912,FFFFFC70,989.29107
427,213,6822.82275,-909,FFFFFC73,980.23852
429,214,6854.85498,-905,FFFFFC77,857.07855
431,215,6886.88671,-901,FFFFFC7B,747.64965
433,216,6918.91894,-899,FFFFFC7D,724.14257
435,217,6950.95117,-896,FFFFFC80,852.53771
437,218,6982.98291,-894,FFFFFC82,964.56158
439,219,7015.01513,-892,FFFFFC84,984.21734
441,220,7047.04687,-890,FFFFFC86,942.5122
443,221,7079.0791,-889,FFFFFC87,817.54339
445,222,7111.11132,-888,FFFFFC88,743.04614
447,223,7143.14306,-887,FFFFFC89,788.6828
449,224,7175.17529,-887,FFFFFC89,912.96423
451,225,7207.20703,-887,FFFFFC89,977.43103
453,226,7239.23925,-887,FFFFFC89,966.73815
455,227,7271.27148,-887,FFFFFC89,896.35662
457,228,7303.30322,-887,FFFFFC89,763.20654
459,229,7335.33544,-888,FFFFFC88,738.29095
461,230,7367.36718,-889,FFFFFC87,843.8648
463,231,7399.39941,-892,FFFFFC84,917.58374
465,232,7431.43164,-895,FFFFFC81,1002.42102
467,233,7463.46337,-898,FFFFFC7E,998.51623
469,234,7495.4956,-900,FFFFFC7C,859.04974
471,235,7527.52734,-903,FFFFFC79,755.74993
473,236,7559.55957,-907,FFFFFC75,772.51806
475,237,7591.59179,-910,FFFFFC72,855.46624
477,238,7623.62353,-913,FFFFFC6F,930.86602
479,239,7655.65576,-917,FFFFFC6B,995.79626
481,240,7687.6875,-921,FFFFFC67,951.30596
483,241,7719.71972,-924,FFFFFC64,843.7871
485,242,7751.75195,-928,FFFFFC60,777.87298
487,243,7783.78369,-931,FFFFFC5D,785.14837
489,244,7815.81591,-934,FFFFFC5A,889.84027
491,245,7847.84765,-938,FFFFFC56,964.22473
493,246,7879.87988,-942,FFFFFC52,1006.87371
495,247,7911.9121,-946,FFFFFC4E,911.32214
497,248,7943.94384,-950,FFFFFC4A,798.86926
499,249,7975.97607,-954,FFFFFC46,768.39923
501,250,8008.00781,-956,FFFFFC44,797.30407
503,251,8040.04003,-959,FFFFFC41,919.2843
505,252,8072.07226,-962,FFFFFC3E,980.65917
507,253,8104.104,-965,FFFFFC3B,975.50415
509,254,8136.13623,-968,FFFFFC38,872.19415
511,255,8168.16796,-971,FFFFFC35,772.43347
513,256,8200.20019,-973,FFFFFC33,758.02099
515,257,8232.23242,-974,FFFFFC32,839.81573
517,258,8264.26464,-975,FFFFFC31,956.45367
519,259,8296.29589,-976,FFFFFC30,994.52447
521,260,8328.32812,-977,FFFFFC2F,931.94659
523,261,8360.36035,-978,FFFFFC2E,849.42108
525,262,8392.39257,-979,FFFFFC2D,743.68536
527,263,8424.4248,-979,FFFFFC2D,793.10797
529,264,8456.45605,-979,FFFFFC2D,883.91046
531,265,8488.48828,-978,FFFFFC2E,958.24395
533,266,8520.5205,-977,FFFFFC2F,984.34552
535,267,8552.55273,-975,FFFFFC31,884.35028
537,268,8584.58496,-974,FFFFFC32,802.29388
539,269,8616.61621,-972,FFFFFC34,756.31561
541,270,8648.64843,-970,FFFFFC36,826.4884
543,271,8680.68066,-967,FFFFFC39,921.02172
545,272,8712.71289,-964,FFFFFC3C,980.32458
547,273,8744.74511,-960,FFFFFC40,951.02923
549,274,8776.77636,-956,FFFFFC44,871.30981
551,275,8808.80859,-953,FFFFFC47,786.3142
553,276,8840.84082,-949,FFFFFC4B,750.25512
555,277,8872.87304,-946,FFFFFC4E,850.3103
557,278,8904.90527,-943,FFFFFC51,932.33239
559,279,8936.93652,-939,FFFFFC55,981.62042
561,280,8968.96875,-935,FFFFFC59,944.69702
563,281,9001.00097,-931,FFFFFC5D,840.04302
565,282,9033.0332,-927,FFFFFC61,769.33001
567,283,9065.06542,-923,FFFFFC65,794.19909
569,284,9097.09667,-921,FFFFFC67,890.53649
571,285,9129.1289,-918,FFFFFC6A,951.21423
573,286,9161.16113,-914,FFFFFC6E,983.31536
575,287,9193.19335,-911,FFFFFC71,923.46612
577,288,9225.22558,-907,FFFFFC75,821.11047
579,289,9257.25683,-904,FFFFFC78,777.51928
581,290,9289.28906,-901,FFFFFC7B,794.16241
583,291,9321.32128,-899,FFFFFC7D,890.97924
585,292,9353.35351,-897,FFFFFC7F,978.55615
587,293,9385.38574,-896,FFFFFC80,936.26586
589,294,9417.41699,-896,FFFFFC80,877.635
591,295,9449.44921,-895,FFFFFC81,792.90106
593,296,9481.48144,-893,FFFFFC83,775.19104
595,297,9513.51367,-892,FFFFFC84,844.57318
597,298,9545.54589,-892,FFFFFC84,949.04296
599,299,9577.57714,-892,FFFFFC84,974.66589
601,300,9609.60937,-893,FFFFFC83,931.3067
603,301,9641.6416,-894,FFFFFC82,841.5689
605,302,9673.67382,-894,FFFFFC82,775.90777
607,303,9705.70605,-896,FFFFFC80,796.22668
609,304,9737.7373,-899,FFFFFC7D,867.61853
611,305,9769.76953,-901,FFFFFC7B,970.00805
613,306,9801.80175,-903,FFFFFC79,967.34716
615,307,9833.83398,-907,FFFFFC75,911.26861
617,308,9865.86621,-911,FFFFFC71,805.69458
619,309,9897.89746,-914,FFFFFC6E,770.63995
621,310,9929.92968,-917,FFFFFC6B,810.90753
623,311,9961.96191,-920,FFFFFC68,874.82952
625,312,9993.99414,-924,FFFFFC64,953.47601
627,313,10026.02636,-929,FFFFFC5F,966.156
629,314,10058.05761,-933,FFFFFC5B,877.76287
631,315,10090.08984,-937,FFFFFC57,796.87622
633,316,10122.12207,-941,FFFFFC53,779.91455
635,317,10154.15429,-945,FFFFFC4F,849.89373
637,318,10186.18652,-948,FFFFFC4C,932.06939
639,319,10218.21777,-950,FFFFFC4A,976.62597
641,320,10250.25,-954,FFFFFC46,919.95501
643,321,10282.28222,-958,FFFFFC42,855.00653
645,322,10314.31445,-962,FFFFFC3E,764.33062
647,323,10346.34667,-965,FFFFFC3B,788.96923
649,324,10378.37792,-968,FFFFFC38,856.71997
651,325,10410.41015,-972,FFFFFC34,959.47229
653,326,10442.44238,-975,FFFFFC31,953.70971
655,327,10474.4746,-976,FFFFFC30,908.49365
657,328,10506.50683,-979,FFFFFC2D,833.68072
659,329,10538.53808,-981,FFFFFC2B,786.93798
661,330,10570.57031,-982,FFFFFC2A,817.76544
663,331,10602.60253,-983,FFFFFC29,908.77673
665,332,10634.63476,-984,FFFFFC28,964.7799
667,333,10666.66699,-985,FFFFFC27,954.51141
669,334,10698.69824,-986,FFFFFC26,886.70458
671,335,10730.73046,-988,FFFFFC24,816.21832
673,336,10762.76269,-988,FFFFFC24,773.26208
675,337,10794.79492,-988,FFFFFC24,843.47406
677,338,10826.82714,-987,FFFFFC25,927.98815
679,339,10858.85839,-985,FFFFFC27,959.83581
681,340,10890.89062,-982,FFFFFC2A,944.41766
683,341,10922.92285,-979,FFFFFC2D,867.36395
685,342,10954.95507,-978,FFFFFC2E,801.53881
687,343,10986.9873,-976,FFFFFC30,809.18585
689,344,11019.01855,-974,FFFFFC32,865.46527
691,345,11051.05078,-971,FFFFFC35,941.54174
693,346,11083.083,-968,FFFFFC38,963.86035
695,347,11115.11523,-965,FFFFFC3B,909.25494
697,348,11147.14746,-962,FFFFFC3E,830.66143
699,349,11179.17871,-959,FFFFFC41,773.85748
701,350,11211.21093,-955,FFFFFC45,821.28515
703,351,11243.24316,-950,FFFFFC4A,879.10552
705,352,11275.27539,-946,FFFFFC4E,963.19165
707,353,11307.30761,-942,FFFFFC52,956.13952
709,354,11339.33886,-937,FFFFFC57,890.94519
711,355,11371.37109,-935,FFFFFC59,801.2265
713,356,11403.40332,-933,FFFFFC5B,783.88183
715,357,11435.43554,-930,FFFFFC5E,853.13348
717,358,11467.46777,-927,FFFFFC61,919.7135
719,359,11499.49902,-923,FFFFFC65,959.37518
721,360,11531.53125,-920,FFFFFC68,930.70416
723,361,11563.56347,-916,FFFFFC6C,859.77282
725,362,11595.5957,-913,FFFFFC6F,786.62036
727,363,11627.62792,-911,FFFFFC71,772.54357
729,364,11659.65917,-909,FFFFFC73,853.48126
731,365,11691.6914,-906,FFFFFC76,932.65655
733,366,11723.72363,-904,FFFFFC78,966.55181
735,367,11755.75585,-903,FFFFFC79,912.71832
737,368,11787.78808,-902,FFFFFC7A,852.17114
739,369,11819.81933,-902,FFFFFC7A,787.39227
741,370,11851.85156,-903,FFFFFC79,803.49847
743,371,11883.88378,-903,FFFFFC79,887.39562
745,372,11915.91601,-902,FFFFFC7A,953.80798
747,373,11947.94824,-902,FFFFFC7A,955.23425
749,374,11979.97949,-903,FFFFFC79,900.86126
751,375,12012.01171,-904,FFFFFC78,812.89562
753,376,12044.04394,-906,FFFFFC76,789.12255
755,377,12076.07617,-909,FFFFFC73,825.43634
757,378,12108.10839,-910,FFFFFC72,900.63409
759,379,12140.14062,-912,FFFFFC70,963.81628
761,380,12172.17187,-914,FFFFFC6E,934.72271
763,381,12204.2041,-918,FFFFFC6A,855.95489
765,382,12236.23632,-922,FFFFFC66,779.72186
767,383,12268.26855,-925,FFFFFC63,784.28417
769,384,12300.30078,-928,FFFFFC60,849.28729
771,385,12332.33203,-932,FFFFFC5C,911.26617
773,386,12364.36425,-936,FFFFFC58,957.00531
775,387,12396.39648,-940,FFFFFC54,916.57672
777,388,12428.42871,-944,FFFFFC50,849.71374
779,389,12460.46093,-949,FFFFFC4B,785.09594
781,390,12492.49218,-953,FFFFFC47,810.78149
783,391,12524.52441,-956,FFFFFC44,877.42559
785,392,12556.55664,-958,FFFFFC42,949.34277
787,393,12588.58886,-961,FFFFFC3F,946.33374
789,394,12620.62109,-964,FFFFFC3C,893.86083
791,395,12652.65234,-967,FFFFFC39,821.80627
793,396,12684.68457,-971,FFFFFC35,773.85681
795,397,12716.71679,-975,FFFFFC31,818.09301
797,398,12748.74902,-978,FFFFFC2E,907.03491
799,399,12780.78125,-981,FFFFFC2B,954.94775
801,400,12812.8125,-983,FFFFFC29,941.89801
803,401,12844.84472,-985,FFFFFC27,863.36968
805,402,12876.87695,-987,FFFFFC25,810.62182
807,403,12908.90917,-988,FFFFFC24,793.34381
809,404,12940.9414,-990,FFFFFC22,849.13867
811,405,12972.97265,-991,FFFFFC21,934.55792
813,406,13005.00488,-991,FFFFFC21,957.76257
815,407,13037.0371,-991,FFFFFC21,908.50256
817,408,13069.06933,-991,FFFFFC21,836.59478
819,409,13101.10156,-992,FFFFFC20,789.42181
821,410,13133.13281,-992,FFFFFC20,806.59448
823,411,13165.16503,-992,FFFFFC20,882.08905
825,412,13197.19726,-990,FFFFFC22,940.97595
827,413,13229.22949,-988,FFFFFC24,952.39495
829,414,13261.26171,-986,FFFFFC26,900.61126
831,415,13293.29296,-983,FFFFFC29,821.10675
833,416,13325.32519,-981,FFFFFC2B,774.19635
835,417,13357.35742,-980,FFFFFC2C,811.36041
837,418,13389.38964,-977,FFFFFC2F,886.97644
839,419,13421.42187,-973,FFFFFC33,951.13226
841,420,13453.45312,-970,FFFFFC36,930.27923
843,421,13485.48535,-967,FFFFFC39,874.12908
845,422,13517.51757,-963,FFFFFC3D,802.23468
847,423,13549.5498,-957,FFFFFC43,785.31781
849,424,13581.58203,-952,FFFFFC48,841.2348
851,425,13613.61328,-949,FFFFFC4B,938.82305
853,426,13645.6455,-946,FFFFFC4E,954.55273
855,427,13677.67773,-942,FFFFFC52,930.93054
857,428,13709.70996,-940,FFFFFC54,844.38366
859,429,13741.74218,-938,FFFFFC56,789.6676
861,430,13773.77343,-935,FFFFFC59,795.51245
863,431,13805.80566,-930,FFFFFC5E,868.25622
865,432,13837.83789,-926,FFFFFC62,938.09082
867,433,13869.87011,-922,FFFFFC66,956.65417
869,434,13901.90234,-918,FFFFFC6A,904.80322
871,435,13933.93359,-915,FFFFFC6D,827.78186
873,436,13965.96582,-913,FFFFFC6F,790.72668
875,437,13997.99804,-911,FFFFFC71,826.87042
877,438,14030.03027,-909,FFFFFC73,898.25402
879,439,14062.0625,-909,FFFFFC73,949.81793
881,440,14094.09375,-908,FFFFFC74,939.32666
883,441,14126.12597,-907,FFFFFC75,873.86749
885,442,14158.1582,-907,FFFFFC75,808.97082
887,443,14190.19042,-906,FFFFFC76,792.64971
889,444,14222.22265,-904,FFFFFC78,861.53863
891,445,14254.2539,-904,FFFFFC78,924.4284
893,446,14286.28613,-905,FFFFFC77,958.52874
895,447,14318.31835,-907,FFFFFC75,919.9884
897,448,14350.35058,-909,FFFFFC73,860.03594
899,449,14382.38281,-911,FFFFFC71,805.57904
901,450,14414.41406,-913,FFFFFC6F,814.65509
903,451,14446.44628,-916,FFFFFC6C,869.67913
905,452,14478.47851,-919,FFFFFC69,933.65576
907,453,14510.51074,-922,FFFFFC66,959.21636
909,454,14542.54296,-925,FFFFFC63,909.03826
911,455,14574.57421,-927,FFFFFC61,822.93914
913,456,14606.60644,-930,FFFFFC5E,781.40209
915,457,14638.63867,-934,FFFFFC5A,813.44024
917,458,14670.67089,-938,FFFFFC56,901.05767
919,459,14702.70312,-942,FFFFFC52,952.45062
921,460,14734.73437,-945,FFFFFC4F,945.20227
923,461,14766.7666,-948,FFFFFC4C,882.2619
925,462,14798.79882,-953,FFFFFC47,821.48071
927,463,14830.83105,-957,FFFFFC43,783.80108
929,464,14862.86328,-962,FFFFFC3E,842.78448
931,465,14894.89453,-966,FFFFFC3A,906.35784
933,466,14926.92675,-968,FFFFFC38,958.71783
935,467,14958.95898,-971,FFFFFC35,931.83654
937,468,14990.99121,-974,FFFFFC32,860.29504
939,469,15023.02343,-977,FFFFFC2F,803.01287
941,470,15055.05468,-979,FFFFFC2D,800.28796
943,471,15087.08691,-982,FFFFFC2A,861.11932
945,472,15119.11914,-985,FFFFFC27,924.37988
947,473,15151.15136,-988,FFFFFC24,943.62707
949,474,15183.18359,-990,FFFFFC22,900.51049
951,475,15215.21484,-991,FFFFFC21,824.61743
953,476,15247.24707,-994,FFFFFC1E,795.6936
955,477,15279.27929,-996,FFFFFC1C,821.86645
957,478,15311.31152,-997,FFFFFC1B,895.1018
959,479,15343.34375,-998,FFFFFC1A,941.1596
961,480,15375.375,-997,FFFFFC1B,945.67895
963,481,15407.40722,-996,FFFFFC1C,885.05981
965,482,15439.43945,-997,FFFFFC1B,805.73144
967,483,15471.47167,-997,FFFFFC1B,794.85748
969,484,15503.5039,-997,FFFFFC1B,836.80432
971,485,15535.53515,-995,FFFFFC1D,907.43487
973,486,15567.56738,-993,FFFFFC1F,945.88122
975,487,15599.5996,-991,FFFFFC21,921.66613
977,488,15631.63183,-989,FFFFFC23,865.24499
979,489,15663.66406,-988,FFFFFC24,794.36749
981,490,15695.69531,-985,FFFFFC27,796.58691
983,491,15727.72753,-983,FFFFFC29,862.90191
985,492,15759.75976,-979,FFFFFC2D,924.19348
987,493,15791.79199,-976,FFFFFC30,953.4989
989,494,15823.82421,-973,FFFFFC33,917.62457
991,495,15855.85546,-969,FFFFFC37,833.22076
993,496,15887.88769,-964,FFFFFC3C,791.71771
995,497,15919.91992,-960,FFFFFC40,814.26428
997,498,15951.95214,-956,FFFFFC44,894.18353
999,499,15983.98437,-952,FFFFFC48,951.10949
1001,500,16016.01562,-948,FFFFFC4C,951.10949
1003,501,16048.04785,-945,FFFFFC4F,894.18353
1005,502,16080.08007,-942,FFFFFC52,814.26428
1007,503,16112.1123,-938,FFFFFC56,791.71771
1009,504,16144.14453,-934,FFFFFC5A,833.22076
1011,505,16176.17578,-930,FFFFFC5E,917.62457
1013,506,16208.208,-927,FFFFFC61,953.4989
1015,507,16240.24023,-925,FFFFFC63,924.19348
1017,508,16272.27246,-922,FFFFFC66,862.90191
1019,509,16304.30468,-919,FFFFFC69,796.58691
1021,510,16336.33593,-918,FFFFFC6A,794.36749
1023,511,16368.36816,-916,FFFFFC6C,865.24499
1025,512,16400.40039,-914,FFFFFC6E,921.66613
1027,513,16432.43164,-914,FFFFFC6E,945.88122
1029,514,16464.46484,-913,FFFFFC6F,907.43487
1031,515,16496.49609,-912,FFFFFC70,836.80432
1033,516,16528.52929,-912,FFFFFC70,794.85748
1035,517,16560.56054,-912,FFFFFC70,805.73144
1037,518,16592.59179,-911,FFFFFC71,885.05981
1039,519,16624.625,-912,FFFFFC70,945.67895
1041,520,16656.65625,-914,FFFFFC6E,941.1596
1043,521,16688.68945,-916,FFFFFC6C,895.1018
1045,522,16720.7207,-918,FFFFFC6A,821.86645
1047,523,16752.75195,-919,FFFFFC69,795.6936
1049,524,16784.78515,-922,FFFFFC66,824.61743
1051,525,16816.8164,-924,FFFFFC64,900.51049
1053,526,16848.8496,-927,FFFFFC61,943.62707
1055,527,16880.88085,-930,FFFFFC5E,924.37988
1057,528,16912.9121,-933,FFFFFC5B,861.11932
1059,529,16944.94531,-937,FFFFFC57,800.28796
1061,530,16976.97656,-940,FFFFFC54,803.01287
1063,531,17009.00976,-944,FFFFFC50,860.29504
1065,532,17041.04101,-948,FFFFFC4C,931.83654
1067,533,17073.07226,-952,FFFFFC48,958.71783
1069,534,17105.10546,-955,FFFFFC45,906.35784
1071,535,17137.13671,-959,FFFFFC41,842.78448
1073,536,17169.16992,-964,FFFFFC3C,783.80108
1075,537,17201.20117,-967,FFFFFC39,821.48071
1077,538,17233.23242,-971,FFFFFC35,882.2619
1079,539,17265.26562,-973,FFFFFC33,945.20227
1081,540,17297.29687,-977,FFFFFC2F,952.45062
1083,541,17329.33007,-980,FFFFFC2C,901.05767
1085,542,17361.36132,-982,FFFFFC2A,813.44024
1087,543,17393.39257,-986,FFFFFC26,781.40209
1089,544,17425.42578,-990,FFFFFC22,822.93914
1091,545,17457.45703,-993,FFFFFC1F,909.03826
1093,546,17489.49023,-995,FFFFFC1D,959.21636
1095,547,17521.52148,-997,FFFFFC1B,933.65576
1097,548,17553.55273,-999,FFFFFC19,869.67913
1099,549,17585.58593,-1000,FFFFFC18,814.65509
1101,550,17617.61718,-1001,FFFFFC17,805.57904
1103,551,17649.65039,-1003,FFFFFC15,860.03594
1105,552,17681.68164,-1003,FFFFFC15,919.9884
1107,553,17713.71289,-1004,FFFFFC14,958.52874
1109,554,17745.74609,-1005,FFFFFC13,924.4284
1111,555,17777.77734,-1005,FFFFFC13,861.53863
1113,556,17809.81054,-1006,FFFFFC12,792.64971
1115,557,17841.84179,-1006,FFFFFC12,808.97082
1117,558,17873.87304,-1005,FFFFFC13,873.86749
1119,559,17905.90625,-1003,FFFFFC15,939.32666
1121,560,17937.9375,-1001,FFFFFC17,949.81793
1123,561,17969.9707,-999,FFFFFC19,898.25402
1125,562,18002.00195,-997,FFFFFC1B,826.87042
1127,563,18034.0332,-994,FFFFFC1E,790.72668
1129,564,18066.0664,-991,FFFFFC21,827.78186
1131,565,18098.09765,-987,FFFFFC25,904.80322
1133,566,18130.13085,-984,FFFFFC28,956.65417
1135,567,18162.1621,-981,FFFFFC2B,938.09082
1137,568,18194.19335,-977,FFFFFC2F,868.25622
1139,569,18226.22656,-973,FFFFFC33,795.51245
1141,570,18258.25781,-969,FFFFFC37,789.6676
1143,571,18290.29101,-965,FFFFFC3B,844.38366
1145,572,18322.32226,-961,FFFFFC3F,930.93054
1147,573,18354.35351,-958,FFFFFC42,954.55273
1149,574,18386.38671,-955,FFFFFC45,938.82305
1151,575,18418.41796,-951,FFFFFC49,841.2348
1153,576,18450.45117,-947,FFFFFC4D,785.31781
1155,577,18482.48242,-943,FFFFFC51,802.23468
1157,578,18514.51367,-939,FFFFFC55,874.12908
1159,579,18546.54687,-936,FFFFFC58,930.27923
1161,580,18578.57812,-933,FFFFFC5B,951.13226
1163,581,18610.61132,-930,FFFFFC5E,886.97644
1165,582,18642.64257,-927,FFFFFC61,811.36041
1167,583,18674.67382,-924,FFFFFC64,774.19635
1169,584,18706.70703,-923,FFFFFC65,821.10675
1171,585,18738.73828,-922,FFFFFC66,900.61126
1173,586,18770.77148,-920,FFFFFC68,952.39495
1175,587,18802.80273,-919,FFFFFC69,940.97595
1177,588,18834.83398,-918,FFFFFC6A,882.08905
1179,589,18866.86718,-918,FFFFFC6A,806.59448
1181,590,18898.89843,-918,FFFFFC6A,789.42181
1183,591,18930.93164,-917,FFFFFC6B,836.59478
1185,592,18962.96289,-917,FFFFFC6B,908.50256
1187,593,18994.99414,-918,FFFFFC6A,957.76257
1189,594,19027.02734,-920,FFFFFC68,934.55792
1191,595,19059.05859,-921,FFFFFC67,849.13867
1193,596,19091.09179,-924,FFFFFC64,793.34381
1195,597,19123.12304,-925,FFFFFC63,810.62182
1197,598,19155.15429,-928,FFFFFC60,863.36968
1199,599,19187.1875,-931,FFFFFC5D,941.89801
1201,600,19219.21875,-934,FFFFFC5A,954.94775
1203,601,19251.25195,-937,FFFFFC57,907.03491
1205,602,19283.2832,-940,FFFFFC54,818.09301
1207,603,19315.31445,-943,FFFFFC51,773.85681
1209,604,19347.34765,-947,FFFFFC4D,821.80627
1211,605,19379.3789,-951,FFFFFC49,893.86083
1213,606,19411.4121,-955,FFFFFC45,946.33374
1215,607,19443.44335,-958,FFFFFC42,949.34277
1217,608,19475.4746,-962,FFFFFC3E,877.42559
1219,609,19507.50781,-966,FFFFFC3A,810.78149
1221,610,19539.53906,-969,FFFFFC37,785.09594
1223,611,19571.57226,-974,FFFFFC32,849.71374
1225,612,19603.60351,-978,FFFFFC2E,916.57672
1227,613,19635.63476,-980,FFFFFC2C,957.00531
1229,614,19667.66796,-982,FFFFFC2A,911.26617
1231,615,19699.69921,-985,FFFFFC27,849.28729
1233,616,19731.73242,-989,FFFFFC23,784.28417
1235,617,19763.76367,-992,FFFFFC20,779.72186
1237,618,19795.79492,-995,FFFFFC1D,855.95489
1239,619,19827.82812,-998,FFFFFC1A,934.72271
1241,620,19859.85937,-999,FFFFFC19,963.81628
1243,621,19891.89257,-1000,FFFFFC18,900.63409
1245,622,19923.92382,-1002,FFFFFC16,825.43634
1247,623,19955.95507,-1004,FFFFFC14,789.12255
1249,624,19987.98828,-1005,FFFFFC13,812.89562
1251,625,20020.01953,-1006,FFFFFC12,900.86126
1253,626,20052.05273,-1007,FFFFFC11,955.23425
1255,627,20084.08398,-1008,FFFFFC10,953.80798
1257,628,20116.11523,-1007,FFFFFC11,887.39562
1259,629,20148.14843,-1007,FFFFFC11,803.49847
1261,630,20180.17968,-1006,FFFFFC12,787.39227
1263,631,20212.21289,-1004,FFFFFC14,852.17114
1265,632,20244.24414,-1002,FFFFFC16,912.71832
1267,633,20276.27539,-1000,FFFFFC18,966.55181
1269,634,20308.30859,-998,FFFFFC1A,932.65655
1271,635,20340.33984,-996,FFFFFC1C,853.48126
1273,636,20372.37304,-993,FFFFFC1F,772.54357
1275,637,20404.40429,-991,FFFFFC21,786.62036
1277,638,20436.43554,-988,FFFFFC24,859.77282
1279,639,20468.46875,-985,FFFFFC27,930.70416
1281,640,20500.5,-982,FFFFFC2A,959.37518
1283,641,20532.5332,-979,FFFFFC2D,919.7135
1285,642,20564.56445,-976,FFFFFC30,853.13348
1287,643,20596.5957,-971,FFFFFC35,783.88183
1289,644,20628.6289,-966,FFFFFC3A,801.2265
1291,645,20660.66015,-962,FFFFFC3E,890.94519
1293,646,20692.69335,-959,FFFFFC41,956.13952
1295,647,20724.7246,-957,FFFFFC43,963.19165
1297,648,20756.75585,-954,FFFFFC46,879.10552
1299,649,20788.78906,-951,FFFFFC49,821.28515
1301,650,20820.82031,-948,FFFFFC4C,773.85748
1303,651,20852.85351,-945,FFFFFC4F,830.66143
1305,652,20884.88476,-941,FFFFFC53,909.25494
1307,653,20916.91601,-938,FFFFFC56,963.86035
1309,654,20948.94921,-935,FFFFFC59,941.54174
1311,655,20980.98046,-932,FFFFFC5C,865.46527
1313,656,21013.01367,-930,FFFFFC5E,809.18585
1315,657,21045.04492,-928,FFFFFC60,801.53881
1317,658,21077.07617,-926,FFFFFC62,867.36395
1319,659,21109.10937,-924,FFFFFC64,944.41766
1321,660,21141.14062,-924,FFFFFC64,959.83581
1323,661,21173.17382,-924,FFFFFC64,927.98815
1325,662,21205.20507,-923,FFFFFC65,843.47406
1327,663,21237.23632,-923,FFFFFC65,773.26208
1329,664,21269.26953,-923,FFFFFC65,816.21832
1331,665,21301.30078,-924,FFFFFC64,886.70458
1333,666,21333.33398,-924,FFFFFC64,954.51141
1335,667,21365.36523,-926,FFFFFC62,964.7799
1337,668,21397.39648,-928,FFFFFC60,908.77673
1339,669,21429.42968,-930,FFFFFC5E,817.76544
1341,670,21461.46093,-933,FFFFFC5B,786.93798
1343,671,21493.49414,-935,FFFFFC59,833.68072
1345,672,21525.52539,-938,FFFFFC56,908.49365
1347,673,21557.55664,-941,FFFFFC53,953.70971
1349,674,21589.58984,-944,FFFFFC50,959.47229
1351,675,21621.62109,-947,FFFFFC4D,856.71997
1353,676,21653.65429,-951,FFFFFC49,788.96923
1355,677,21685.68554,-955,FFFFFC45,764.33062
1357,678,21717.71679,-959,FFFFFC41,855.00653
1359,679,21749.75,-963,FFFFFC3D,919.95501
1361,680,21781.78125,-967,FFFFFC39,976.62597
1363,681,21813.81445,-971,FFFFFC35,932.06939
1365,682,21845.8457,-975,FFFFFC31,849.89373
1367,683,21877.87695,-978,FFFFFC2E,779.91455
1369,684,21909.91015,-981,FFFFFC2B,796.87622
1371,685,21941.9414,-985,FFFFFC27,877.76287
1373,686,21973.9746,-988,FFFFFC24,966.156
1375,687,22006.00585,-990,FFFFFC22,953.47601
1377,688,22038.0371,-993,FFFFFC1F,874.82952
1379,689,22070.07031,-997,FFFFFC1B,810.90753
1381,690,22102.10156,-1001,FFFFFC17,770.63995
1383,691,22134.13476,-1004,FFFFFC14,805.69458
1385,692,22166.16601,-1005,FFFFFC13,911.26861
1387,693,22198.19726,-1007,FFFFFC11,967.34716
1389,694,22230.23046,-1009,FFFFFC0F,970.00805
1391,695,22262.26171,-1011,FFFFFC0D,867.61853
1393,696,22294.29492,-1013,FFFFFC0B,796.22668
1395,697,22326.32617,-1014,FFFFFC0A,775.90777
1397,698,22358.35742,-1015,FFFFFC09,841.5689
1399,699,22390.39062,-1016,FFFFFC08,931.3067
1401,700,22422.42187,-1016,FFFFFC08,974.66589
1403,701,22454.45507,-1016,FFFFFC08,949.04296
1405,702,22486.48632,-1016,FFFFFC08,844.57318
1407,703,22518.51757,-1016,FFFFFC08,775.19104
1409,704,22550.55078,-1014,FFFFFC0A,792.90106
1411,705,22582.58203,-1012,FFFFFC0C,877.635
1413,706,22614.61523,-1011,FFFFFC0D,936.26586
1415,707,22646.64648,-1009,FFFFFC0F,978.55615
1417,708,22678.67773,-1007,FFFFFC11,890.97924
1419,709,22710.71093,-1004,FFFFFC14,794.16241
1421,710,22742.74218,-1002,FFFFFC16,777.51928
1423,711,22774.77539,-1000,FFFFFC18,821.11047
1425,712,22806.80664,-997,FFFFFC1B,923.46612
1427,713,22838.83789,-994,FFFFFC1E,983.31536
1429,714,22870.87109,-990,FFFFFC22,951.21423
1431,715,22902.90234,-986,FFFFFC26,890.53649
1433,716,22934.93554,-982,FFFFFC2A,794.19909
1435,717,22966.96679,-976,FFFFFC30,769.33001
1437,718,22998.99804,-972,FFFFFC34,840.04302
1439,719,23031.03125,-968,FFFFFC38,944.69702
1441,720,23063.0625,-965,FFFFFC3B,981.62042
1443,721,23095.0957,-962,FFFFFC3E,932.33239
1445,722,23127.12695,-960,FFFFFC40,850.3103
1447,723,23159.1582,-956,FFFFFC44,750.25512
1449,724,23191.1914,-952,FFFFFC48,786.3142
1451,725,23223.22265,-949,FFFFFC4B,871.30981
1453,726,23255.25585,-944,FFFFFC50,951.02923
1455,727,23287.2871,-941,FFFFFC53,980.32458
1457,728,23319.31835,-940,FFFFFC54,921.02172
1459,729,23351.35156,-935,FFFFFC59,826.4884
1461,730,23383.38281,-932,FFFFFC5C,756.31561
1463,731,23415.41601,-931,FFFFFC5D,802.29388
1465,732,23447.44726,-930,FFFFFC5E,884.35028
1467,733,23479.47851,-931,FFFFFC5D,984.34552
1469,734,23511.51171,-931,FFFFFC5D,958.24395
1471,735,23543.54296,-930,FFFFFC5E,883.91046
1473,736,23575.57617,-930,FFFFFC5E,793.10797
1475,737,23607.60742,-929,FFFFFC5F,743.68536
1477,738,23639.63867,-930,FFFFFC5E,849.42108
1479,739,23671.67187,-930,FFFFFC5E,931.94659
1481,740,23703.70312,-930,FFFFFC5E,994.52447
1483,741,23735.73632,-933,FFFFFC5B,956.45367
1485,742,23767.76757,-934,FFFFFC5A,839.81573
1487,743,23799.79882,-936,FFFFFC58,758.02099
1489,744,23831.83203,-939,FFFFFC55,772.43347
1491,745,23863.86328,-942,FFFFFC52,872.19415
1493,746,23895.89648,-945,FFFFFC4F,975.50415
1495,747,23927.92773,-948,FFFFFC4C,980.65917
1497,748,23959.95898,-951,FFFFFC49,919.2843
1499,749,23991.99218,-954,FFFFFC46,797.30407
1501,750,24024.02343,-958,FFFFFC42,768.39923
1503,751,24056.05664,-962,FFFFFC3E,798.86926
1505,752,24088.08789,-966,FFFFFC3A,911.32214
1507,753,24120.12109,-970,FFFFFC36,1006.87371
1509,754,24152.15234,-974,FFFFFC32,964.22473
1511,755,24184.18359,-978,FFFFFC2E,889.84027
1513,756,24216.21679,-981,FFFFFC2B,785.14837
1515,757,24248.24804,-983,FFFFFC29,777.87298
1517,758,24280.28125,-986,FFFFFC26,843.7871
1519,759,24312.3125,-989,FFFFFC23,951.30596
1521,760,24344.34375,-992,FFFFFC20,995.79626
1523,761,24376.37695,-996,FFFFFC1C,930.86602
1525,762,24408.4082,-1000,FFFFFC18,855.46624
1527,763,24440.4414,-1004,FFFFFC14,772.51806
1529,764,24472.47265,-1007,FFFFFC11,755.74993
1531,765,24504.5039,-1009,FFFFFC0F,859.04974
1533,766,24536.5371,-1011,FFFFFC0D,998.51623
1535,767,24568.56835,-1013,FFFFFC0B,1002.42102
1537,768,24600.60156,-1014,FFFFFC0A,917.58374
1539,769,24632.63281,-1015,FFFFFC09,843.8648
1541,770,24664.66406,-1016,FFFFFC08,738.29095
1543,771,24696.69726,-1016,FFFFFC08,763.20654
1545,772,24728.72851,-1018,FFFFFC06,896.35662
1547,773,24760.76171,-1019,FFFFFC05,966.73815
1549,774,24792.79296,-1020,FFFFFC04,977.43103
1551,775,24824.82421,-1020,FFFFFC04,912.96423
1553,776,24856.85742,-1019,FFFFFC05,788.6828
1555,777,24888.88867,-1017,FFFFFC07,743.04614
1557,778,24920.92187,-1015,FFFFFC09,817.54339
1559,779,24952.95312,-1013,FFFFFC0B,942.5122
1561,780,24984.98437,-1010,FFFFFC0E,984.21734
1563,781,25017.01757,-1007,FFFFFC11,964.56158
1565,782,25049.04882,-1004,FFFFFC14,852.53771
1567,783,25081.08203,-1003,FFFFFC15,724.14257
1569,784,25113.11328,-1002,FFFFFC16,747.64965
1571,785,25145.14453,-999,FFFFFC19,857.07855
1573,786,25177.17773,-995,FFFFFC1D,980.23852
1575,787,25209.20898,-992,FFFFFC20,989.29107
1577,788,25241.24218,-988,FFFFFC24,934.51068
1579,789,25273.27343,-983,FFFFFC29,819.94531
1581,790,25305.30468,-978,FFFFFC2E,739.32586
1583,791,25337.33789,-974,FFFFFC32,776.9317
1585,792,25369.36914,-970,FFFFFC36,938.53222
1587,793,25401.40234,-966,FFFFFC3A,995.24072
1589,794,25433.43359,-964,FFFFFC3C,1003.68713
1591,795,25465.46484,-962,FFFFFC3E,910.6621
1593,796,25497.49804,-959,FFFFFC41,779.70599
1595,797,25529.52929,-956,FFFFFC44,719.46813
1597,798,25561.5625,-954,FFFFFC46,818.45959
1599,799,25593.59375,-951,FFFFFC49,941.94274
1601,800,25625.625,-946,FFFFFC4E,1012.25531
1603,801,25657.6582,-943,FFFFFC51,971.93664
1605,802,25689.68945,-941,FFFFFC53,841.29357
1607,803,25721.72265,-939,FFFFFC55,748.30175
1609,804,25753.7539,-938,FFFFFC56,744.30914
1611,805,25785.78515,-936,FFFFFC58,872.36492
1613,806,25817.81835,-935,FFFFFC59,959.36682
1615,807,25849.8496,-935,FFFFFC59,1009.03765
1617,808,25881.88281,-935,FFFFFC59,928.64593
1619,809,25913.91406,-936,FFFFFC58,835.59368
1621,810,25945.94531,-935,FFFFFC59,728.71545
1623,811,25977.97851,-935,FFFFFC59,807.90722
1625,812,26010.00976,-935,FFFFFC59,907.68243
1627,813,26042.04296,-935,FFFFFC59,1015.17095
1629,814,26074.07421,-937,FFFFFC57,1005.87127
1631,815,26106.10546,-938,FFFFFC56,890.15606
1633,816,26138.13867,-941,FFFFFC53,763.578
1635,817,26170.16992,-945,FFFFFC4F,696.49926
1637,818,26202.20312,-947,FFFFFC4D,826.98553
1639,819,26234.23437,-950,FFFFFC4A,937.13171
1641,820,26266.26562,-953,FFFFFC47,1001.40405
1643,821,26298.29882,-957,FFFFFC43,995.9295
1645,822,26330.33007,-959,FFFFFC41,857.12951
1647,823,26362.36328,-963,FFFFFC3D,742.03851
1649,824,26394.39453,-968,FFFFFC38,718.16156
1651,825,26426.42578,-973,FFFFFC33,854.9389
1653,826,26458.45898,-977,FFFFFC2F,989.53649
1655,827,26490.49023,-980,FFFFFC2C,1027.20739
1657,828,26522.52343,-984,FFFFFC28,939.97088
1659,829,26554.55468,-988,FFFFFC24,822.93768
1661,830,26586.58593,-991,FFFFFC21,720.3208
1663,831,26618.61914,-994,FFFFFC1E,749.60296
1665,832,26650.65039,-998,FFFFFC1A,886.87872
1667,833,26682.68359,-1002,FFFFFC16,986.13946
1669,834,26714.71484,-1005,FFFFFC13,1081.66516
1671,835,26746.74609,-1008,FFFFFC10,899.19696
1673,836,26778.77929,-1011,FFFFFC0D,809.63256
1675,837,26810.81054,-1014,FFFFFC0A,710.49523
1677,838,26842.84375,-1017,FFFFFC07,795.94598
1679,839,26874.875,-1020,FFFFFC04,932.98864
1681,840,26906.90625,-1022,FFFFFC02,1040.49645
1683,841,26938.93945,-1023,FFFFFC01,979.63476
1685,842,26970.9707,-1025,FFFFFBFF,878.30389
1687,843,27003.0039,-1025,FFFFFBFF,733.36895
1689,844,27035.03515,-1027,FFFFFBFD,732.30084
1691,845,27067.0664,-1026,FFFFFBFE,864.28894
1693,846,27099.0996,-1023,FFFFFC01,996.06188
1695,847,27131.13085,-1022,FFFFFC02,1045.24023
1697,848,27163.16406,-1022,FFFFFC02,1023.22387
1699,849,27195.19531,-1023,FFFFFC01,806.89385
1701,850,27227.22656,-858,FFFFFCA6,729.37194
1703,851,27259.25976,-856,FFFFFCA8,769.75292
1705,852,27291.29101,-854,FFFFFCAA,866.2893
1707,853,27323.32421,-851,FFFFFCAD,1033.48352
1709,854,27355.35546,-849,FFFFFCAF,1025.45788
1711,855,27387.38671,-848,FFFFFCB0,898.05633
1713,856,27419.41992,-847,FFFFFCB1,777.97918
1715,857,27451.45117,-846,FFFFFCB2,669.64825
1717,858,27483.48437,-846,FFFFFCB2,736.11267
1719,859,27515.51562,-845,FFFFFCB3,961.39721
1721,860,27547.54687,-845,FFFFFCB3,1029.22937
1723,861,27579.58007,-844,FFFFFCB4,1001.10565
1725,862,27611.61132,-844,FFFFFCB4,908.69354
1727,863,27643.64453,-846,FFFFFCB2,764.0595
1729,864,27675.67578,-848,FFFFFCB0,669.05297
1731,865,27707.70703,-851,FFFFFCAD,843.13354
1733,866,27739.74023,-853,FFFFFCAB,1029.27416
1735,867,27771.77148,-855,FFFFFCA9,1073.71972
1737,868,27803.80468,-857,FFFFFCA7,976.29925
1739,869,27835.83593,-860,FFFFFCA4,802.80212
1741,870,27867.86718,-863,FFFFFCA1,679.95343
1743,871,27899.90039,-867,FFFFFC9D,711.234
1745,872,27931.93164,-870,FFFFFC9A,867.63574
1747,873,27963.96484,-874,FFFFFC96,1075.46264
1749,874,27995.99609,-877,FFFFFC93,1063.6621
1751,875,28028.02734,-881,FFFFFC8F,940.08386
1753,876,28060.06054,-885,FFFFFC8B,780.28979
1755,877,28092.09179,-889,FFFFFC87,674.37274
1757,878,28124.125,-893,FFFFFC83,784.51202
1759,879,28156.15625,-897,FFFFFC7F,965.51953
1761,880,28188.1875,-901,FFFFFC7B,1089.52001
1763,881,28220.2207,-905,FFFFFC77,1070.58276
1765,882,28252.25195,-909,FFFFFC73,898.45965
1767,883,28284.28515,-911,FFFFFC71,715.08343
1769,884,28316.3164,-914,FFFFFC6E,659.33142
1771,885,28348.34765,-918,FFFFFC6A,815.04876
1773,886,28380.38085,-922,FFFFFC66,1032.26635
1775,887,28412.4121,-926,FFFFFC62,1103.42724
1777,888,28444.44531,-929,FFFFFC5F,1037.81286
1779,889,28476.47656,-930,FFFFFC5E,832.3034
1781,890,28508.50781,-932,FFFFFC5C,664.09954
1783,891,28540.54101,-934,FFFFFC5A,652.1997
1785,892,28572.57226,-936,FFFFFC58,910.77929
1787,893,28604.60546,-937,FFFFFC57,1050.02343
1789,894,28636.63671,-938,FFFFFC56,1104.13354
1791,895,28668.66796,-939,FFFFFC55,974.29882
1793,896,28700.70117,-939,FFFFFC55,777.66418
1795,897,28732.73242,-940,FFFFFC54,643.78167
1797,898,28764.76562,-941,FFFFFC53,727.4812
1799,899,28796.79687,-942,FFFFFC52,1011.583
1801,900,28828.82812,-941,FFFFFC53,1115.24975
1803,901,28860.86132,-940,FFFFFC54,1154.1643
1805,902,28892.89257,-938,FFFFFC56,888.72979
1807,903,28924.92578,-935,FFFFFC59,476.13732
1809,904,28956.95703,-933,FFFFFC5B,667.34326
1811,905,28988.98828,-930,FFFFFC5E,817.88592
1813,906,29021.02148,-927,FFFFFC61,1035.25073
1815,907,29053.05273,-925,FFFFFC63,1158.66186
1817,908,29085.08593,-922,FFFFFC66,1057.30053
1819,909,29117.11718,-920,FFFFFC68,857.34362
1821,910,29149.14843,-916,FFFFFC6C,641.69427
1823,911,29181.18164,-912,FFFFFC70,626.16564
1825,912,29213.21289,-908,FFFFFC74,808.44024
1827,913,29245.24609,-904,FFFFFC78,1163.37744
1829,914,29277.27734,-901,FFFFFC7B,1169.6029
1831,915,29309.30859,-897,FFFFFC7F,1107.27343
1833,916,29341.34179,-893,FFFFFC83,729.41333
1835,917,29373.37304,-891,FFFFFC85,459.12582
1837,918,29405.40625,-888,FFFFFC88,669.815
1839,919,29437.4375,-884,FFFFFC8C,1011.13232
1841,920,29469.46875,-880,FFFFFC90,1161.9248
1843,921,29501.50195,-877,FFFFFC93,1153.67919
1845,922,29533.5332,-873,FFFFFC97,1006.62042
1847,923,29565.5664,-869,FFFFFC9B,620.15966
1849,924,29597.59765,-866,FFFFFC9E,594.62402
1851,925,29629.6289,-864,FFFFFCA0,763.67492
1853,926,29661.6621,-863,FFFFFCA1,1094.05383
1855,927,29693.69335,-860,FFFFFCA4,1247.58544
1857,928,29725.72656,-859,FFFFFCA5,1137.12902
1859,929,29757.75781,-859,FFFFFCA5,891.73162
1861,930,29789.78906,-859,FFFFFCA5,572.03143
1863,931,29821.82226,-859,FFFFFCA5,496.15866
1865,932,29853.85351,-859,FFFFFCA5,885.80206
1867,933,29885.88671,-858,FFFFFCA6,1172.13403
1869,934,29917.91796,-857,FFFFFCA7,1264.14367
1871,935,29949.94921,-858,FFFFFCA6,1128.21362
1873,936,29981.98242,-858,FFFFFCA6,784.59118
1875,937,30014.01367,-860,FFFFFCA4,457.93743
1877,938,30046.04687,-862,FFFFFCA2,633.61853
1879,939,30078.07812,-865,FFFFFC9F,1039.62731
1881,940,30110.10937,-869,FFFFFC9B,1309.4685
1883,941,30142.14257,-872,FFFFFC98,1298.48706
1885,942,30174.17382,-875,FFFFFC95,1083.32055
1887,943,30206.20703,-878,FFFFFC92,653.51544
1889,944,30238.23828,-880,FFFFFC90,368.09185
1891,945,30270.26953,-885,FFFFFC8B,777.46044
1893,946,30302.30273,-889,FFFFFC87,1196.3507
1895,947,30334.33398,-892,FFFFFC84,1401.88415
1897,948,30366.36718,-895,FFFFFC81,1331.79882
1899,949,30398.39843,-898,FFFFFC7E,941.71331
1901,950,30430.42968,-903,FFFFFC79,476.51361
1903,951,30462.46289,-907,FFFFFC75,448.70407
1905,952,30494.49414,-911,FFFFFC71,952.39648
1907,953,30526.52734,-915,FFFFFC6D,1376.06982
1909,954,30558.55859,-918,FFFFFC6A,1451.87158
1911,955,30590.58984,-922,FFFFFC66,1243.97656
1913,956,30622.62304,-926,FFFFFC62,850.6795
1915,957,30654.65429,-929,FFFFFC5F,284.30194
1917,958,30686.6875,-932,FFFFFC5C,833.76403
1919,959,30718.71875,-936,FFFFFC58,1176.609
1921,960,30750.75,-939,FFFFFC55,1497.18176
1923,961,30782.7832,-942,FFFFFC52,1540.47167
1925,962,30814.81445,-943,FFFFFC51,1241.17529
1927,963,30846.84765,-945,FFFFFC4F,636.72113
1929,964,30878.8789,-947,FFFFFC4D,141.05755
1931,965,30910.91015,-949,FFFFFC4B,823.28485
1933,966,30942.94335,-951,FFFFFC49,1414.95153
1935,967,30974.9746,-952,FFFFFC48,1799.22753
1937,968,31007.00781,-952,FFFFFC48,1740.40466
1939,969,31039.03906,-953,FFFFFC47,1171.77331
1941,970,31071.07031,-953,FFFFFC47,496.20495
1943,971,31103.10351,-953,FFFFFC47,625.85253
1945,972,31135.13476,-953,FFFFFC47,994.89398
1947,973,31167.16796,-952,FFFFFC48,1835.09472
1949,974,31199.19921,-951,FFFFFC49,2113.28759
1951,975,31231.23046,-949,FFFFFC4B,1908.42797
1953,976,31263.26367,-946,FFFFFC4E,1390.32702
1955,977,31295.29492,-944,FFFFFC50,588.42425
1957,978,31327.32812,-942,FFFFFC52,1313.45056
1959,979,31359.35937,-940,FFFFFC54,2096.37011
1961,980,31391.39062,-936,FFFFFC58,2811.02124
1963,981,31423.42382,-933,FFFFFC5B,3089.65136
1965,982,31455.45507,-930,FFFFFC5E,2961.23681
1967,983,31487.48828,-927,FFFFFC61,3115.02514
1969,984,31519.51953,-923,FFFFFC65,4830.28662
1971,985,31551.55078,-919,FFFFFC69,19848.74414
1973,986,31583.58398,-915,FFFFFC6D,6769.79394
1975,987,31615.61523,-911,FFFFFC71,1236.16467
1977,988,31647.64843,-907,FFFFFC75,1292.81457
1979,989,31679.67968,-903,FFFFFC79,1391.77441
1981,990,31711.71093,-901,FFFFFC7B,1087.44567
1983,991,31743.74414,-897,FFFFFC7F,547.00177
1985,992,31775.77539,-893,FFFFFC83,1538.42028
1987,993,31807.80859,-890,FFFFFC86,2641.95996
1989,994,31839.83984,-886,FFFFFC8A,3685.5979
1991,995,31871.87109,-883,FFFFFC8D,3900.00195
1993,996,31903.90429,-880,FFFFFC90,4595.47705
1995,997,31935.93554,-878,FFFFFC92,6121.73876
1997,998,31967.96875,-876,FFFFFC94,12872.77636
1999,999,32000,-873,FFFFFC97,0
1s,,,,,
2s,,,,,
3s,,,,,
4s,,,,,
5s,,,,,
start I2S -> sleep 1s ,,,,,
before start DMA ,,,,,
before stop DMA ,,,,,
stop DMA -> sleep 1s ,,,,,
before stop I2S ,,,,,
stop I2S -> 1s ,,,,,
Cycle 1,,,,,
i, k, frequency, d1, d1, i2s_fft_buf[k]
1,0,0,-864,FFFFFCA0,0
3,1,32.03203,-863,FFFFFCA1,13898.09863
5,2,64.06406,-861,FFFFFCA3,6292.07177
7,3,96.09609,-860,FFFFFCA4,4484.43847
9,4,128.12812,-860,FFFFFCA4,3572.25976
11,5,160.16015,-859,FFFFFCA5,3333.50341
13,6,192.19219,-858,FFFFFCA6,2024.90051
15,7,224.22422,-859,FFFFFCA5,3229.12329
17,8,256.25625,-859,FFFFFCA5,265.40914
19,9,288.28829,-859,FFFFFCA5,1238.68566
21,10,320.32031,-861,FFFFFCA3,1772.67504
23,11,352.35235,-863,FFFFFCA1,1289.15673
25,12,384.38439,-866,FFFFFC9E,1592.51184
27,13,416.41641,-868,FFFFFC9C,7760.4331
29,14,448.44845,-872,FFFFFC98,20980.14453
31,15,480.48046,-875,FFFFFC95,5094.19824
33,16,512.51251,-877,FFFFFC93,2894.43579
35,17,544.54455,-880,FFFFFC90,2924.37548
37,18,576.57659,-884,FFFFFC8C,3101.97827
39,19,608.60858,-886,FFFFFC8A,2782.71484
41,20,640.64062,-889,FFFFFC87,2038.44238
43,21,672.67266,-893,FFFFFC83,1135.68762
45,22,704.70471,-898,FFFFFC7E,683.90576
47,23,736.73675,-903,FFFFFC79,1352.55969
49,24,768.76879,-907,FFFFFC75,1954.20959
51,25,800.80078,-910,FFFFFC72,2099.67382
53,26,832.83282,-915,FFFFFC6D,1736.15429
55,27,864.86486,-918,FFFFFC6A,891.89947
57,28,896.89691,-920,FFFFFC68,461.72705
59,29,928.92895,-924,FFFFFC64,575.27343
61,30,960.96093,-928,FFFFFC60,1171.64477
63,31,992.99298,-931,FFFFFC5D,1639.54394
65,32,1025.02502,-935,FFFFFC59,1689.23718
67,33,1057.057,-939,FFFFFC55,1323.5968
69,34,1089.08911,-941,FFFFFC53,721.51849
71,35,1121.12109,-943,FFFFFC51,129.28866
73,36,1153.15319,-946,FFFFFC4E,741.34735
75,37,1185.18518,-949,FFFFFC4B,1256.15942
77,38,1217.21716,-950,FFFFFC4A,1546.4447
79,39,1249.24926,-950,FFFFFC4A,1440.53454
81,40,1281.28125,-951,FFFFFC49,1023.54113
83,41,1313.31335,-953,FFFFFC47,601.14068
85,42,1345.34533,-954,FFFFFC46,451.35543
87,43,1377.37731,-955,FFFFFC45,991.2749
89,44,1409.40942,-955,FFFFFC45,1320.12475
91,45,1441.4414,-955,FFFFFC45,1433.92785
93,46,1473.47351,-954,FFFFFC46,1270.2196
95,47,1505.50549,-952,FFFFFC48,795.87896
97,48,1537.53759,-951,FFFFFC49,329.62399
99,49,1569.56958,-949,FFFFFC4B,584.57641
101,50,1601.60156,-947,FFFFFC4D,1065.39892
103,51,1633.63366,-945,FFFFFC4F,1331.86035
105,52,1665.66564,-942,FFFFFC52,1350.73901
107,53,1697.69775,-939,FFFFFC55,1032.72387
109,54,1729.72973,-936,FFFFFC58,536.98052
111,55,1761.76171,-932,FFFFFC5C,460.19387
113,56,1793.79382,-928,FFFFFC60,804.57678
115,57,1825.8258,-925,FFFFFC63,1105.4602
117,58,1857.85791,-921,FFFFFC67,1297.62915
119,59,1889.88989,-917,FFFFFC6B,1191.48999
121,60,1921.92187,-913,FFFFFC6F,871.64276
123,61,1953.95397,-907,FFFFFC75,523.74188
125,62,1985.98596,-902,FFFFFC7A,576.87103
127,63,2018.01806,-899,FFFFFC7D,953.58874
129,64,2050.05004,-896,FFFFFC80,1207.83154
131,65,2082.08203,-893,FFFFFC83,1252.79882
133,66,2114.11401,-891,FFFFFC85,1079.64416
135,67,2146.14624,-888,FFFFFC88,709.79913
137,68,2178.17822,-883,FFFFFC8D,448.21951
139,69,2210.2102,-880,FFFFFC90,691.34106
141,70,2242.24218,-877,FFFFFC93,999.79077
143,71,2274.27416,-873,FFFFFC97,1193.31103
145,72,2306.30639,-871,FFFFFC99,1175.66992
147,73,2338.33837,-871,FFFFFC99,989.6643
149,74,2370.37036,-870,FFFFFC9A,632.96813
151,75,2402.40234,-868,FFFFFC9C,570.99975
153,76,2434.43432,-868,FFFFFC9C,797.65844
155,77,2466.46655,-868,FFFFFC9C,1041.08398
157,78,2498.49853,-868,FFFFFC9C,1157.69897
159,79,2530.53051,-868,FFFFFC9C,1090.53186
161,80,2562.5625,-867,FFFFFC9D,875.34527
163,81,2594.59448,-869,FFFFFC9B,551.65771
165,82,2626.6267,-871,FFFFFC99,597.82678
167,83,2658.65869,-872,FFFFFC98,931.3161
169,84,2690.69067,-874,FFFFFC96,1042.40832
171,85,2722.72265,-877,FFFFFC93,1065.76782
173,86,2754.75463,-880,FFFFFC90,1111.44812
175,87,2786.78686,-883,FFFFFC8D,763.393
177,88,2818.81884,-886,FFFFFC8A,583.81701
179,89,2850.85083,-890,FFFFFC86,777.0899
181,90,2882.88281,-894,FFFFFC82,1016.95904
183,91,2914.91479,-899,FFFFFC7D,1159.00756
185,92,2946.94702,-902,FFFFFC7A,1118.37939
187,93,2978.979,-906,FFFFFC76,885.18133
189,94,3011.01098,-911,FFFFFC71,610.49255
191,95,3043.04296,-916,FFFFFC6C,674.01861
193,96,3075.07519,-920,FFFFFC68,623.7052
195,97,3107.10717,-924,FFFFFC64,975.20056
197,98,3139.13916,-929,FFFFFC5F,1072.24841
199,99,3171.17114,-933,FFFFFC5B,1039.3247
201,100,3203.20312,-937,FFFFFC57,791.617
203,101,3235.23535,-941,FFFFFC53,565.20617
205,102,3267.26733,-944,FFFFFC50,644.7434
207,103,3299.29931,-948,FFFFFC4C,856.71649
209,104,3331.33129,-952,FFFFFC48,1127.53027
211,105,3363.36328,-956,FFFFFC44,1058.35693
213,106,3395.3955,-959,FFFFFC41,943.21337
215,107,3427.42749,-963,FFFFFC3D,694.54858
217,108,3459.45947,-966,FFFFFC3A,624.74737
219,109,3491.49145,-969,FFFFFC37,815.58715
221,110,3523.52343,-971,FFFFFC35,946.27172
223,111,3555.55566,-972,FFFFFC34,1055.46887
225,112,3587.58764,-974,FFFFFC32,1024.00732
227,113,3619.61962,-975,FFFFFC31,901.76428
229,114,3651.65161,-976,FFFFFC30,690.14251
231,115,3683.68359,-977,FFFFFC2F,647.95861
233,116,3715.71582,-977,FFFFFC2F,797.88293
235,117,3747.7478,-978,FFFFFC2E,1051.44287
237,118,3779.77978,-978,FFFFFC2E,1106.62927
239,119,3811.81176,-977,FFFFFC2F,988.08386
241,120,3843.84375,-975,FFFFFC31,797.61737
243,121,3875.87597,-973,FFFFFC33,653.39337
245,122,3907.90795,-972,FFFFFC34,746.33477
247,123,3939.93994,-969,FFFFFC37,956.40618
249,124,3971.97192,-967,FFFFFC39,988.94964
251,125,4004.0039,-965,FFFFFC3B,994.97113
253,126,4036.03613,-962,FFFFFC3E,955.34155
255,127,4068.06811,-958,FFFFFC42,770.74114
257,128,4100.10009,-954,FFFFFC46,643.01623
259,129,4132.13232,-950,FFFFFC4A,773.34436
261,130,4164.16406,-944,FFFFFC50,947.22589
263,131,4196.19628,-940,FFFFFC54,1064.12658
265,132,4228.22802,-937,FFFFFC57,1036.22131
267,133,4260.26025,-932,FFFFFC5C,880.19165
269,134,4292.29248,-926,FFFFFC62,709.97235
271,135,4324.32421,-922,FFFFFC66,718.00433
273,136,4356.35644,-918,FFFFFC6A,910.94592
275,137,4388.38818,-915,FFFFFC6D,1007.15826
277,138,4420.42041,-911,FFFFFC71,1010.29168
279,139,4452.45263,-907,FFFFFC75,898.89105
281,140,4484.48437,-904,FFFFFC78,814.1593
283,141,4516.5166,-900,FFFFFC7C,638.57354
285,142,4548.54833,-896,FFFFFC80,724.46002
287,143,4580.58056,-892,FFFFFC84,916.95251
289,144,4612.61279,-889,FFFFFC87,1073.03198
291,145,4644.64453,-885,FFFFFC8B,1002.82562
293,146,4676.67675,-882,FFFFFC8E,886.45581
295,147,4708.70849,-880,FFFFFC90,739.45758
297,148,4740.74072,-879,FFFFFC91,658.43603
299,149,4772.77294,-878,FFFFFC92,804.76489
301,150,4804.80468,-878,FFFFFC92,985.03875
303,151,4836.83691,-878,FFFFFC92,1087.29077
305,152,4868.86865,-878,FFFFFC92,999.35766
307,153,4900.90087,-879,FFFFFC91,849.33544
309,154,4932.9331,-878,FFFFFC92,736.25714
311,155,4964.96484,-878,FFFFFC92,687.79864
313,156,4996.99707,-878,FFFFFC92,850.5285
315,157,5029.0288,-880,FFFFFC90,1025.32385
317,158,5061.06103,-883,FFFFFC8D,1050.26171
319,159,5093.09326,-886,FFFFFC8A,953.0852
321,160,5125.125,-889,FFFFFC87,771.03344
323,161,5157.15722,-892,FFFFFC84,679.03283
325,162,5189.18896,-895,FFFFFC81,768.0014
327,163,5221.22119,-898,FFFFFC7E,984.11297
329,164,5253.25341,-902,FFFFFC7A,1015.37255
331,165,5285.28515,-906,FFFFFC76,982.11676
333,166,5317.31738,-909,FFFFFC73,839.08361
335,167,5349.34912,-912,FFFFFC70,748.31463
337,168,5381.38134,-915,FFFFFC6D,748.73724
339,169,5413.41357,-920,FFFFFC68,801.12622
341,170,5445.44531,-926,FFFFFC62,959.9533
343,171,5477.47753,-931,FFFFFC5D,1015.32391
345,172,5509.50927,-935,FFFFFC59,993.5852
347,173,5541.5415,-938,FFFFFC56,822.32397
349,174,5573.57373,-941,FFFFFC53,710.1333
351,175,5605.60546,-944,FFFFFC50,727.27923
353,176,5637.63769,-947,FFFFFC4D,908.05139
355,177,5669.66943,-949,FFFFFC4B,1046.08142
357,178,5701.70166,-953,FFFFFC47,987.06994
359,179,5733.73388,-957,FFFFFC43,893.21203
361,180,5765.76562,-960,FFFFFC40,783.00695
363,181,5797.79785,-962,FFFFFC3E,744.13574
365,182,5829.82958,-964,FFFFFC3C,779.03192
367,183,5861.86181,-966,FFFFFC3A,949.06964
369,184,5893.89404,-969,FFFFFC37,1015.91442
371,185,5925.92578,-971,FFFFFC35,985.25549
373,186,5957.958,-972,FFFFFC34,856.05065
375,187,5989.98974,-972,FFFFFC34,743.72283
377,188,6022.02197,-971,FFFFFC35,760.74114
379,189,6054.05419,-972,FFFFFC34,840.56103
381,190,6086.08593,-973,FFFFFC33,991.72314
383,191,6118.11816,-973,FFFFFC33,1008.56042
385,192,6150.15039,-972,FFFFFC34,924.75189
387,193,6182.18212,-971,FFFFFC35,773.48382
389,194,6214.21435,-970,FFFFFC36,760.63659
391,195,6246.24609,-967,FFFFFC39,770.27191
393,196,6278.27832,-965,FFFFFC3B,843.14123
395,197,6310.31054,-963,FFFFFC3D,983.03906
397,198,6342.34228,-960,FFFFFC40,975.19573
399,199,6374.37451,-957,FFFFFC43,883.67645
401,200,6406.40625,-953,FFFFFC47,777.52996
403,201,6438.43847,-950,FFFFFC4A,742.67926
405,202,6470.4707,-947,FFFFFC4D,801.14044
407,203,6502.50244,-943,FFFFFC51,940.36193
409,204,6534.53466,-939,FFFFFC55,1007.06109
411,205,6566.5664,-935,FFFFFC59,983.72576
413,206,6598.59863,-931,FFFFFC5D,829.46197
415,207,6630.63085,-926,FFFFFC62,734.25231
417,208,6662.66259,-922,FFFFFC66,762.68255
419,209,6694.69482,-919,FFFFFC69,847.49822
421,210,6726.72656,-916,FFFFFC6C,986.3963
423,211,6758.75878,-913,FFFFFC6F,987.70068
425,212,6790.79101,-909,FFFFFC73,891.44006
427,213,6822.82275,-906,FFFFFC76,795.9104
429,214,6854.85498,-902,FFFFFC7A,771.54333
431,215,6886.88671,-899,FFFFFC7D,785.92504
433,216,6918.91894,-896,FFFFFC80,866.57244
435,217,6950.95117,-893,FFFFFC83,1004.38183
437,218,6982.98291,-891,FFFFFC85,991.48443
439,219,7015.01513,-891,FFFFFC85,891.78448
441,220,7047.04687,-890,FFFFFC86,788.2434
443,221,7079.0791,-888,FFFFFC88,757.51965
445,222,7111.11132,-886,FFFFFC8A,833.80426
447,223,7143.14306,-886,FFFFFC8A,922.9635
449,224,7175.17529,-886,FFFFFC8A,965.83276
451,225,7207.20703,-886,FFFFFC8A,902.10589
453,226,7239.23925,-886,FFFFFC8A,823.22412
455,227,7271.27148,-887,FFFFFC89,756.82049
457,228,7303.30322,-889,FFFFFC87,804.10687
459,229,7335.33544,-890,FFFFFC86,865.30548
461,230,7367.36718,-890,FFFFFC86,957.84307
463,231,7399.39941,-893,FFFFFC83,985.39801
465,232,7431.43164,-897,FFFFFC7F,918.32147
467,233,7463.46337,-899,FFFFFC7D,797.64373
469,234,7495.4956,-901,FFFFFC7B,749.51623
471,235,7527.52734,-903,FFFFFC79,819.64538
473,236,7559.55957,-906,FFFFFC76,894.11511
475,237,7591.59179,-912,FFFFFC70,982.39508
477,238,7623.62353,-916,FFFFFC6C,952.73327
479,239,7655.65576,-920,FFFFFC68,836.81036
481,240,7687.6875,-924,FFFFFC64,778.7257
483,241,7719.71972,-928,FFFFFC60,772.96807
485,242,7751.75195,-933,FFFFFC5B,870.05883
487,243,7783.78369,-938,FFFFFC56,914.6361
489,244,7815.81591,-942,FFFFFC52,970.40051
491,245,7847.84765,-944,FFFFFC50,932.75335
493,246,7879.87988,-947,FFFFFC4D,834.64111
495,247,7911.9121,-951,FFFFFC49,742.68145
497,248,7943.94384,-954,FFFFFC46,786.34326
499,249,7975.97607,-958,FFFFFC42,878.6947
501,250,8008.00781,-963,FFFFFC3D,965.96411
503,251,8040.04003,-967,FFFFFC39,963.29583
505,252,8072.07226,-970,FFFFFC36,884.9942
507,253,8104.104,-972,FFFFFC34,800.53192
509,254,8136.13623,-974,FFFFFC32,768.97802
511,255,8168.16796,-977,FFFFFC2F,812.794
513,256,8200.20019,-978,FFFFFC2E,907.03045
515,257,8232.23242,-980,FFFFFC2C,972.47406
517,258,8264.26464,-981,FFFFFC2B,952.276
519,259,8296.29589,-981,FFFFFC2B,881.32824
521,260,8328.32812,-982,FFFFFC2A,763.01849
523,261,8360.36035,-983,FFFFFC29,767.55267
525,262,8392.39257,-983,FFFFFC29,839.70074
527,263,8424.4248,-984,FFFFFC28,966.02874
529,264,8456.45605,-984,FFFFFC28,979.33917
531,265,8488.48828,-982,FFFFFC2A,926.04302
533,266,8520.5205,-981,FFFFFC2B,846.54187
535,267,8552.55273,-979,FFFFFC2D,771.83258
537,268,8584.58496,-976,FFFFFC30,819.10473
539,269,8616.61621,-974,FFFFFC32,894.10266
541,270,8648.64843,-971,FFFFFC35,972.27783
543,271,8680.68066,-969,FFFFFC37,948.34704
545,272,8712.71289,-966,FFFFFC3A,905.98999
547,273,8744.74511,-963,FFFFFC3D,821.02227
549,274,8776.77636,-958,FFFFFC42,753.43853
551,275,8808.80859,-953,FFFFFC47,814.60034
553,276,8840.84082,-950,FFFFFC4A,933.96905
555,277,8872.87304,-947,FFFFFC4D,965.44842
557,278,8904.90527,-943,FFFFFC51,939.12915
559,279,8936.93652,-938,FFFFFC56,872.19769
561,280,8968.96875,-933,FFFFFC5B,747.23999
563,281,9001.00097,-929,FFFFFC5F,754.21948
565,282,9033.0332,-926,FFFFFC62,860.93206
567,283,9065.06542,-922,FFFFFC66,943.64929
569,284,9097.09667,-919,FFFFFC69,956.29718
571,285,9129.1289,-915,FFFFFC6D,913.19653
573,286,9161.16113,-912,FFFFFC70,837.68255
575,287,9193.19335,-908,FFFFFC74,761.98095
577,288,9225.22558,-903,FFFFFC79,802.4389
579,289,9257.25683,-901,FFFFFC7B,890.63201
581,290,9289.28906,-898,FFFFFC7E,954.93151
583,291,9321.32128,-896,FFFFFC80,932.71887
585,292,9353.35351,-893,FFFFFC83,884.28393
587,293,9385.38574,-893,FFFFFC83,777.37579
589,294,9417.41699,-891,FFFFFC85,756.86077
591,295,9449.44921,-889,FFFFFC87,829.7691
593,296,9481.48144,-888,FFFFFC88,949.81005
595,297,9513.51367,-887,FFFFFC89,967.81982
597,298,9545.54589,-886,FFFFFC8A,927.82775
599,299,9577.57714,-887,FFFFFC89,863.82427
601,300,9609.60937,-888,FFFFFC88,784.12567
603,301,9641.6416,-888,FFFFFC88,790.11132
605,302,9673.67382,-890,FFFFFC86,861.48925
607,303,9705.70605,-892,FFFFFC84,953.34356
609,304,9737.7373,-895,FFFFFC81,950.97436
611,305,9769.76953,-897,FFFFFC7F,915.32562
613,306,9801.80175,-898,FFFFFC7E,805.54296
615,307,9833.83398,-902,FFFFFC7A,768.40063
617,308,9865.86621,-906,FFFFFC76,760.69189
619,309,9897.89746,-908,FFFFFC74,896.4826
621,310,9929.92968,-911,FFFFFC71,963.09625
623,311,9961.96191,-915,FFFFFC6D,953.68548
625,312,9993.99414,-919,FFFFFC69,860.92138
627,313,10026.02636,-923,FFFFFC65,777.18103
629,314,10058.05761,-928,FFFFFC60,770.41894
631,315,10090.08984,-931,FFFFFC5D,836.84918
633,316,10122.12207,-935,FFFFFC59,917.04064
635,317,10154.15429,-940,FFFFFC54,953.06072
637,318,10186.18652,-944,FFFFFC50,919.06707
639,319,10218.21777,-947,FFFFFC4D,838.6986
641,320,10250.25,-950,FFFFFC4A,753.35882
643,321,10282.28222,-954,FFFFFC46,794.33941
645,322,10314.31445,-958,FFFFFC42,853.12628
647,323,10346.34667,-962,FFFFFC3E,921.40893
649,324,10378.37792,-966,FFFFFC3A,961.35491
651,325,10410.41015,-969,FFFFFC37,883.74182
653,326,10442.44238,-973,FFFFFC33,796.776
655,327,10474.4746,-976,FFFFFC30,780.65563
657,328,10506.50683,-977,FFFFFC2F,814.44537
659,329,10538.53808,-979,FFFFFC2D,907.28106
661,330,10570.57031,-980,FFFFFC2C,955.43359
663,331,10602.60253,-981,FFFFFC2B,943.66424
665,332,10634.63476,-983,FFFFFC29,848.6983
667,333,10666.66699,-985,FFFFFC27,811.14056
669,334,10698.69824,-985,FFFFFC27,783.92413
671,335,10730.73046,-986,FFFFFC26,832.91601
673,336,10762.76269,-986,FFFFFC26,921.00396
675,337,10794.79492,-986,FFFFFC26,970.88201
677,338,10826.82714,-986,FFFFFC26,883.38397
679,339,10858.85839,-985,FFFFFC27,827.88934
681,340,10890.89062,-984,FFFFFC28,793.16772
683,341,10922.92285,-980,FFFFFC2C,809.07324
685,342,10954.95507,-978,FFFFFC2E,879.83563
687,343,10986.9873,-975,FFFFFC31,929.9848
689,344,11019.01855,-973,FFFFFC33,941.53515
691,345,11051.05078,-971,FFFFFC35,882.5274
693,346,11083.083,-968,FFFFFC38,802.82049
695,347,11115.11523,-965,FFFFFC3B,771.91986
697,348,11147.14746,-962,FFFFFC3E,820.51861
699,349,11179.17871,-958,FFFFFC42,899.6134
701,350,11211.21093,-953,FFFFFC47,957.92553
703,351,11243.24316,-949,FFFFFC4B,914.5816
705,352,11275.27539,-943,FFFFFC51,865.16296
707,353,11307.30761,-939,FFFFFC55,783.79174
709,354,11339.33886,-935,FFFFFC59,789.39129
711,355,11371.37109,-932,FFFFFC5C,852.76287
713,356,11403.40332,-930,FFFFFC5E,921.81286
715,357,11435.43554,-926,FFFFFC62,959.66229
717,358,11467.46777,-924,FFFFFC64,892.04888
719,359,11499.49902,-921,FFFFFC67,814.24212
721,360,11531.53125,-917,FFFFFC6B,762.12194
723,361,11563.56347,-913,FFFFFC6F,812.0169
725,362,11595.5957,-910,FFFFFC72,881.11444
727,363,11627.62792,-907,FFFFFC75,925.552
729,364,11659.65917,-904,FFFFFC78,948.31201
731,365,11691.6914,-903,FFFFFC79,866.27642
733,366,11723.72363,-901,FFFFFC7B,815.22216
735,367,11755.75585,-899,FFFFFC7D,787.79266
737,368,11787.78808,-899,FFFFFC7D,838.13531
739,369,11819.81933,-899,FFFFFC7D,913.05169
741,370,11851.85156,-900,FFFFFC7C,957.10229
743,371,11883.88378,-900,FFFFFC7C,920.59777
745,372,11915.91601,-899,FFFFFC7D,839.32257
747,373,11947.94824,-899,FFFFFC7D,780.88952
749,374,11979.97949,-900,FFFFFC7C,798.6441
751,375,12012.01171,-901,FFFFFC7B,866.62835
753,376,12044.04394,-903,FFFFFC79,947.8479
755,377,12076.07617,-905,FFFFFC77,922.35815
757,378,12108.10839,-907,FFFFFC75,893.40173
759,379,12140.14062,-911,FFFFFC71,837.19189
761,380,12172.17187,-915,FFFFFC6D,770.31188
763,381,12204.2041,-918,FFFFFC6A,820.32159
765,382,12236.23632,-922,FFFFFC66,899.28881
767,383,12268.26855,-926,FFFFFC62,941.97296
769,384,12300.30078,-930,FFFFFC5E,948.87854
771,385,12332.33203,-934,FFFFFC5A,862.16522
773,386,12364.36425,-937,FFFFFC57,797.16064
775,387,12396.39648,-941,FFFFFC53,789.50909
777,388,12428.42871,-945,FFFFFC4F,846.11602
779,389,12460.46093,-950,FFFFFC4A,907.18292
781,390,12492.49218,-954,FFFFFC46,937.79083
783,391,12524.52441,-959,FFFFFC41,917.93188
785,392,12556.55664,-963,FFFFFC3D,844.68109
787,393,12588.58886,-967,FFFFFC39,790.90948
789,394,12620.62109,-971,FFFFFC35,804.3493
791,395,12652.65234,-975,FFFFFC31,868.79266
793,396,12684.68457,-977,FFFFFC2F,935.26361
795,397,12716.71679,-981,FFFFFC2B,943.47692
797,398,12748.74902,-986,FFFFFC26,890.50567
799,399,12780.78125,-989,FFFFFC23,805.23211
801,400,12812.8125,-992,FFFFFC20,786.96514
803,401,12844.84472,-993,FFFFFC1F,821.53344
805,402,12876.87695,-994,FFFFFC1E,913.51727
807,403,12908.90917,-997,FFFFFC1B,935.03771
809,404,12940.9414,-999,FFFFFC19,931.92388
811,405,12972.97265,-1000,FFFFFC18,866.20092
813,406,13005.00488,-1001,FFFFFC17,804.57635
815,407,13037.0371,-1001,FFFFFC17,800.37475
817,408,13069.06933,-1001,FFFFFC17,860.247
819,409,13101.10156,-1001,FFFFFC17,925.53424
821,410,13133.13281,-1001,FFFFFC17,955.25488
823,411,13165.16503,-1000,FFFFFC18,894.22692
825,412,13197.19726,-1000,FFFFFC18,833.18194
827,413,13229.22949,-998,FFFFFC1A,785.88824
829,414,13261.26171,-996,FFFFFC1C,802.85064
831,415,13293.29296,-993,FFFFFC1F,870.12731
833,416,13325.32519,-990,FFFFFC22,934.70458
835,417,13357.35742,-987,FFFFFC25,945.77648
837,418,13389.38964,-983,FFFFFC29,887.86657
839,419,13421.42187,-980,FFFFFC2C,801.63323
841,420,13453.45312,-977,FFFFFC2F,794.73101
843,421,13485.48535,-973,FFFFFC33,819.3468
845,422,13517.51757,-969,FFFFFC37,908.33929
847,423,13549.5498,-965,FFFFFC3B,936.74981
849,424,13581.58203,-960,FFFFFC40,923.11376
851,425,13613.61328,-955,FFFFFC45,841.47979
853,426,13645.6455,-950,FFFFFC4A,797.93139
855,427,13677.67773,-945,FFFFFC4F,799.20141
857,428,13709.70996,-942,FFFFFC52,836.59002
859,429,13741.74218,-939,FFFFFC55,931.84423
861,430,13773.77343,-935,FFFFFC59,943.2528
863,431,13805.80566,-931,FFFFFC5D,894.906
865,432,13837.83789,-926,FFFFFC62,832.497
867,433,13869.87011,-922,FFFFFC66,789.41656
869,434,13901.90234,-918,FFFFFC6A,796.13714
871,435,13933.93359,-915,FFFFFC6D,897.1455
873,436,13965.96582,-912,FFFFFC70,942.19036
875,437,13997.99804,-909,FFFFFC73,922.14019
877,438,14030.03027,-907,FFFFFC75,874.45959
879,439,14062.0625,-905,FFFFFC77,804.47705
881,440,14094.09375,-904,FFFFFC78,777.15753
883,441,14126.12597,-904,FFFFFC78,831.19519
885,442,14158.1582,-904,FFFFFC78,904.42016
887,443,14190.19042,-903,FFFFFC79,948.81707
889,444,14222.22265,-900,FFFFFC7C,922.28521
891,445,14254.2539,-899,FFFFFC7D,850.66302
893,446,14286.28613,-899,FFFFFC7D,798.38385
895,447,14318.31835,-901,FFFFFC7B,805.27624
897,448,14350.35058,-902,FFFFFC7A,843.07537
899,449,14382.38281,-904,FFFFFC78,924.00933
901,450,14414.41406,-907,FFFFFC75,936.63189
903,451,14446.44628,-911,FFFFFC71,890.27331
905,452,14478.47851,-914,FFFFFC6E,824.31817
907,453,14510.51074,-915,FFFFFC6D,777.55114
909,454,14542.54296,-916,FFFFFC6C,807.68676
911,455,14574.57421,-919,FFFFFC69,884.47149
913,456,14606.60644,-923,FFFFFC65,940.93518
915,457,14638.63867,-926,FFFFFC62,925.61401
917,458,14670.67089,-931,FFFFFC5D,864.63677
919,459,14702.70312,-936,FFFFFC58,799.46264
921,460,14734.73437,-939,FFFFFC55,802.83056
923,461,14766.7666,-943,FFFFFC51,845.97674
925,462,14798.79882,-948,FFFFFC4C,910.64416
927,463,14830.83105,-952,FFFFFC48,944.08264
929,464,14862.86328,-956,FFFFFC44,912.29168
931,465,14894.89453,-960,FFFFFC40,847.62481
933,466,14926.92675,-962,FFFFFC3E,782.86871
935,467,14958.95898,-965,FFFFFC3B,804.12341
937,468,14990.99121,-969,FFFFFC37,863.94207
939,469,15023.02343,-973,FFFFFC33,913.89111
941,470,15055.05468,-977,FFFFFC2F,939.35491
943,471,15087.08691,-981,FFFFFC2B,885.68896
945,472,15119.11914,-984,FFFFFC28,819.33911
947,473,15151.15136,-987,FFFFFC25,780.65179
949,474,15183.18359,-989,FFFFFC23,835.79101
951,475,15215.21484,-990,FFFFFC22,895.86334
953,476,15247.24707,-992,FFFFFC20,935.28186
955,477,15279.27929,-994,FFFFFC1E,929.38983
957,478,15311.31152,-997,FFFFFC1B,861.35131
959,479,15343.34375,-998,FFFFFC1A,796.66809
961,480,15375.375,-998,FFFFFC1A,782.69787
963,481,15407.40722,-998,FFFFFC1A,853.10852
965,482,15439.43945,-999,FFFFFC19,915.88391
967,483,15471.47167,-999,FFFFFC19,951.53833
969,484,15503.5039,-998,FFFFFC1A,906.97326
971,485,15535.53515,-998,FFFFFC1A,833.30889
973,486,15567.56738,-997,FFFFFC1B,789.82751
975,487,15599.5996,-995,FFFFFC1D,805.43939
977,488,15631.63183,-993,FFFFFC1F,887.02459
979,489,15663.66406,-991,FFFFFC21,933.10375
981,490,15695.69531,-988,FFFFFC24,936.31524
983,491,15727.72753,-986,FFFFFC26,874.8197
985,492,15759.75976,-983,FFFFFC29,815.49493
987,493,15791.79199,-979,FFFFFC2D,789.90362
989,494,15823.82421,-976,FFFFFC30,833.70275
991,495,15855.85546,-972,FFFFFC34,897.73657
993,496,15887.88769,-967,FFFFFC39,940.42089
995,497,15919.91992,-963,FFFFFC3D,915.68756
997,498,15951.95214,-959,FFFFFC41,853.73193
999,499,15983.98437,-956,FFFFFC44,790.90118
1001,500,16016.01562,-953,FFFFFC47,790.90118
1003,501,16048.04785,-950,FFFFFC4A,853.73193
1005,502,16080.08007,-947,FFFFFC4D,915.68756
1007,503,16112.1123,-943,FFFFFC51,940.42089
1009,504,16144.14453,-940,FFFFFC54,897.73657
1011,505,16176.17578,-936,FFFFFC58,833.70275
1013,506,16208.208,-932,FFFFFC5C,789.90362
1015,507,16240.24023,-930,FFFFFC5E,815.49493
1017,508,16272.27246,-926,FFFFFC62,874.8197
1019,509,16304.30468,-923,FFFFFC65,936.31524
1021,510,16336.33593,-921,FFFFFC67,933.10375
1023,511,16368.36816,-919,FFFFFC69,887.02459
1025,512,16400.40039,-918,FFFFFC6A,805.43939
1027,513,16432.43164,-917,FFFFFC6B,789.82751
1029,514,16464.46484,-917,FFFFFC6B,833.30889
1031,515,16496.49609,-916,FFFFFC6C,906.97326
1033,516,16528.52929,-916,FFFFFC6C,951.53833
1035,517,16560.56054,-916,FFFFFC6C,915.88391
1037,518,16592.59179,-916,FFFFFC6C,853.10852
1039,519,16624.625,-917,FFFFFC6B,782.69787
1041,520,16656.65625,-918,FFFFFC6A,796.66809
1043,521,16688.68945,-920,FFFFFC68,861.35131
1045,522,16720.7207,-922,FFFFFC66,929.38983
1047,523,16752.75195,-924,FFFFFC64,935.28186
1049,524,16784.78515,-927,FFFFFC61,895.86334
1051,525,16816.8164,-928,FFFFFC60,835.79101
1053,526,16848.8496,-931,FFFFFC5D,780.65179
1055,527,16880.88085,-935,FFFFFC59,819.33911
1057,528,16912.9121,-939,FFFFFC55,885.68896
1059,529,16944.94531,-942,FFFFFC52,939.35491
1061,530,16976.97656,-946,FFFFFC4E,913.89111
1063,531,17009.00976,-950,FFFFFC4A,863.94207
1065,532,17041.04101,-954,FFFFFC46,804.12341
1067,533,17073.07226,-958,FFFFFC42,782.86871
1069,534,17105.10546,-962,FFFFFC3E,847.62481
1071,535,17137.13671,-966,FFFFFC3A,912.29168
1073,536,17169.16992,-971,FFFFFC35,944.08264
1075,537,17201.20117,-975,FFFFFC31,910.64416
1077,538,17233.23242,-977,FFFFFC2F,845.97674
1079,539,17265.26562,-980,FFFFFC2C,802.83056
1081,540,17297.29687,-985,FFFFFC27,799.46264
1083,541,17329.33007,-988,FFFFFC24,864.63677
1085,542,17361.36132,-992,FFFFFC20,925.61401
1087,543,17393.39257,-995,FFFFFC1D,940.93518
1089,544,17425.42578,-1000,FFFFFC18,884.47149
1091,545,17457.45703,-1003,FFFFFC15,807.68676
1093,546,17489.49023,-1005,FFFFFC13,777.55114
1095,547,17521.52148,-1007,FFFFFC11,824.31817
1097,548,17553.55273,-1009,FFFFFC0F,890.27331
1099,549,17585.58593,-1010,FFFFFC0E,936.63189
1101,550,17617.61718,-1011,FFFFFC0D,924.00933
1103,551,17649.65039,-1013,FFFFFC0B,843.07537
1105,552,17681.68164,-1014,FFFFFC0A,805.27624
1107,553,17713.71289,-1014,FFFFFC0A,798.38385
1109,554,17745.74609,-1015,FFFFFC09,850.66302
1111,555,17777.77734,-1014,FFFFFC0A,922.28521
1113,556,17809.81054,-1014,FFFFFC0A,948.81707
1115,557,17841.84179,-1015,FFFFFC09,904.42016
1117,558,17873.87304,-1013,FFFFFC0B,831.19519
1119,559,17905.90625,-1011,FFFFFC0D,777.15753
1121,560,17937.9375,-1007,FFFFFC11,804.47705
1123,561,17969.9707,-1005,FFFFFC13,874.45959
1125,562,18002.00195,-1003,FFFFFC15,922.14019
1127,563,18034.0332,-1001,FFFFFC17,942.19036
1129,564,18066.0664,-997,FFFFFC1B,897.1455
1131,565,18098.09765,-995,FFFFFC1D,796.13714
1133,566,18130.13085,-991,FFFFFC21,789.41656
1135,567,18162.1621,-987,FFFFFC25,832.497
1137,568,18194.19335,-981,FFFFFC2B,894.906
1139,569,18226.22656,-977,FFFFFC2F,943.2528
1141,570,18258.25781,-973,FFFFFC33,931.84423
1143,571,18290.29101,-968,FFFFFC38,836.59002
1145,572,18322.32226,-963,FFFFFC3D,799.20141
1147,573,18354.35351,-959,FFFFFC41,797.93139
1149,574,18386.38671,-955,FFFFFC45,841.47979
1151,575,18418.41796,-951,FFFFFC49,923.11376
1153,576,18450.45117,-948,FFFFFC4C,936.74981
1155,577,18482.48242,-945,FFFFFC4F,908.33929
1157,578,18514.51367,-941,FFFFFC53,819.3468
1159,579,18546.54687,-937,FFFFFC57,794.73101
1161,580,18578.57812,-933,FFFFFC5B,801.63323
1163,581,18610.61132,-929,FFFFFC5F,887.86657
1165,582,18642.64257,-927,FFFFFC61,945.77648
1167,583,18674.67382,-923,FFFFFC65,934.70458
1169,584,18706.70703,-921,FFFFFC67,870.12731
1171,585,18738.73828,-920,FFFFFC68,802.85064
1173,586,18770.77148,-918,FFFFFC6A,785.88824
1175,587,18802.80273,-917,FFFFFC6B,833.18194
1177,588,18834.83398,-917,FFFFFC6B,894.22692
1179,589,18866.86718,-916,FFFFFC6C,955.25488
1181,590,18898.89843,-916,FFFFFC6C,925.53424
1183,591,18930.93164,-914,FFFFFC6E,860.247
1185,592,18962.96289,-914,FFFFFC6E,800.37475
1187,593,18994.99414,-914,FFFFFC6E,804.57635
1189,594,19027.02734,-915,FFFFFC6D,866.20092
1191,595,19059.05859,-917,FFFFFC6B,931.92388
1193,596,19091.09179,-919,FFFFFC69,935.03771
1195,597,19123.12304,-922,FFFFFC66,913.51727
1197,598,19155.15429,-925,FFFFFC63,821.53344
1199,599,19187.1875,-927,FFFFFC61,786.96514
1201,600,19219.21875,-929,FFFFFC5F,805.23211
1203,601,19251.25195,-933,FFFFFC5B,890.50567
1205,602,19283.2832,-937,FFFFFC57,943.47692
1207,603,19315.31445,-941,FFFFFC53,935.26361
1209,604,19347.34765,-945,FFFFFC4F,868.79266
1211,605,19379.3789,-948,FFFFFC4C,804.3493
1213,606,19411.4121,-952,FFFFFC48,790.90948
1215,607,19443.44335,-956,FFFFFC44,844.68109
1217,608,19475.4746,-961,FFFFFC3F,917.93188
1219,609,19507.50781,-965,FFFFFC3B,937.79083
1221,610,19539.53906,-968,FFFFFC38,907.18292
1223,611,19571.57226,-973,FFFFFC33,846.11602
1225,612,19603.60351,-976,FFFFFC30,789.50909
1227,613,19635.63476,-979,FFFFFC2D,797.16064
1229,614,19667.66796,-982,FFFFFC2A,862.16522
1231,615,19699.69921,-985,FFFFFC27,948.87854
1233,616,19731.73242,-990,FFFFFC22,941.97296
1235,617,19763.76367,-993,FFFFFC1F,899.28881
1237,618,19795.79492,-996,FFFFFC1C,820.32159
1239,619,19827.82812,-999,FFFFFC19,770.31188
1241,620,19859.85937,-1001,FFFFFC17,837.19189
1243,621,19891.89257,-1004,FFFFFC14,893.40173
1245,622,19923.92382,-1006,FFFFFC12,922.35815
1247,623,19955.95507,-1008,FFFFFC10,947.8479
1249,624,19987.98828,-1010,FFFFFC0E,866.62835
1251,625,20020.01953,-1011,FFFFFC0D,798.6441
1253,626,20052.05273,-1011,FFFFFC0D,780.88952
1255,627,20084.08398,-1011,FFFFFC0D,839.32257
1257,628,20116.11523,-1010,FFFFFC0E,920.59777
1259,629,20148.14843,-1010,FFFFFC0E,957.10229
1261,630,20180.17968,-1010,FFFFFC0E,913.05169
1263,631,20212.21289,-1009,FFFFFC0F,838.13531
1265,632,20244.24414,-1009,FFFFFC0F,787.79266
1267,633,20276.27539,-1006,FFFFFC12,815.22216
1269,634,20308.30859,-1004,FFFFFC14,866.27642
1271,635,20340.33984,-1002,FFFFFC16,948.31201
1273,636,20372.37304,-999,FFFFFC19,925.552
1275,637,20404.40429,-996,FFFFFC1C,881.11444
1277,638,20436.43554,-993,FFFFFC1F,812.0169
1279,639,20468.46875,-989,FFFFFC23,762.12194
1281,640,20500.5,-985,FFFFFC27,814.24212
1283,641,20532.5332,-982,FFFFFC2A,892.04888
1285,642,20564.56445,-978,FFFFFC2E,959.66229
1287,643,20596.5957,-974,FFFFFC32,921.81286
1289,644,20628.6289,-970,FFFFFC36,852.76287
1291,645,20660.66015,-966,FFFFFC3A,789.39129
1293,646,20692.69335,-960,FFFFFC40,783.79174
1295,647,20724.7246,-957,FFFFFC43,865.16296
1297,648,20756.75585,-956,FFFFFC44,914.5816
1299,649,20788.78906,-953,FFFFFC47,957.92553
1301,650,20820.82031,-950,FFFFFC4A,899.6134
1303,651,20852.85351,-946,FFFFFC4E,820.51861
1305,652,20884.88476,-942,FFFFFC52,771.91986
1307,653,20916.91601,-939,FFFFFC55,802.82049
1309,654,20948.94921,-936,FFFFFC58,882.5274
1311,655,20980.98046,-933,FFFFFC5B,941.53515
1313,656,21013.01367,-930,FFFFFC5E,929.9848
1315,657,21045.04492,-928,FFFFFC60,879.83563
1317,658,21077.07617,-927,FFFFFC61,809.07324
1319,659,21109.10937,-925,FFFFFC63,793.16772
1321,660,21141.14062,-924,FFFFFC64,827.88934
1323,661,21173.17382,-924,FFFFFC64,883.38397
1325,662,21205.20507,-924,FFFFFC64,970.88201
1327,663,21237.23632,-924,FFFFFC64,921.00396
1329,664,21269.26953,-925,FFFFFC63,832.91601
1331,665,21301.30078,-924,FFFFFC64,783.92413
1333,666,21333.33398,-926,FFFFFC62,811.14056
1335,667,21365.36523,-927,FFFFFC61,848.6983
1337,668,21397.39648,-928,FFFFFC60,943.66424
1339,669,21429.42968,-931,FFFFFC5D,955.43359
1341,670,21461.46093,-933,FFFFFC5B,907.28106
1343,671,21493.49414,-936,FFFFFC58,814.44537
1345,672,21525.52539,-940,FFFFFC54,780.65563
1347,673,21557.55664,-944,FFFFFC50,796.776
1349,674,21589.58984,-947,FFFFFC4D,883.74182
1351,675,21621.62109,-951,FFFFFC49,961.35491
1353,676,21653.65429,-955,FFFFFC45,921.40893
1355,677,21685.68554,-958,FFFFFC42,853.12628
1357,678,21717.71679,-962,FFFFFC3E,794.33941
1359,679,21749.75,-966,FFFFFC3A,753.35882
1361,680,21781.78125,-971,FFFFFC35,838.6986
1363,681,21813.81445,-975,FFFFFC31,919.06707
1365,682,21845.8457,-979,FFFFFC2D,953.06072
1367,683,21877.87695,-984,FFFFFC28,917.04064
1369,684,21909.91015,-989,FFFFFC23,836.84918
1371,685,21941.9414,-993,FFFFFC1F,770.41894
1373,686,21973.9746,-995,FFFFFC1D,777.18103
1375,687,22006.00585,-1000,FFFFFC18,860.92138
1377,688,22038.0371,-1003,FFFFFC15,953.68548
1379,689,22070.07031,-1005,FFFFFC13,963.09625
1381,690,22102.10156,-1009,FFFFFC0F,896.4826
1383,691,22134.13476,-1012,FFFFFC0C,760.69189
1385,692,22166.16601,-1015,FFFFFC09,768.40063
1387,693,22198.19726,-1017,FFFFFC07,805.54296
1389,694,22230.23046,-1019,FFFFFC05,915.32562
1391,695,22262.26171,-1021,FFFFFC03,950.97436
1393,696,22294.29492,-1023,FFFFFC01,953.34356
1395,697,22326.32617,-1023,FFFFFC01,861.48925
1397,698,22358.35742,-1024,FFFFFC00,790.11132
1399,699,22390.39062,-1026,FFFFFBFE,784.12567
1401,700,22422.42187,-1026,FFFFFBFE,863.82427
1403,701,22454.45507,-1025,FFFFFBFF,927.82775
1405,702,22486.48632,-1021,FFFFFC03,967.81982
1407,703,22518.51757,-1017,FFFFFC07,949.81005
1409,704,22550.55078,-1017,FFFFFC07,829.7691
1411,705,22582.58203,-1020,FFFFFC04,756.86077
1413,706,22614.61523,-1020,FFFFFC04,777.37579
1415,707,22646.64648,-1016,FFFFFC08,884.28393
1417,708,22678.67773,-1014,FFFFFC0A,932.71887
1419,709,22710.71093,-1013,FFFFFC0B,954.93151
1421,710,22742.74218,-1010,FFFFFC0E,890.63201
1423,711,22774.77539,-1008,FFFFFC10,802.4389
1425,712,22806.80664,-1004,FFFFFC14,761.98095
1427,713,22838.83789,-1000,FFFFFC18,837.68255
1429,714,22870.87109,-996,FFFFFC1C,913.19653
1431,715,22902.90234,-991,FFFFFC21,956.29718
1433,716,22934.93554,-986,FFFFFC26,943.64929
1435,717,22966.96679,-981,FFFFFC2B,860.93206
1437,718,22998.99804,-977,FFFFFC2F,754.21948
1439,719,23031.03125,-975,FFFFFC31,747.23999
1441,720,23063.0625,-971,FFFFFC35,872.19769
1443,721,23095.0957,-968,FFFFFC38,939.12915
1445,722,23127.12695,-965,FFFFFC3B,965.44842
1447,723,23159.1582,-962,FFFFFC3E,933.96905
1449,724,23191.1914,-957,FFFFFC43,814.60034
1451,725,23223.22265,-953,FFFFFC47,753.43853
1453,726,23255.25585,-949,FFFFFC4B,821.02227
1455,727,23287.2871,-946,FFFFFC4E,905.98999
1457,728,23319.31835,-943,FFFFFC51,948.34704
1459,729,23351.35156,-940,FFFFFC54,972.27783
1461,730,23383.38281,-937,FFFFFC57,894.10266
1463,731,23415.41601,-936,FFFFFC58,819.10473
1465,732,23447.44726,-935,FFFFFC59,771.83258
1467,733,23479.47851,-934,FFFFFC5A,846.54187
1469,734,23511.51171,-933,FFFFFC5B,926.04302
1471,735,23543.54296,-932,FFFFFC5C,979.33917
1473,736,23575.57617,-931,FFFFFC5D,966.02874
1475,737,23607.60742,-931,FFFFFC5D,839.70074
1477,738,23639.63867,-932,FFFFFC5C,767.55267
1479,739,23671.67187,-931,FFFFFC5D,763.01849
1481,740,23703.70312,-932,FFFFFC5C,881.32824
1483,741,23735.73632,-934,FFFFFC5A,952.276
1485,742,23767.76757,-937,FFFFFC57,972.47406
1487,743,23799.79882,-940,FFFFFC54,907.03045
1489,744,23831.83203,-942,FFFFFC52,812.794
1491,745,23863.86328,-945,FFFFFC4F,768.97802
1493,746,23895.89648,-948,FFFFFC4C,800.53192
1495,747,23927.92773,-951,FFFFFC49,884.9942
1497,748,23959.95898,-953,FFFFFC47,963.29583
1499,749,23991.99218,-956,FFFFFC44,965.96411
1501,750,24024.02343,-961,FFFFFC3F,878.6947
1503,751,24056.05664,-965,FFFFFC3B,786.34326
1505,752,24088.08789,-968,FFFFFC38,742.68145
1507,753,24120.12109,-973,FFFFFC33,834.64111
1509,754,24152.15234,-977,FFFFFC2F,932.75335
1511,755,24184.18359,-981,FFFFFC2B,970.40051
1513,756,24216.21679,-985,FFFFFC27,914.6361
1515,757,24248.24804,-988,FFFFFC24,870.05883
1517,758,24280.28125,-992,FFFFFC20,772.96807
1519,759,24312.3125,-996,FFFFFC1C,778.7257
1521,760,24344.34375,-1000,FFFFFC18,836.81036
1523,761,24376.37695,-1004,FFFFFC14,952.73327
1525,762,24408.4082,-1008,FFFFFC10,982.39508
1527,763,24440.4414,-1011,FFFFFC0D,894.11511
1529,764,24472.47265,-1014,FFFFFC0A,819.64538
1531,765,24504.5039,-1016,FFFFFC08,749.51623
1533,766,24536.5371,-1018,FFFFFC06,797.64373
1535,767,24568.56835,-1022,FFFFFC02,918.32147
1537,768,24600.60156,-1023,FFFFFC01,985.39801
1539,769,24632.63281,-1025,FFFFFBFF,957.84307
1541,770,24664.66406,-1026,FFFFFBFE,865.30548
1543,771,24696.69726,-1026,FFFFFBFE,804.10687
1545,772,24728.72851,-1026,FFFFFBFE,756.82049
1547,773,24760.76171,-1024,FFFFFC00,823.22412
1549,774,24792.79296,-1022,FFFFFC02,902.10589
1551,775,24824.82421,-1022,FFFFFC02,965.83276
1553,776,24856.85742,-1023,FFFFFC01,922.9635
1555,777,24888.88867,-1025,FFFFFBFF,833.80426
1557,778,24920.92187,-1026,FFFFFBFE,757.51965
1559,779,24952.95312,-1025,FFFFFBFF,788.2434
1561,780,24984.98437,-1021,FFFFFC03,891.78448
1563,781,25017.01757,-1014,FFFFFC0A,991.48443
1565,782,25049.04882,-1012,FFFFFC0C,1004.38183
1567,783,25081.08203,-1013,FFFFFC0B,866.57244
1569,784,25113.11328,-1011,FFFFFC0D,785.92504
1571,785,25145.14453,-1007,FFFFFC11,771.54333
1573,786,25177.17773,-1004,FFFFFC14,795.9104
1575,787,25209.20898,-1000,FFFFFC18,891.44006
1577,788,25241.24218,-996,FFFFFC1C,987.70068
1579,789,25273.27343,-992,FFFFFC20,986.3963
1581,790,25305.30468,-988,FFFFFC24,847.49822
1583,791,25337.33789,-983,FFFFFC29,762.68255
1585,792,25369.36914,-978,FFFFFC2E,734.25231
1587,793,25401.40234,-975,FFFFFC31,829.46197
1589,794,25433.43359,-972,FFFFFC34,983.72576
1591,795,25465.46484,-969,FFFFFC37,1007.06109
1593,796,25497.49804,-966,FFFFFC3A,940.36193
1595,797,25529.52929,-963,FFFFFC3D,801.14044
1597,798,25561.5625,-959,FFFFFC41,742.67926
1599,799,25593.59375,-955,FFFFFC45,777.52996
1601,800,25625.625,-951,FFFFFC49,883.67645
1603,801,25657.6582,-948,FFFFFC4C,975.19573
1605,802,25689.68945,-947,FFFFFC4D,983.03906
1607,803,25721.72265,-945,FFFFFC4F,843.14123
1609,804,25753.7539,-942,FFFFFC52,770.27191
1611,805,25785.78515,-939,FFFFFC55,760.63659
1613,806,25817.81835,-938,FFFFFC56,773.48382
1615,807,25849.8496,-937,FFFFFC57,924.75189
1617,808,25881.88281,-938,FFFFFC56,1008.56042
1619,809,25913.91406,-938,FFFFFC56,991.72314
1621,810,25945.94531,-937,FFFFFC57,840.56103
1623,811,25977.97851,-937,FFFFFC57,760.74114
1625,812,26010.00976,-937,FFFFFC57,743.72283
1627,813,26042.04296,-939,FFFFFC55,856.05065
1629,814,26074.07421,-940,FFFFFC54,985.25549
1631,815,26106.10546,-943,FFFFFC51,1015.91442
1633,816,26138.13867,-946,FFFFFC4E,949.06964
1635,817,26170.16992,-949,FFFFFC4B,779.03192
1637,818,26202.20312,-951,FFFFFC49,744.13574
1639,819,26234.23437,-954,FFFFFC46,783.00695
1641,820,26266.26562,-957,FFFFFC43,893.21203
1643,821,26298.29882,-961,FFFFFC3F,987.06994
1645,822,26330.33007,-966,FFFFFC3A,1046.08142
1647,823,26362.36328,-970,FFFFFC36,908.05139
1649,824,26394.39453,-973,FFFFFC33,727.27923
1651,825,26426.42578,-978,FFFFFC2E,710.1333
1653,826,26458.45898,-982,FFFFFC2A,822.32397
1655,827,26490.49023,-985,FFFFFC27,993.5852
1657,828,26522.52343,-989,FFFFFC23,1015.32391
1659,829,26554.55468,-993,FFFFFC1F,959.9533
1661,830,26586.58593,-996,FFFFFC1C,801.12622
1663,831,26618.61914,-1000,FFFFFC18,748.73724
1665,832,26650.65039,-1003,FFFFFC15,748.31463
1667,833,26682.68359,-1007,FFFFFC11,839.08361
1669,834,26714.71484,-1011,FFFFFC0D,982.11676
1671,835,26746.74609,-1015,FFFFFC09,1015.37255
1673,836,26778.77929,-1018,FFFFFC06,984.11297
1675,837,26810.81054,-1021,FFFFFC03,768.0014
1677,838,26842.84375,-1023,FFFFFC01,679.03283
1679,839,26874.875,-1025,FFFFFBFF,771.03344
1681,840,26906.90625,-1028,FFFFFBFC,953.0852
1683,841,26938.93945,-1031,FFFFFBF9,1050.26171
1685,842,26970.9707,-1031,FFFFFBF9,1025.32385
1687,843,27003.0039,-1028,FFFFFBFC,850.5285
1689,844,27035.03515,-1027,FFFFFBFD,687.79864
1691,845,27067.0664,-1028,FFFFFBFC,736.25714
1693,846,27099.0996,-1028,FFFFFBFC,849.33544
1695,847,27131.13085,-1030,FFFFFBFA,999.35766
1697,848,27163.16406,-1031,FFFFFBF9,1087.29077
1699,849,27195.19531,-873,FFFFFC97,985.03875
1701,850,27227.22656,-869,FFFFFC9B,804.76489
1703,851,27259.25976,-866,FFFFFC9E,658.43603
1705,852,27291.29101,-863,FFFFFCA1,739.45758
1707,853,27323.32421,-860,FFFFFCA4,886.45581
1709,854,27355.35546,-859,FFFFFCA5,1002.82562
1711,855,27387.38671,-857,FFFFFCA7,1073.03198
1713,856,27419.41992,-854,FFFFFCAA,916.95251
1715,857,27451.45117,-854,FFFFFCAA,724.46002
1717,858,27483.48437,-855,FFFFFCA9,638.57354
1719,859,27515.51562,-854,FFFFFCAA,814.1593
1721,860,27547.54687,-854,FFFFFCAA,898.89105
1723,861,27579.58007,-853,FFFFFCAB,1010.29168
1725,862,27611.61132,-853,FFFFFCAB,1007.15826
1727,863,27643.64453,-854,FFFFFCAA,910.94592
1729,864,27675.67578,-856,FFFFFCA8,718.00433
1731,865,27707.70703,-857,FFFFFCA7,709.97235
1733,866,27739.74023,-859,FFFFFCA5,880.19165
1735,867,27771.77148,-862,FFFFFCA2,1036.22131
1737,868,27803.80468,-865,FFFFFC9F,1064.12658
1739,869,27835.83593,-867,FFFFFC9D,947.22589
1741,870,27867.86718,-869,FFFFFC9B,773.34436
1743,871,27899.90039,-874,FFFFFC96,643.01623
1745,872,27931.93164,-878,FFFFFC92,770.74114
1747,873,27963.96484,-882,FFFFFC8E,955.34155
1749,874,27995.99609,-886,FFFFFC8A,994.97113
1751,875,28028.02734,-890,FFFFFC86,988.94964
1753,876,28060.06054,-894,FFFFFC82,956.40618
1755,877,28092.09179,-897,FFFFFC7F,746.33477
1757,878,28124.125,-901,FFFFFC7B,653.39337
1759,879,28156.15625,-906,FFFFFC76,797.61737
1761,880,28188.1875,-910,FFFFFC72,988.08386
1763,881,28220.2207,-913,FFFFFC6F,1106.62927
1765,882,28252.25195,-916,FFFFFC6C,1051.44287
1767,883,28284.28515,-919,FFFFFC69,797.88293
1769,884,28316.3164,-923,FFFFFC65,647.95861
1771,885,28348.34765,-927,FFFFFC61,690.14251
1773,886,28380.38085,-931,FFFFFC5D,901.76428
1775,887,28412.4121,-935,FFFFFC59,1024.00732
1777,888,28444.44531,-937,FFFFFC57,1055.46887
1779,889,28476.47656,-938,FFFFFC56,946.27172
1781,890,28508.50781,-939,FFFFFC55,815.58715
1783,891,28540.54101,-940,FFFFFC54,624.74737
1785,892,28572.57226,-940,FFFFFC54,694.54858
1787,893,28604.60546,-943,FFFFFC51,943.21337
1789,894,28636.63671,-945,FFFFFC4F,1058.35693
1791,895,28668.66796,-946,FFFFFC4E,1127.53027
1793,896,28700.70117,-946,FFFFFC4E,856.71649
1795,897,28732.73242,-946,FFFFFC4E,644.7434
1797,898,28764.76562,-947,FFFFFC4D,565.20617
1799,899,28796.79687,-947,FFFFFC4D,791.617
1801,900,28828.82812,-947,FFFFFC4D,1039.3247
1803,901,28860.86132,-945,FFFFFC4F,1072.24841
1805,902,28892.89257,-944,FFFFFC50,975.20056
1807,903,28924.92578,-941,FFFFFC53,623.7052
1809,904,28956.95703,-938,FFFFFC56,674.01861
1811,905,28988.98828,-936,FFFFFC58,610.49255
1813,906,29021.02148,-934,FFFFFC5A,885.18133
1815,907,29053.05273,-931,FFFFFC5D,1118.37939
1817,908,29085.08593,-929,FFFFFC5F,1159.00756
1819,909,29117.11718,-926,FFFFFC62,1016.95904
1821,910,29149.14843,-921,FFFFFC67,777.0899
1823,911,29181.18164,-918,FFFFFC6A,583.81701
1825,912,29213.21289,-914,FFFFFC6E,763.393
1827,913,29245.24609,-909,FFFFFC73,1111.44812
1829,914,29277.27734,-904,FFFFFC78,1065.76782
1831,915,29309.30859,-901,FFFFFC7B,1042.40832
1833,916,29341.34179,-898,FFFFFC7E,931.3161
1835,917,29373.37304,-894,FFFFFC82,597.82678
1837,918,29405.40625,-891,FFFFFC85,551.65771
1839,919,29437.4375,-888,FFFFFC88,875.34527
1841,920,29469.46875,-884,FFFFFC8C,1090.53186
1843,921,29501.50195,-880,FFFFFC90,1157.69897
1845,922,29533.5332,-876,FFFFFC94,1041.08398
1847,923,29565.5664,-874,FFFFFC96,797.65844
1849,924,29597.59765,-870,FFFFFC9A,570.99975
1851,925,29629.6289,-869,FFFFFC9B,632.96813
1853,926,29661.6621,-866,FFFFFC9E,989.6643
1855,927,29693.69335,-863,FFFFFCA1,1175.66992
1857,928,29725.72656,-862,FFFFFCA2,1193.31103
1859,929,29757.75781,-862,FFFFFCA2,999.79077
1861,930,29789.78906,-863,FFFFFCA1,691.34106
1863,931,29821.82226,-863,FFFFFCA1,448.21951
1865,932,29853.85351,-862,FFFFFCA2,709.79913
1867,933,29885.88671,-861,FFFFFCA3,1079.64416
1869,934,29917.91796,-862,FFFFFCA2,1252.79882
1871,935,29949.94921,-862,FFFFFCA2,1207.83154
1873,936,29981.98242,-863,FFFFFCA1,953.58874
1875,937,30014.01367,-863,FFFFFCA1,576.87103
1877,938,30046.04687,-865,FFFFFC9F,523.74188
1879,939,30078.07812,-868,FFFFFC9C,871.64276
1881,940,30110.10937,-871,FFFFFC99,1191.48999
1883,941,30142.14257,-873,FFFFFC97,1297.62915
1885,942,30174.17382,-877,FFFFFC93,1105.4602
1887,943,30206.20703,-881,FFFFFC8F,804.57678
1889,944,30238.23828,-884,FFFFFC8C,460.19387
1891,945,30270.26953,-888,FFFFFC88,536.98052
1893,946,30302.30273,-891,FFFFFC85,1032.72387
1895,947,30334.33398,-895,FFFFFC81,1350.73901
1897,948,30366.36718,-898,FFFFFC7E,1331.86035
1899,949,30398.39843,-902,FFFFFC7A,1065.39892
1901,950,30430.42968,-907,FFFFFC75,584.57641
1903,951,30462.46289,-912,FFFFFC70,329.62399
1905,952,30494.49414,-918,FFFFFC6A,795.87896
1907,953,30526.52734,-922,FFFFFC66,1270.2196
1909,954,30558.55859,-926,FFFFFC62,1433.92785
1911,955,30590.58984,-929,FFFFFC5F,1320.12475
1913,956,30622.62304,-931,FFFFFC5D,991.2749
1915,957,30654.65429,-933,FFFFFC5B,451.35543
1917,958,30686.6875,-936,FFFFFC58,601.14068
1919,959,30718.71875,-940,FFFFFC54,1023.54113
1921,960,30750.75,-944,FFFFFC50,1440.53454
1923,961,30782.7832,-946,FFFFFC4E,1546.4447
1925,962,30814.81445,-949,FFFFFC4B,1256.15942
1927,963,30846.84765,-951,FFFFFC49,741.34735
1929,964,30878.8789,-954,FFFFFC46,129.28866
1931,965,30910.91015,-957,FFFFFC43,721.51849
1933,966,30942.94335,-958,FFFFFC42,1323.5968
1935,967,30974.9746,-958,FFFFFC42,1689.23718
1937,968,31007.00781,-958,FFFFFC42,1639.54394
1939,969,31039.03906,-959,FFFFFC41,1171.64477
1941,970,31071.07031,-959,FFFFFC41,575.27343
1943,971,31103.10351,-959,FFFFFC41,461.72705
1945,972,31135.13476,-960,FFFFFC40,891.89947
1947,973,31167.16796,-958,FFFFFC42,1736.15429
1949,974,31199.19921,-957,FFFFFC43,2099.67382
1951,975,31231.23046,-955,FFFFFC45,1954.20959
1953,976,31263.26367,-953,FFFFFC47,1352.55969
1955,977,31295.29492,-950,FFFFFC4A,683.90576
1957,978,31327.32812,-947,FFFFFC4D,1135.68762
1959,979,31359.35937,-944,FFFFFC50,2038.44238
1961,980,31391.39062,-941,FFFFFC53,2782.71484
1963,981,31423.42382,-937,FFFFFC57,3101.97827
1965,982,31455.45507,-934,FFFFFC5A,2924.37548
1967,983,31487.48828,-930,FFFFFC5E,2894.43579
1969,984,31519.51953,-926,FFFFFC62,5094.19824
1971,985,31551.55078,-921,FFFFFC67,20980.14453
1973,986,31583.58398,-917,FFFFFC6B,7760.4331
1975,987,31615.61523,-912,FFFFFC70,1592.51184
1977,988,31647.64843,-908,FFFFFC74,1289.15673
1979,989,31679.67968,-903,FFFFFC79,1772.67504
1981,990,31711.71093,-898,FFFFFC7E,1238.68566
1983,991,31743.74414,-896,FFFFFC80,265.40914
1985,992,31775.77539,-892,FFFFFC84,3229.12329
1987,993,31807.80859,-888,FFFFFC88,2024.90051
1989,994,31839.83984,-885,FFFFFC8B,3333.50341
1991,995,31871.87109,-881,FFFFFC8F,3572.25976
1993,996,31903.90429,-877,FFFFFC93,4484.43847
1995,997,31935.93554,-873,FFFFFC97,6292.07177
1997,998,31967.96875,-870,FFFFFC9A,13898.09863
1999,999,32000,-866,FFFFFC9E,0
1s,,,,,
