0,60007D1D,1610644765, 1F474000,524763136,6
2,E0007D16,-536838890, 1F458000,524648448, 0000000E
4,40007CA0,1073773728, 1F280000,522715136,4
6,E0007CAF,-536838993, 1F2BC000,522960896, 0000000E
8,00007CBE,31934, 1F2F8000,523206656,0
10,80007CCA,-2147451702, 1F328000,523403264,8
12,20007CD6,536902870, 1F358000,523599872,2
14,80007CE3,-2147451677, 1F38C000,523812864,8
16,60007CF3,1610644723, 1F3CC000,524075008,6
18,40007C00,1073773568, 1F000000,520093696,4
20,80007C05,-2147451899, 1F014000,520175616,8
22,00007C0A,31754, 1F028000,520257536,0
24,E0007C0C,-536839156, 1F030000,520290304, 0000000E
26,20007C10,536902672, 1F040000,520355840,2
28,20007C17,536902679, 1F05C000,520470528,2
30,A0007C20,-1610580960, 1F080000,520617984, 0000000A
32,40007C42,1073773634, 1F108000,521175040,4
34,A0007C36,-1610580938, 1F0D8000,520978432, 0000000A
36,00007C2D,31789, 1F0B4000,520830976,0
38,A0007C26,-1610580954, 1F098000,520716288, 0000000A
40,A0007C1E,-1610580962, 1F078000,520585216, 0000000A
42,A0007C16,-1610580970, 1F058000,520454144, 0000000A
44,20007D01,536902913, 1F404000,524304384,2
46,80007CF4,-2147451660, 1F3D0000,524091392,8
48,C0007CE8,-1073709848, 1F3A0000,523894784, 0000000C
50,60007CDD,1610644701, 1F374000,523714560,6
52,20007CD1,536902865, 1F344000,523517952,2
54,00007CC4,31940, 1F310000,523304960,0
56,40007CB5,1073773749, 1F2D4000,523059200,4
58,A0007D10,-1610580720, 1F440000,524550144, 0000000A
60,E0007D1A,-536838886, 1F468000,524713984, 0000000E
62,60007D23,1610644771, 1F48C000,524861440,6
64,80007D2A,-2147451606, 1F4A8000,524976128,8
66,E0007D2F,-536838865, 1F4BC000,525058048, 0000000E
68,60007D33,1610644787, 1F4CC000,525123584,6
70,40007C2C,1073773612, 1F0B0000,520814592,4
72,20007C37,536902711, 1F0DC000,520994816,2
74,40007C44,1073773636, 1F110000,521207808,4
76,00007C54,31828, 1F150000,521469952,0
78,60007C63,1610644579, 1F18C000,521715712,6
80,60007C70,1610644592, 1F1C0000,521928704,6
82,E0007C7C,-536839044, 1F1F0000,522125312, 0000000E
84,00007C08,31752, 1F020000,520224768,0
86,60007C01,1610644481, 1F004000,520110080,6
88,20007BFB,536902651, 1EFEC000,520011776,2
90,20007BF5,536902645, 1EFD4000,519913472,2
92,40007BF4,1073773556, 1EFD0000,519897088,4
94,C0007BF5,-1073710091, 1EFD4000,519913472, 0000000C
96,00007BF6,31734, 1EFD8000,519929856,0
98,60007C95,1610644629, 1F254000,522534912,6
100,E0007C8B,-536839029, 1F22C000,522371072, 0000000E
102,E0007C81,-536839039, 1F204000,522207232, 0000000E
104,C0007C78,-1073709960, 1F1E0000,522059776, 0000000C
106,C0007C6E,-1073709970, 1F1B8000,521895936, 0000000C
108,E0007C63,-536839069, 1F18C000,521715712, 0000000E
110,40007D3C,1073773884, 1F4F0000,525271040,4
112,C0007D3D,-1073709763, 1F4F4000,525287424, 0000000C
114,80007D3C,-2147451588, 1F4F0000,525271040,8
116,60007D37,1610644791, 1F4DC000,525189120,6
118,C0007D2E,-1073709778, 1F4B8000,525041664, 0000000C
120,20007D26,536902950, 1F498000,524910592,2
122,40007D1E,1073773854, 1F478000,524779520,4
124,40007C96,1073773718, 1F258000,522551296,4
126,00007CA4,31908, 1F290000,522780672,0
128,00007CB3,31923, 1F2CC000,523026432,0
130,80007CC0,-2147451712, 1F300000,523239424,8
132,40007CCC,1073773772, 1F330000,523436032,4
134,80007CD9,-2147451687, 1F364000,523649024,8
136,80007BF7,-2147451913, 1EFDC000,519946240,8
138,E0007BFB,-536839173, 1EFEC000,520011776, 0000000E
140,60007C01,1610644481, 1F004000,520110080,6
142,40007C07,1073773575, 1F01C000,520208384,4
144,80007C0B,-2147451893, 1F02C000,520273920,8
146,20007C0E,536902670, 1F038000,520323072,2
148,40007C13,1073773587, 1F04C000,520404992,4
150,60007C52,1610644562, 1F148000,521437184,6
152,A0007C47,-1610580921, 1F11C000,521256960, 0000000A
154,E0007C3B,-536839109, 1F0EC000,521060352, 0000000E
156,A0007C31,-1610580943, 1F0C4000,520896512, 0000000A
158,60007C29,1610644521, 1F0A4000,520765440,6
160,40007C22,1073773602, 1F088000,520650752,4
162,20007D10,536902928, 1F440000,524550144,2
164,80007D08,-2147451640, 1F420000,524419072,8
166,A0007CFD,-1610580739, 1F3F4000,524238848, 0000000A
168,E0007CF0,-536838928, 1F3C0000,524025856, 0000000E
170,60007CE4,1610644708, 1F390000,523829248,6
172,40007CD8,1073773784, 1F360000,523632640,4
174,80007CCB,-2147451701, 1F32C000,523419648,8
176,40007CFA,1073773818, 1F3E8000,524189696,4
178,A0007D07,-1610580729, 1F41C000,524402688, 0000000A
180,C0007D12,-1073709806, 1F448000,524582912, 0000000C
182,00007D1D,32029, 1F474000,524763136,0
184,40007D25,1073773861, 1F494000,524894208,4
186,20007D2B,536902955, 1F4AC000,524992512,2
188,00007C19,31769, 1F064000,520503296,0
190,A0007C23,-1610580957, 1F08C000,520667136, 0000000A
192,80007C2E,-2147451858, 1F0B8000,520847360,8
194,20007C3A,536902714, 1F0E8000,521043968,2
196,60007C48,1610644552, 1F120000,521273344,6
198,40007C59,1073773657, 1F164000,521551872,4
200,E0007C67,-536839065, 1F19C000,521781248, 0000000E
202,00007C15,31765, 1F054000,520437760,0
204,E0007C0D,-536839155, 1F034000,520306688, 0000000E
206,40007C07,1073773575, 1F01C000,520208384,4
208,C0007C00,-1073710080, 1F000000,520093696, 0000000C
210,60007BFB,1610644475, 1EFEC000,520011776,6
212,C0007BF6,-1073710090, 1EFD8000,519929856, 0000000C
214,20007CBE,536902846, 1F2F8000,523206656,2
216,40007CAE,1073773742, 1F2B8000,522944512,4
218,60007CA0,1610644640, 1F280000,522715136,6
220,40007C95,1073773717, 1F254000,522534912,4
222,E0007C89,-536839031, 1F224000,522338304, 0000000E
224,80007C80,-2147451776, 1F200000,522190848,8
226,C0007C76,-1073709962, 1F1D8000,522027008, 0000000C
228,80007D36,-2147451594, 1F4D8000,525172736,8
230,80007D39,-2147451591, 1F4E4000,525221888,8
232,80007D3C,-2147451588, 1F4F0000,525271040,8
234,20007D3E,536902974, 1F4F8000,525303808,2
236,00007D3C,32060, 1F4F0000,525271040,0
238,A0007D36,-1610580682, 1F4D8000,525172736, 0000000A
240,00007C76,31862, 1F1D8000,522027008,0
242,A0007C82,-1610580862, 1F208000,522223616, 0000000A
244,00007C8E,31886, 1F238000,522420224,0
246,00007C9B,31899, 1F26C000,522633216,0
248,40007CA9,1073773737, 1F2A4000,522862592,4
250,80007CB6,-2147451722, 1F2D8000,523075584,8
252,80007CC2,-2147451710, 1F308000,523272192,8
254,40007BF6,1073773558, 1EFD8000,519929856,4
256,00007BFA,31738, 1EFE8000,519995392,0
258,60007BFD,1610644477, 1EFF4000,520044544,6
260,80007C01,-2147451903, 1F004000,520110080,8
262,80007C07,-2147451897, 1F01C000,520208384,8
264,00007C0D,31757, 1F034000,520306688,0
266,20007C6F,536902767, 1F1BC000,521912320,2
268,60007C64,1610644580, 1F190000,521732096,6
270,60007C59,1610644569, 1F164000,521551872,6
272,00007C4F,31823, 1F13C000,521388032,0
274,C0007C44,-1073710012, 1F110000,521207808, 0000000C
276,C0007C39,-1073710023, 1F0E4000,521027584, 0000000C
278,E0007C30,-536839120, 1F0C0000,520880128, 0000000E
280,A0007D21,-1610580703, 1F484000,524828672, 0000000A
282,C0007D19,-1073709799, 1F464000,524697600, 0000000C
284,00007D12,32018, 1F448000,524582912,0
286,60007D08,1610644744, 1F420000,524419072,6
288,C0007CFB,-1073709829, 1F3EC000,524206080, 0000000C
290,C0007CEE,-1073709842, 1F3B8000,523993088, 0000000C
292,00007CD2,31954, 1F348000,523534336,0
294,20007CE0,536902880, 1F380000,523763712,2
296,20007CF0,536902896, 1F3C0000,524025856,2
298,A0007CFE,-1610580738, 1F3F8000,524255232, 0000000A
300,A0007D0A,-1610580726, 1F428000,524451840, 0000000A
302,E0007D14,-536838892, 1F450000,524615680, 0000000E
304,40007D1E,1073773854, 1F478000,524779520,4
306,40007C0E,1073773582, 1F038000,520323072,4
308,20007C15,536902677, 1F054000,520437760,2
310,20007C20,536902688, 1F080000,520617984,2
312,80007C2A,-2147451862, 1F0A8000,520781824,8
314,C0007C35,-1073710027, 1F0D4000,520962048, 0000000C
316,40007C43,1073773635, 1F10C000,521191424,4
318,40007C27,1073773607, 1F09C000,520732672,4
320,C0007C22,-1073710046, 1F088000,520650752, 0000000C
322,E0007C1B,-536839141, 1F06C000,520536064, 0000000E
324,80007C13,-2147451885, 1F04C000,520404992,8
326,E0007C0B,-536839157, 1F02C000,520273920, 0000000E
328,40007C05,1073773573, 1F014000,520175616,4
330,60007BFE,1610644478, 1EFF8000,520060928,6
332,40007CD4,1073773780, 1F350000,523567104,4
334,E0007CC5,-536838971, 1F314000,523321344, 0000000E
336,00007CB7,31927, 1F2DC000,523091968,0
338,E0007CA8,-536839000, 1F2A0000,522846208, 0000000E
340,20007C9C,536902812, 1F270000,522649600,2
342,00007C91,31889, 1F244000,522469376,0
344,C0007D25,-1073709787, 1F494000,524894208, 0000000C
346,20007D2B,536902955, 1F4AC000,524992512,2
348,60007D2F,1610644783, 1F4BC000,525058048,6
350,60007D32,1610644786, 1F4C8000,525107200,6
352,20007D35,536902965, 1F4D4000,525156352,2
354,00007D38,32056, 1F4E0000,525205504,0
356,C0007D38,-1073709768, 1F4E0000,525205504, 0000000C
358,00007C63,31843, 1F18C000,521715712,0
360,C0007C71,-1073709967, 1F1C4000,521945088, 0000000C
362,E0007C7D,-536839043, 1F1F4000,522141696, 0000000E
364,E0007C88,-536839032, 1F220000,522321920, 0000000E
366,A0007C93,-1610580845, 1F24C000,522502144, 0000000A
368,C0007C9F,-1073709921, 1F27C000,522698752, 0000000C
370,00007BF6,31734, 1EFD8000,519929856,0
372,A0007BF2,-1610581006, 1EFC8000,519864320, 0000000A
374,80007BF3,-2147451917, 1EFCC000,519880704,8
376,60007BF4,1610644468, 1EFD0000,519897088,6
378,20007BF5,536902645, 1EFD4000,519913472,2
380,C0007BF9,-1073710087, 1EFE4000,519979008, 0000000C
382,00007C00,31744, 1F000000,520093696,0
384,40007C7E,1073773694, 1F1F8000,522158080,4
386,40007C75,1073773685, 1F1D4000,522010624,4
388,60007C6B,1610644587, 1F1AC000,521846784,6
390,60007C60,1610644576, 1F180000,521666560,6
392,80007C56,-2147451818, 1F158000,521502720,8
394,C0007C4B,-1073710005, 1F12C000,521322496, 0000000C
396,80007D39,-2147451591, 1F4E4000,525221888,8
398,80007D31,-2147451599, 1F4C4000,525090816,8
400,20007D28,536902952, 1F4A0000,524943360,2
402,A0007D1E,-1610580706, 1F478000,524779520, 0000000A
404,80007D16,-2147451626, 1F458000,524648448,8
406,20007D0F,536902927, 1F43C000,524533760,2
408,60007D05,1610644741, 1F414000,524369920,6
410,40007CBB,1073773755, 1F2EC000,523157504,4
412,20007CC7,536902855, 1F31C000,523354112,2
414,C0007CD3,-1073709869, 1F34C000,523550720, 0000000C
416,C0007CE1,-1073709855, 1F384000,523780096, 0000000C
418,60007CF0,1610644720, 1F3C0000,524025856,6
420,20007CFF,536902911, 1F3FC000,524271616,2
422,80007C08,-2147451896, 1F020000,520224768,8
424,20007C09,536902665, 1F024000,520241152,2
426,80007C0B,-2147451893, 1F02C000,520273920,8
428,60007C12,1610644498, 1F048000,520388608,6
430,60007C1C,1610644508, 1F070000,520552448,6
432,60007C26,1610644518, 1F098000,520716288,6
434,80007C30,-2147451856, 1F0C0000,520880128,8
436,80007C36,-2147451850, 1F0D8000,520978432,8
438,C0007C2F,-1073710033, 1F0BC000,520863744, 0000000C
440,40007C29,1073773609, 1F0A4000,520765440,4
442,60007C21,1610644513, 1F084000,520634368,6
444,E0007C19,-536839143, 1F064000,520503296, 0000000E
446,80007C12,-2147451886, 1F048000,520388608,8
448,C0007CF5,-1073709835, 1F3D4000,524107776, 0000000C
450,60007CE9,1610644713, 1F3A4000,523911168,6
452,A0007CDC,-1610580772, 1F370000,523698176, 0000000A
454,C0007CCF,-1073709873, 1F33C000,523485184, 0000000C
456,60007CC1,1610644673, 1F304000,523255808,6
458,60007CB2,1610644658, 1F2C8000,523010048,6
460,20007CA5,536902821, 1F294000,522797056,2
462,80007D17,-2147451625, 1F45C000,524664832,8
464,60007D1F,1610644767, 1F47C000,524795904,6
466,C0007D26,-1073709786, 1F498000,524910592, 0000000C
468,00007D2D,32045, 1F4B4000,525025280,0
470,E0007D30,-536838864, 1F4C0000,525074432, 0000000E
472,A0007D33,-1610580685, 1F4CC000,525123584, 0000000A
474,E0007C39,-536839111, 1F0E4000,521027584, 0000000E
476,60007C46,1610644550, 1F118000,521240576,6
478,60007C55,1610644565, 1F154000,521486336,6
480,80007C64,-2147451804, 1F190000,521732096,8
482,20007C71,536902769, 1F1C4000,521945088,2
484,00007C7D,31869, 1F1F4000,522141696,0
486,E0007C88,-536839032, 1F220000,522321920, 0000000E
488,20007C01,536902657, 1F004000,520110080,2
490,20007BFA,536902650, 1EFE8000,519995392,2
492,C0007BF4,-1073710092, 1EFD0000,519897088, 0000000C
494,80007BF3,-2147451917, 1EFCC000,519880704,8
496,80007BF4,-2147451916, 1EFD0000,519897088,8
498,A0007BF5,-1610581003, 1EFD4000,519913472, 0000000A
500,80007C95,-2147451755, 1F254000,522534912,8
502,80007C8B,-2147451765, 1F22C000,522371072,8
504,60007C83,1610644611, 1F20C000,522240000,6
506,C0007C7B,-1073709957, 1F1EC000,522108928, 0000000C
508,E0007C71,-536839055, 1F1C4000,521945088, 0000000E
510,C0007C66,-1073709978, 1F198000,521764864, 0000000C
512,E0007D39,-536838855, 1F4E4000,525221888, 0000000E
514,60007D3B,1610644795, 1F4EC000,525254656,6
516,60007D3A,1610644794, 1F4E8000,525238272,6
518,60007D35,1610644789, 1F4D4000,525156352,6
520,C0007D2C,-1073709780, 1F4B0000,525008896, 0000000C
522,40007D22,1073773858, 1F488000,524845056,4
524,20007D19,536902937, 1F464000,524697600,2
526,60007C9B,1610644635, 1F26C000,522633216,6
528,E0007CA8,-536839000, 1F2A0000,522846208, 0000000E
530,20007CB6,536902838, 1F2D8000,523075584,2
532,A0007CC1,-1610580799, 1F304000,523255808, 0000000A
534,00007CCD,31949, 1F334000,523452416,0
536,40007CDA,1073773786, 1F368000,523665408,4
538,80007BFB,-2147451909, 1EFEC000,520011776,8
540,20007BFF,536902655, 1EFFC000,520077312,2
542,C0007C03,-1073710077, 1F00C000,520142848, 0000000C
544,E0007C07,-536839161, 1F01C000,520208384, 0000000E
546,80007C0B,-2147451893, 1F02C000,520273920,8
548,00007C0E,31758, 1F038000,520323072,0
550,20007C14,536902676, 1F050000,520421376,2
552,E0007C4C,-536839092, 1F130000,521338880, 0000000E
554,E0007C43,-536839101, 1F10C000,521191424, 0000000E
556,60007C3C,1610644540, 1F0F0000,521076736,6
558,40007C32,1073773618, 1F0C8000,520912896,4
560,80007C29,-2147451863, 1F0A4000,520765440,8
562,C0007C24,-1073710044, 1F090000,520683520, 0000000C
564,E0007D0F,-536838897, 1F43C000,524533760, 0000000E
566,60007D06,1610644742, 1F418000,524386304,6
568,40007CFA,1073773818, 1F3E8000,524189696,4
570,60007CED,1610644717, 1F3B4000,523976704,6
572,40007CE1,1073773793, 1F384000,523780096,4
574,60007CD5,1610644693, 1F354000,523583488,6
576,C0007CC8,-1073709880, 1F320000,523370496, 0000000C
578,20007CF9,536902905, 1F3E4000,524173312,2
580,20007D07,536902919, 1F41C000,524402688,2
582,80007D12,-2147451630, 1F448000,524582912,8
584,A0007D1B,-1610580709, 1F46C000,524730368, 0000000A
586,C0007D23,-1073709789, 1F48C000,524861440, 0000000C
588,20007D2A,536902954, 1F4A8000,524976128,2
590,00007C22,31778, 1F088000,520650752,0
592,80007C2B,-2147451861, 1F0AC000,520798208,8
594,A0007C34,-1610580940, 1F0D0000,520945664, 0000000A
596,60007C40,1610644544, 1F100000,521142272,6
598,80007C4F,-2147451825, 1F13C000,521388032,8
600,60007C60,1610644576, 1F180000,521666560,6
602,80007C6F,-2147451793, 1F1BC000,521912320,8
604,C0007C17,-1073710057, 1F05C000,520470528, 0000000C
606,40007C0F,1073773583, 1F03C000,520339456,4
608,00007C08,31752, 1F020000,520224768,0
610,80007C02,-2147451902, 1F008000,520126464,8
612,A0007BFC,-1610580996, 1EFF0000,520028160, 0000000A
614,C0007BF8,-1073710088, 1EFE0000,519962624, 0000000C
616,40007CBC,1073773756, 1F2F0000,523173888,4
618,00007CAE,31918, 1F2B8000,522944512,0
620,A0007CA0,-1610580832, 1F280000,522715136, 0000000A
622,80007C95,-2147451755, 1F254000,522534912,8
624,20007C8C,536902796, 1F230000,522387456,2
626,00007C83,31875, 1F20C000,522240000,0
628,20007C79,536902777, 1F1E4000,522076160,2
630,A0007D35,-1610580683, 1F4D4000,525156352, 0000000A
632,E0007D37,-536838857, 1F4DC000,525189120, 0000000E
634,A0007D39,-1610580679, 1F4E4000,525221888, 0000000A
636,C0007D39,-1073709767, 1F4E4000,525221888, 0000000C
638,40007D36,1073773878, 1F4D8000,525172736,4
640,40007D2F,1073773871, 1F4BC000,525058048,4
642,40007C78,1073773688, 1F1E0000,522059776,4
644,60007C83,1610644611, 1F20C000,522240000,6
646,60007C8D,1610644621, 1F234000,522403840,6
648,20007C99,536902809, 1F264000,522600448,2
650,40007CA7,1073773735, 1F29C000,522829824,4
652,A0007CB5,-1610580811, 1F2D4000,523059200, 0000000A
654,60007CC2,1610644674, 1F308000,523272192,6
656,20007BF7,536902647, 1EFDC000,519946240,2
658,40007BFA,1073773562, 1EFE8000,519995392,4
660,00007BFE,31742, 1EFF8000,520060928,0
662,80007C02,-2147451902, 1F008000,520126464,8
664,C0007C07,-1073710073, 1F01C000,520208384, 0000000C
666,00007C0A,31754, 1F028000,520257536,0
668,20007C6C,536902764, 1F1B0000,521863168,2
670,A0007C63,-1610580893, 1F18C000,521715712, 0000000A
672,E0007C57,-536839081, 1F15C000,521519104, 0000000E
674,80007C4C,-2147451828, 1F130000,521338880,8
676,00007C45,31813, 1F114000,521224192,0
678,80007C3A,-2147451846, 1F0E8000,521043968,8
680,80007C31,-2147451855, 1F0C4000,520896512,8
682,C0007D1F,-1073709793, 1F47C000,524795904, 0000000C
684,00007D18,32024, 1F460000,524681216,0
686,80007D0F,-2147451633, 1F43C000,524533760,8
688,A0007D05,-1610580731, 1F414000,524369920, 0000000A
690,40007CF9,1073773817, 1F3E4000,524173312,4
692,00007CEC,31980, 1F3B0000,523960320,0
694,80007CD4,-2147451692, 1F350000,523567104,8
696,60007CDE,1610644702, 1F378000,523730944,6
698,A0007CEB,-1610580757, 1F3AC000,523943936, 0000000A
700,A0007D00,-1610580736, 1F400000,524288000, 0000000A
702,60007D0F,1610644751, 1F43C000,524533760,6
704,E0007D15,-536838891, 1F454000,524632064, 0000000E
706,20007D1E,536902942, 1F478000,524779520,2
708,60007C13,1610644499, 1F04C000,520404992,6
710,80007C19,-2147451879, 1F064000,520503296,8
712,80007C22,-2147451870, 1F088000,520650752,8
714,80007C2B,-2147451861, 1F0AC000,520798208,8
716,80007C36,-2147451850, 1F0D8000,520978432,8
718,00007C43,31811, 1F10C000,521191424,0
720,40007C2A,1073773610, 1F0A8000,520781824,4
722,A0007C22,-1610580958, 1F088000,520650752, 0000000A
724,C0007C1A,-1073710054, 1F068000,520519680, 0000000C
726,40007C14,1073773588, 1F050000,520421376,4
728,20007C0C,536902668, 1F030000,520290304,2
730,40007C05,1073773573, 1F014000,520175616,4
732,A0007C00,-1610580992, 1F000000,520093696, 0000000A
734,40007CD3,1073773779, 1F34C000,523550720,4
736,60007CC6,1610644678, 1F318000,523337728,6
738,40007CB8,1073773752, 1F2E0000,523108352,4
740,E0007CA9,-536838999, 1F2A4000,522862592, 0000000E
742,40007C9C,1073773724, 1F270000,522649600,4
744,60007C91,1610644625, 1F244000,522469376,6
746,C0007D28,-1073709784, 1F4A0000,524943360, 0000000C
748,A0007D30,-1610580688, 1F4C0000,525074432, 0000000A
750,E0007D34,-536838860, 1F4D0000,525139968, 0000000E
752,E0007D36,-536838858, 1F4D8000,525172736, 0000000E
754,C0007D38,-1073709768, 1F4E0000,525205504, 0000000C
756,00007D3A,32058, 1F4E8000,525238272,0
758,A0007D3A,-1610580678, 1F4E8000,525238272, 0000000A
760,40007C66,1073773670, 1F198000,521764864,4
762,20007C74,536902772, 1F1D0000,521994240,2
764,60007C7F,1610644607, 1F1FC000,522174464,6
766,60007C8A,1610644618, 1F228000,522354688,6
768,40007C95,1073773717, 1F254000,522534912,4
770,60007CA1,1610644641, 1F284000,522731520,6
772,60007BF9,1610644473, 1EFE4000,519979008,6
774,E0007BF6,-536839178, 1EFD8000,519929856, 0000000E
776,00007BF8,31736, 1EFE0000,519962624,0
778,C0007BF9,-1073710087, 1EFE4000,519979008, 0000000C
780,00007BFD,31741, 1EFF4000,520044544,0
782,E0007C01,-536839167, 1F004000,520110080, 0000000E
784,80007C05,-2147451899, 1F014000,520175616,8
786,60007C7F,1610644607, 1F1FC000,522174464,6
788,E0007C74,-536839052, 1F1D0000,521994240, 0000000E
790,40007C69,1073773673, 1F1A4000,521814016,4
792,40007C5F,1073773663, 1F17C000,521650176,4
794,E0007C54,-536839084, 1F150000,521469952, 0000000E
796,60007C4B,1610644555, 1F12C000,521322496,6
798,60007D31,1610644785, 1F4C4000,525090816,6
800,A0007D29,-1610580695, 1F4A4000,524959744, 0000000A
802,A0007D20,-1610580704, 1F480000,524812288, 0000000A
804,00007D19,32025, 1F464000,524697600,0
806,C0007D11,-1073709807, 1F444000,524566528, 0000000C
808,40007D09,1073773833, 1F424000,524435456,4
810,E0007CFE,-536838914, 1F3F8000,524255232, 0000000E
812,60007CC0,1610644672, 1F300000,523239424,6
814,C0007CCB,-1073709877, 1F32C000,523419648, 0000000C
816,80007CD7,-2147451689, 1F35C000,523616256,8
818,60007CE6,1610644710, 1F398000,523862016,6
820,A0007CF5,-1610580747, 1F3D4000,524107776, 0000000A
822,A0007D03,-1610580733, 1F40C000,524337152, 0000000A
824,20007C0B,536902667, 1F02C000,520273920,2
826,A0007C0D,-1610580979, 1F034000,520306688, 0000000A
828,A0007C0F,-1610580977, 1F03C000,520339456, 0000000A
830,40007C15,1073773589, 1F054000,520437760,4
832,E0007C1D,-536839139, 1F074000,520568832, 0000000E
834,E0007C27,-536839129, 1F09C000,520732672, 0000000E
836,80007C3E,-2147451842, 1F0F8000,521109504,8
838,20007C34,536902708, 1F0D0000,520945664,2
840,00007C2D,31789, 1F0B4000,520830976,0
842,C0007C27,-1073710041, 1F09C000,520732672, 0000000C
844,A0007C21,-1610580959, 1F084000,520634368, 0000000A
846,40007C1A,1073773594, 1F068000,520519680,4
848,00007C13,31763, 1F04C000,520404992,0
850,A0007CEC,-1610580756, 1F3B0000,523960320, 0000000A
852,60007CE0,1610644704, 1F380000,523763712,6
854,A0007CD4,-1610580780, 1F350000,523567104, 0000000A
856,60007CC9,1610644681, 1F324000,523386880,6
858,60007CBC,1610644668, 1F2F0000,523173888,6
860,C0007CAD,-1073709907, 1F2B4000,522928128, 0000000C
862,40007D0B,1073773835, 1F42C000,524468224,4
864,60007D14,1610644756, 1F450000,524615680,6
866,E0007D1B,-536838885, 1F46C000,524730368, 0000000E
868,60007D23,1610644771, 1F48C000,524861440,6
870,80007D2A,-2147451606, 1F4A8000,524976128,8
872,20007D2E,536902958, 1F4B8000,525041664,2
874,00007D31,32049, 1F4C4000,525090816,0
876,00007C3A,31802, 1F0E8000,521043968,0
878,A0007C48,-1610580920, 1F120000,521273344, 0000000A
880,80007C58,-2147451816, 1F160000,521535488,8
882,E0007C67,-536839065, 1F19C000,521781248, 0000000E
884,A0007C75,-1610580875, 1F1D4000,522010624, 0000000A
886,C0007C81,-1073709951, 1F204000,522207232, 0000000C
888,80007C0A,-2147451894, 1F028000,520257536,8
890,E0007C02,-536839166, 1F008000,520126464, 0000000E
892,60007BFD,1610644477, 1EFF4000,520044544,6
894,E0007BF7,-536839177, 1EFDC000,519946240, 0000000E
896,E0007BF4,-536839180, 1EFD0000,519897088, 0000000E
898,00007BF6,31734, 1EFD8000,519929856,0
900,40007BF9,1073773561, 1EFE4000,519979008,4
902,20007C97,536902807, 1F25C000,522567680,2
904,00007C8E,31886, 1F238000,522420224,0
906,C0007C85,-1073709947, 1F214000,522272768, 0000000C
908,E0007C7C,-536839044, 1F1F0000,522125312, 0000000E
910,C0007C73,-1073709965, 1F1CC000,521977856, 0000000C
912,80007C69,-2147451799, 1F1A4000,521814016,8
914,80007D35,-2147451595, 1F4D4000,525156352,8
916,60007D36,1610644790, 1F4D8000,525172736,6
918,E0007D34,-536838860, 1F4D0000,525139968, 0000000E
920,A0007D2F,-1610580689, 1F4BC000,525058048, 0000000A
922,80007D27,-2147451609, 1F49C000,524926976,8
924,00007D1F,32031, 1F47C000,524795904,0
926,80007D17,-2147451625, 1F45C000,524664832,8
928,00007C99,31897, 1F264000,522600448,0
930,20007CA6,536902822, 1F298000,522813440,2
932,40007CB3,1073773747, 1F2CC000,523026432,4
934,C0007CBE,-1073709890, 1F2F8000,523206656, 0000000C
936,C0007CC9,-1073709879, 1F324000,523386880, 0000000C
938,80007CD6,-2147451690, 1F358000,523599872,8
940,60007C00,1610644480, 1F000000,520093696,6
942,E0007C03,-536839165, 1F00C000,520142848, 0000000E
944,C0007C07,-1073710073, 1F01C000,520208384, 0000000C
946,20007C0B,536902667, 1F02C000,520273920,2
948,60007C0D,1610644493, 1F034000,520306688,6
950,20007C11,536902673, 1F044000,520372224,2
952,C0007C18,-1073710056, 1F060000,520486912, 0000000C
954,60007C50,1610644560, 1F140000,521404416,6
956,20007C46,536902726, 1F118000,521240576,2
958,40007C3B,1073773627, 1F0EC000,521060352,4
960,00007C32,31794, 1F0C8000,520912896,0
962,E0007C29,-536839127, 1F0A4000,520765440, 0000000E
964,60007C23,1610644515, 1F08C000,520667136,6
966,00007D0B,32011, 1F42C000,524468224,0
968,C0007D01,-1073709823, 1F404000,524304384, 0000000C
970,C0007CF6,-1073709834, 1F3D8000,524124160, 0000000C
972,60007CEA,1610644714, 1F3A8000,523927552,6
974,A0007CDD,-1610580771, 1F374000,523714560, 0000000A
976,20007CD2,536902866, 1F348000,523534336,2
978,80007CC6,-2147451706, 1F318000,523337728,8
980,20007CFC,536902908, 1F3F0000,524222464,2
982,60007D08,1610644744, 1F420000,524419072,6
984,E0007D11,-536838895, 1F444000,524566528, 0000000E
986,00007D1A,32026, 1F468000,524713984,0
988,60007D22,1610644770, 1F488000,524845056,6
990,E0007D29,-536838871, 1F4A4000,524959744, 0000000E
992,A0007C21,-1610580959, 1F084000,520634368, 0000000A
994,A0007C2B,-1610580949, 1F0AC000,520798208, 0000000A
996,40007C34,1073773620, 1F0D0000,520945664,4
998,40007C40,1073773632, 1F100000,521142272,4
1000,80007C4F,-2147451825, 1F13C000,521388032,8
1002,00007C5F,31839, 1F17C000,521650176,0
1004,E0007C6C,-536839060, 1F1B0000,521863168, 0000000E
1006,40007C1A,1073773594, 1F068000,520519680,4
1008,40007C14,1073773588, 1F050000,520421376,4
1010,80007C0D,-2147451891, 1F034000,520306688,8
1012,00007C06,31750, 1F018000,520192000,0
1014,00007BFF,31743, 1EFFC000,520077312,0
1016,C0007BFA,-1073710086, 1EFE8000,519995392, 0000000C
1018,40007CB8,1073773752, 1F2E0000,523108352,4
1020,00007CAB,31915, 1F2AC000,522895360,0
1022,C0007C9E,-1073709922, 1F278000,522682368, 0000000C
1024,40007C94,1073773716, 1F250000,522518528,4
1026,E0007C8B,-536839029, 1F22C000,522371072, 0000000E
1028,A0007C83,-1610580861, 1F20C000,522240000, 0000000A
1030,40007C7A,1073773690, 1F1E8000,522092544,4
1032,00007D30,32048, 1F4C0000,525074432,0
1034,60007D32,1610644786, 1F4C8000,525107200,6
1036,40007D34,1073773876, 1F4D0000,525139968,4
1038,80007D34,-2147451596, 1F4D0000,525139968,8
1040,60007D31,1610644785, 1F4C4000,525090816,6
1042,00007D2B,32043, 1F4AC000,524992512,0
1044,C0007C7F,-1073709953, 1F1FC000,522174464, 0000000C
1046,A0007C8A,-1610580854, 1F228000,522354688, 0000000A
1048,00007C96,31894, 1F258000,522551296,0
1050,00007CA2,31906, 1F288000,522747904,0
1052,80007CAE,-2147451730, 1F2B8000,522944512,8
1054,00007CBB,31931, 1F2EC000,523157504,0
1056,A0007CC6,-1610580794, 1F318000,523337728, 0000000A
1058,C0007BF8,-1073710088, 1EFE0000,519962624, 0000000C
1060,40007BFC,1073773564, 1EFF0000,520028160,4
1062,60007C01,1610644481, 1F004000,520110080,6
1064,40007C07,1073773575, 1F01C000,520208384,4
1066,40007C0C,1073773580, 1F030000,520290304,4
1068,40007C0F,1073773583, 1F03C000,520339456,4
1070,00007C6F,31855, 1F1BC000,521912320,0
1072,20007C66,536902758, 1F198000,521764864,2
1074,40007C5C,1073773660, 1F170000,521601024,4
1076,40007C50,1073773648, 1F140000,521404416,4
1078,20007C46,536902726, 1F118000,521240576,2
1080,80007C3C,-2147451844, 1F0F0000,521076736,8
1082,C0007D21,-1073709791, 1F484000,524828672, 0000000C
1084,60007D19,1610644761, 1F464000,524697600,6
1086,C0007D11,-1073709807, 1F444000,524566528, 0000000C
1088,20007D0A,536902922, 1F428000,524451840,2
1090,20007D01,536902913, 1F404000,524304384,2
1092,C0007CF5,-1073709835, 1F3D4000,524107776, 0000000C
1094,E0007CE9,-536838935, 1F3A4000,523911168, 0000000E
1096,80007CD1,-2147451695, 1F344000,523517952,8
1098,80007CDF,-2147451681, 1F37C000,523747328,8
1100,60007CEF,1610644719, 1F3BC000,524009472,6
1102,60007CFD,1610644733, 1F3F4000,524238848,6
1104,00007D09,32009, 1F424000,524435456,0
1106,80007D12,-2147451630, 1F448000,524582912,8
1108,00007C10,31760, 1F040000,520355840,0
1110,80007C15,-2147451883, 1F054000,520437760,8
1112,A0007C1E,-1610580962, 1F078000,520585216, 0000000A
1114,A0007C27,-1610580953, 1F09C000,520732672, 0000000A
1116,C0007C2F,-1073710033, 1F0BC000,520863744, 0000000C
1118,E0007C39,-536839111, 1F0E4000,521027584, 0000000E
1120,E0007C45,-536839099, 1F114000,521224192, 0000000E
1122,60007C2C,1610644524, 1F0B0000,520814592,6
1124,80007C26,-2147451866, 1F098000,520716288,8
1126,80007C1F,-2147451873, 1F07C000,520601600,8
1128,60007C17,1610644503, 1F05C000,520470528,6
1130,A0007C10,-1610580976, 1F040000,520355840, 0000000A
1132,00007C0A,31754, 1F028000,520257536,0
1134,40007CD9,1073773785, 1F364000,523649024,4
1136,C0007CCD,-1073709875, 1F334000,523452416, 0000000C
1138,20007CC1,536902849, 1F304000,523255808,2
1140,80007CB3,-2147451725, 1F2CC000,523026432,8
1142,C0007CA6,-1073709914, 1F298000,522813440, 0000000C
1144,80007C9B,-2147451749, 1F26C000,522633216,8
1146,40007D1A,1073773850, 1F468000,524713984,4
1148,E0007D21,-536838879, 1F484000,524828672, 0000000E
1150,C0007D27,-1073709785, 1F49C000,524926976, 0000000C
1152,A0007D2B,-1610580693, 1F4AC000,524992512, 0000000A
1154,C0007D2E,-1073709778, 1F4B8000,525041664, 0000000C
1156,40007D31,1073773873, 1F4C4000,525090816,4
1158,80007C46,-2147451834, 1F118000,521240576,8
1160,80007C55,-2147451819, 1F154000,521486336,8
1162,20007C65,536902757, 1F194000,521748480,2
1164,C0007C73,-1073709965, 1F1CC000,521977856, 0000000C
1166,00007C80,31872, 1F200000,522190848,0
1168,20007C8A,536902794, 1F228000,522354688,2
1170,00007C95,31893, 1F254000,522534912,0
1172,00007C06,31750, 1F018000,520192000,0
1174,C0007C00,-1073710080, 1F000000,520093696, 0000000C
1176,00007BFC,31740, 1EFF0000,520028160,0
1178,00007BFA,31738, 1EFE8000,519995392,0
1180,80007BFC,-2147451908, 1EFF0000,520028160,8
1182,80007C01,-2147451903, 1F004000,520110080,8
1184,E0007C07,-536839161, 1F01C000,520208384, 0000000E
1186,40007C86,1073773702, 1F218000,522289152,4
1188,40007C7E,1073773694, 1F1F8000,522158080,4
1190,C0007C74,-1073709964, 1F1D0000,521994240, 0000000C
1192,00007C6B,31851, 1F1AC000,521846784,0
1194,60007C61,1610644577, 1F184000,521682944,6
1196,20007C57,536902743, 1F15C000,521519104,2
1198,C0007D32,-1073709774, 1F4C8000,525107200, 0000000C
1200,A0007D2E,-1610580690, 1F4B8000,525041664, 0000000A
1202,60007D27,1610644775, 1F49C000,524926976,6
1204,A0007D1D,-1610580707, 1F474000,524763136, 0000000A
1206,E0007D15,-536838891, 1F454000,524632064, 0000000E
1208,A0007D0E,-1610580722, 1F438000,524517376, 0000000A
1210,20007CA1,536902817, 1F284000,522731520,2
1212,E0007CAD,-536838995, 1F2B4000,522928128, 0000000E
1214,80007CB9,-2147451719, 1F2E4000,523124736,8
1216,E0007CC4,-536838972, 1F310000,523304960, 0000000E
1218,20007CD1,536902865, 1F344000,523517952,2
1220,60007CE0,1610644704, 1F380000,523763712,6
1222,A0007CF0,-1610580752, 1F3C0000,524025856, 0000000A
1224,20007C07,536902663, 1F01C000,520208384,2
1226,C0007C0A,-1073710070, 1F028000,520257536, 0000000C
1228,60007C0C,1610644492, 1F030000,520290304,6
1230,60007C0F,1610644495, 1F03C000,520339456,6
1232,A0007C16,-1610580970, 1F058000,520454144, 0000000A
1234,A0007C1F,-1610580961, 1F07C000,520601600, 0000000A
1236,E0007C49,-536839095, 1F124000,521289728, 0000000E
1238,20007C42,536902722, 1F108000,521175040,2
1240,00007C38,31800, 1F0E0000,521011200,0
1242,40007C2E,1073773614, 1F0B8000,520847360,4
1244,80007C29,-2147451863, 1F0A4000,520765440,8
1246,20007C24,536902692, 1F090000,520683520,2
1248,80007D06,-2147451642, 1F418000,524386304,8
1250,C0007CFB,-1073709829, 1F3EC000,524206080, 0000000C
1252,C0007CEE,-1073709842, 1F3B8000,523993088, 0000000C
1254,A0007CE2,-1610580766, 1F388000,523796480, 0000000A
1256,20007CD8,536902872, 1F360000,523632640,2
1258,40007CCC,1073773772, 1F330000,523436032,4
1260,40007CBE,1073773758, 1F2F8000,523206656,4
1262,00007CFE,31998, 1F3F8000,524255232,0
1264,E0007D08,-536838904, 1F420000,524419072, 0000000E
1266,80007D12,-2147451630, 1F448000,524582912,8
1268,20007D1B,536902939, 1F46C000,524730368,2
1270,40007D22,1073773858, 1F488000,524845056,4
1272,E0007D27,-536838873, 1F49C000,524926976, 0000000E
1274,00007C2C,31788, 1F0B0000,520814592,0
1276,C0007C34,-1073710028, 1F0D0000,520945664, 0000000C
1278,A0007C3E,-1610580930, 1F0F8000,521109504, 0000000A
1280,60007C4B,1610644555, 1F12C000,521322496,6
1282,60007C5A,1610644570, 1F168000,521568256,6
1284,C0007C69,-1073709975, 1F1A4000,521814016, 0000000C
1286,40007C22,1073773602, 1F088000,520650752,4
1288,E0007C1A,-536839142, 1F068000,520519680, 0000000E
1290,20007C14,536902676, 1F050000,520421376,2
1292,E0007C0C,-536839156, 1F030000,520290304, 0000000E
1294,40007C06,1073773574, 1F018000,520192000,4
1296,20007C01,536902657, 1F004000,520110080,2
1298,60007BFE,1610644478, 1EFF8000,520060928,6
1300,20007CAD,536902829, 1F2B4000,522928128,2
1302,A0007CA0,-1610580832, 1F280000,522715136, 0000000A
1304,C0007C96,-1073709930, 1F258000,522551296, 0000000C
1306,20007C8E,536902798, 1F238000,522420224,2
1308,20007C85,536902789, 1F214000,522272768,2
1310,E0007C7B,-536839045, 1F1EC000,522108928, 0000000E
1312,20007D2B,536902955, 1F4AC000,524992512,2
1314,40007D2D,1073773869, 1F4B4000,525025280,4
1316,80007D2F,-2147451601, 1F4BC000,525058048,8
1318,E0007D30,-536838864, 1F4C0000,525074432, 0000000E
1320,20007D2F,536902959, 1F4BC000,525058048,2
1322,A0007D29,-1610580695, 1F4A4000,524959744, 0000000A
1324,20007C77,536902775, 1F1DC000,522043392,2
1326,00007C82,31874, 1F208000,522223616,0
1328,40007C8D,1073773709, 1F234000,522403840,4
1330,40007C99,1073773721, 1F264000,522600448,4
1332,60007CA7,1610644647, 1F29C000,522829824,6
1334,60007CB5,1610644661, 1F2D4000,523059200,6
1336,20007CC1,536902849, 1F304000,523255808,2
1338,A0007BFD,-1610580995, 1EFF4000,520044544, 0000000A
1340,80007BFF,-2147451905, 1EFFC000,520077312,8
1342,80007C04,-2147451900, 1F010000,520159232,8
1344,20007C09,536902665, 1F024000,520241152,2
1346,60007C0B,1610644491, 1F02C000,520273920,6
1348,60007C0C,1610644492, 1F030000,520290304,6
1350,40007C6E,1073773678, 1F1B8000,521895936,4
1352,80007C63,-2147451805, 1F18C000,521715712,8
1354,A0007C59,-1610580903, 1F164000,521551872, 0000000A
1356,E0007C4F,-536839089, 1F13C000,521388032, 0000000E
1358,80007C47,-2147451833, 1F11C000,521256960,8
1360,C0007C3E,-1073710018, 1F0F8000,521109504, 0000000C
1362,00007D22,32034, 1F488000,524845056,0
1364,40007D19,1073773849, 1F464000,524697600,4
1366,60007D11,1610644753, 1F444000,524566528,6
1368,00007D0A,32010, 1F428000,524451840,0
1370,80007D00,-2147451648, 1F400000,524288000,8
1372,20007CF6,536902902, 1F3D8000,524124160,2
1374,00007CEB,31979, 1F3AC000,523943936,0
1376,20007CCA,536902858, 1F328000,523403264,2
1378,A0007CD7,-1610580777, 1F35C000,523616256, 0000000A
1380,C0007CE7,-1073709849, 1F39C000,523878400, 0000000C
1382,00007CF8,31992, 1F3E0000,524156928,0
1384,40007D04,1073773828, 1F410000,524353536,4
1386,60007D0D,1610644749, 1F434000,524500992,6
1388,E0007C10,-536839152, 1F040000,520355840, 0000000E
1390,40007C15,1073773589, 1F054000,520437760,4
1392,40007C1B,1073773595, 1F06C000,520536064,4
1394,00007C23,31779, 1F08C000,520667136,0
1396,A0007C2C,-1610580948, 1F0B0000,520814592, 0000000A
1398,A0007C36,-1610580938, 1F0D8000,520978432, 0000000A
1400,40007C43,1073773635, 1F10C000,521191424,4
1402,80007C30,-2147451856, 1F0C0000,520880128,8
1404,A0007C2B,-1610580949, 1F0AC000,520798208, 0000000A
1406,60007C27,1610644519, 1F09C000,520732672,6
1408,20007C1F,536902687, 1F07C000,520601600,2
1410,40007C16,1073773590, 1F058000,520454144,4
1412,A0007C0F,-1610580977, 1F03C000,520339456, 0000000A
1414,80007CDC,-2147451684, 1F370000,523698176,8
1416,A0007CD0,-1610580784, 1F340000,523501568, 0000000A
1418,A0007CC4,-1610580796, 1F310000,523304960, 0000000A
1420,C0007CB6,-1073709898, 1F2D8000,523075584, 0000000C
1422,60007CA8,1610644648, 1F2A0000,522846208,6
1424,80007C9C,-2147451748, 1F270000,522649600,8
1426,80007D18,-2147451624, 1F460000,524681216,8
1428,40007D20,1073773856, 1F480000,524812288,4
1430,E0007D25,-536838875, 1F494000,524894208, 0000000E
1432,A0007D2A,-1610580694, 1F4A8000,524976128, 0000000A
1434,60007D2D,1610644781, 1F4B4000,525025280,6
1436,A0007D2F,-1610580689, 1F4BC000,525058048, 0000000A
1438,E0007D31,-536838863, 1F4C4000,525090816, 0000000E
1440,80007C53,-2147451821, 1F14C000,521453568,8
1442,C0007C61,-1073709983, 1F184000,521682944, 0000000C
1444,40007C70,1073773680, 1F1C0000,521928704,4
1446,80007C7C,-2147451780, 1F1F0000,522125312,8
1448,40007C87,1073773703, 1F21C000,522305536,4
1450,A0007C91,-1610580847, 1F244000,522469376, 0000000A
1452,80007C05,-2147451899, 1F014000,520175616,8
1454,00007C00,31744, 1F000000,520093696,0
1456,A0007BFC,-1610580996, 1EFF0000,520028160, 0000000A
1458,20007BFC,536902652, 1EFF0000,520028160,2
1460,60007BFC,1610644476, 1EFF0000,520028160,6
1462,20007BFF,536902655, 1EFFC000,520077312,2
1464,20007C94,536902804, 1F250000,522518528,2
1466,C0007C89,-1073709943, 1F224000,522338304, 0000000C
1468,80007C7F,-2147451777, 1F1FC000,522174464,8
1470,00007C75,31861, 1F1D4000,522010624,0
1472,40007C6A,1073773674, 1F1A8000,521830400,4
1474,00007C61,31841, 1F184000,521682944,0
1476,60007C58,1610644568, 1F160000,521535488,6
1478,00007D31,32049, 1F4C4000,525090816,0
1480,E0007D2D,-536838867, 1F4B4000,525025280, 0000000E
1482,00007D27,32039, 1F49C000,524926976,0
1484,A0007D1E,-1610580706, 1F478000,524779520, 0000000A
1486,A0007D16,-1610580714, 1F458000,524648448, 0000000A
1488,60007D0F,1610644751, 1F43C000,524533760,6
1490,20007C9E,536902814, 1F278000,522682368,2
1492,40007CAB,1073773739, 1F2AC000,522895360,4
1494,E0007CB7,-536838985, 1F2DC000,523091968, 0000000E
1496,40007CC3,1073773763, 1F30C000,523288576,4
1498,60007CCE,1610644686, 1F338000,523468800,6
1500,80007CDB,-2147451685, 1F36C000,523681792,8
1502,20007CEB,536902891, 1F3AC000,523943936,2
1504,40007C0A,1073773578, 1F028000,520257536,4
1506,A0007C0E,-1610580978, 1F038000,520323072, 0000000A
1508,A0007C10,-1610580976, 1F040000,520355840, 0000000A
1510,00007C13,31763, 1F04C000,520404992,0
1512,60007C18,1610644504, 1F060000,520486912,6
1514,40007C1F,1073773599, 1F07C000,520601600,4
1516,20007C49,536902729, 1F124000,521289728,2
1518,C0007C40,-1073710016, 1F100000,521142272, 0000000C
1520,E0007C37,-536839113, 1F0DC000,520994816, 0000000E
1522,80007C2F,-2147451857, 1F0BC000,520863744,8
1524,60007C2A,1610644522, 1F0A8000,520781824,6
1526,20007C26,536902694, 1F098000,520716288,2
1528,40007D05,1073773829, 1F414000,524369920,4
1530,A0007CFB,-1610580741, 1F3EC000,524206080, 0000000A
1532,00007CF0,31984, 1F3C0000,524025856,0
1534,A0007CE4,-1610580764, 1F390000,523829248, 0000000A
1536,A0007CD9,-1610580775, 1F364000,523649024, 0000000A
1538,80007CCD,-2147451699, 1F334000,523452416,8
1540,C0007CBF,-1073709889, 1F2FC000,523223040, 0000000C
1542,A0007CFC,-1610580740, 1F3F0000,524222464, 0000000A
1544,40007D07,1073773831, 1F41C000,524402688,4
1546,A0007D0F,-1610580721, 1F43C000,524533760, 0000000A
1548,00007D18,32024, 1F460000,524681216,0
1550,00007D20,32032, 1F480000,524812288,0
1552,E0007D25,-536838875, 1F494000,524894208, 0000000E
1554,C0007C2C,-1073710036, 1F0B0000,520814592, 0000000C
1556,80007C35,-2147451851, 1F0D4000,520962048,8
1558,80007C3E,-2147451842, 1F0F8000,521109504,8
1560,20007C4A,536902730, 1F128000,521306112,2
1562,00007C59,31833, 1F164000,521551872,0
1564,A0007C67,-1610580889, 1F19C000,521781248, 0000000A
1566,A0007C74,-1610580876, 1F1D0000,521994240, 0000000A
1568,C0007C19,-1073710055, 1F064000,520503296, 0000000C
1570,80007C13,-2147451885, 1F04C000,520404992,8
1572,80007C0D,-2147451891, 1F034000,520306688,8
1574,00007C07,31751, 1F01C000,520208384,0
1576,C0007C01,-1073710079, 1F004000,520110080, 0000000C
1578,00007BFF,31743, 1EFFC000,520077312,0
1580,00007CAE,31918, 1F2B8000,522944512,0
1582,00007CA0,31904, 1F280000,522715136,0
1584,00007C95,31893, 1F254000,522534912,0
1586,60007C8B,1610644619, 1F22C000,522371072,6
1588,A0007C81,-1610580863, 1F204000,522207232, 0000000A
1590,A0007C79,-1610580871, 1F1E4000,522076160, 0000000A
1592,C0007C70,-1073709968, 1F1C0000,521928704, 0000000C
1594,00007D2B,32043, 1F4AC000,524992512,0
1596,20007D2D,536902957, 1F4B4000,525025280,2
1598,80007D2E,-2147451602, 1F4B8000,525041664,8
1600,20007D2E,536902958, 1F4B8000,525041664,2
1602,60007D2A,1610644778, 1F4A8000,524976128,6
1604,20007D23,536902947, 1F48C000,524861440,2
1606,C0007C81,-1073709951, 1F204000,522207232, 0000000C
1608,20007C8C,536902796, 1F230000,522387456,2
1610,20007C96,536902806, 1F258000,522551296,2
1612,40007CA2,1073773730, 1F288000,522747904,4
1614,00007CAF,31919, 1F2BC000,522960896,0
1616,E0007CB9,-536838983, 1F2E4000,523124736, 0000000E
1618,00007CC5,31941, 1F314000,523321344,0
1620,40007BFC,1073773564, 1EFF0000,520028160,4
1622,00007C00,31744, 1F000000,520093696,0
1624,40007C06,1073773574, 1F018000,520192000,4
1626,E0007C0B,-536839157, 1F02C000,520273920, 0000000E
1628,60007C0F,1610644495, 1F03C000,520339456,6
1630,40007C12,1073773586, 1F048000,520388608,4
1632,20007C68,536902760, 1F1A0000,521797632,2
1634,60007C5E,1610644574, 1F178000,521633792,6
1636,E0007C53,-536839085, 1F14C000,521453568, 0000000E
1638,E0007C49,-536839095, 1F124000,521289728, 0000000E
1640,60007C42,1610644546, 1F108000,521175040,6
1642,80007C3A,-2147451846, 1F0E8000,521043968,8
1644,20007D17,536902935, 1F45C000,524664832,2
1646,20007D10,536902928, 1F440000,524550144,2
1648,E0007D08,-536838904, 1F420000,524419072, 0000000E
1650,E0007D00,-536838912, 1F400000,524288000, 0000000E
1652,E0007CF6,-536838922, 1F3D8000,524124160, 0000000E
1654,60007CEA,1610644714, 1F3A8000,523927552,6
1656,60007CDE,1610644702, 1F378000,523730944,6
1658,40007CD6,1073773782, 1F358000,523599872,4
1660,20007CE4,536902884, 1F390000,523829248,2
1662,40007CF2,1073773810, 1F3C8000,524058624,4
1664,C0007CFF,-1073709825, 1F3FC000,524271616, 0000000C
1666,20007D0B,536902923, 1F42C000,524468224,2
1668,80007D13,-2147451629, 1F44C000,524599296,8
1670,40007C1A,1073773594, 1F068000,520519680,4
1672,A0007C20,-1610580960, 1F080000,520617984, 0000000A
1674,A0007C29,-1610580951, 1F0A4000,520765440, 0000000A
1676,00007C33,31795, 1F0CC000,520929280,0
1678,C0007C3B,-1073710021, 1F0EC000,521060352, 0000000C
1680,00007C47,31815, 1F11C000,521256960,0
1682,00007C55,31829, 1F154000,521486336,0
1684,20007C30,536902704, 1F0C0000,520880128,2
1686,20007C2A,536902698, 1F0A8000,520781824,2
1688,20007C22,536902690, 1F088000,520650752,2
1690,80007C1A,-2147451878, 1F068000,520519680,8
1692,60007C13,1610644499, 1F04C000,520404992,6
1694,20007C0D,536902669, 1F034000,520306688,2
1696,60007CD2,1610644690, 1F348000,523534336,6
1698,20007CC7,536902855, 1F31C000,523354112,2
1700,20007CBA,536902842, 1F2E8000,523141120,2
1702,20007CAD,536902829, 1F2B4000,522928128,2
1704,00007CA1,31905, 1F284000,522731520,0
1706,40007C96,1073773718, 1F258000,522551296,4
1708,20007C8D,536902797, 1F234000,522403840,2
1710,80007D24,-2147451612, 1F490000,524877824,8
1712,40007D29,1073773865, 1F4A4000,524959744,4
1714,20007D2C,536902956, 1F4B0000,525008896,2
1716,40007D2E,1073773870, 1F4B8000,525041664,4
1718,20007D2F,536902959, 1F4BC000,525058048,2
1720,E0007D2E,-536838866, 1F4B8000,525041664, 0000000E
1722,E0007C60,-536839072, 1F180000,521666560, 0000000E
1724,60007C6F,1610644591, 1F1BC000,521912320,6
1726,C0007C7C,-1073709956, 1F1F0000,522125312, 0000000C
1728,40007C88,1073773704, 1F220000,522321920,4
1730,A0007C92,-1610580846, 1F248000,522485760, 0000000A
1732,E0007C9D,-536839011, 1F274000,522665984, 0000000E
1734,60007C05,1610644485, 1F014000,520175616,6
1736,80007BFF,-2147451905, 1EFFC000,520077312,8
1738,20007BFD,536902653, 1EFF4000,520044544,2
1740,60007BFC,1610644476, 1EFF0000,520028160,6
1742,80007BFE,-2147451906, 1EFF8000,520060928,8
1744,80007C05,-2147451899, 1F014000,520175616,8
1746,20007C0B,536902667, 1F02C000,520273920,2
1748,20007C82,536902786, 1F208000,522223616,2
1750,A0007C79,-1610580871, 1F1E4000,522076160, 0000000A
1752,40007C70,1073773680, 1F1C0000,521928704,4
1754,A0007C65,-1610580891, 1F194000,521748480, 0000000A
1756,60007C5C,1610644572, 1F170000,521601024,6
1758,80007C53,-2147451821, 1F14C000,521453568,8
1760,20007D2D,536902957, 1F4B4000,525025280,2
1762,20007D27,536902951, 1F49C000,524926976,2
1764,60007D1F,1610644767, 1F47C000,524795904,6
1766,40007D18,1073773848, 1F460000,524681216,4
1768,20007D10,536902928, 1F440000,524550144,2
1770,00007D08,32008, 1F420000,524419072,0
1772,80007CAB,-2147451733, 1F2AC000,522895360,8
1774,E0007CB7,-536838985, 1F2DC000,523091968, 0000000E
1776,20007CC3,536902851, 1F30C000,523288576,2
1778,60007CCE,1610644686, 1F338000,523468800,6
1780,20007CDC,536902876, 1F370000,523698176,2
1782,40007CEB,1073773803, 1F3AC000,523943936,4
1784,00007CF9,31993, 1F3E4000,524173312,0
1786,20007C0F,536902671, 1F03C000,520339456,2
1788,A0007C11,-1610580975, 1F044000,520372224, 0000000A
1790,80007C14,-2147451884, 1F050000,520421376,8
1792,40007C18,1073773592, 1F060000,520486912,4
1794,A0007C1F,-1610580961, 1F07C000,520601600, 0000000A
1796,A0007C28,-1610580952, 1F0A0000,520749056, 0000000A
1798,C0007C45,-1073710011, 1F114000,521224192, 0000000C
1800,40007C3C,1073773628, 1F0F0000,521076736,4
1802,A0007C33,-1610580941, 1F0CC000,520929280, 0000000A
1804,60007C2C,1610644524, 1F0B0000,520814592,6
1806,00007C27,31783, 1F09C000,520732672,0
1808,A0007C22,-1610580958, 1F088000,520650752, 0000000A
1810,40007CFE,1073773822, 1F3F8000,524255232,4
1812,A0007CF2,-1610580750, 1F3C8000,524058624, 0000000A
1814,E0007CE5,-536838939, 1F394000,523845632, 0000000E
1816,E0007CD9,-536838951, 1F364000,523649024, 0000000E
1818,80007CCE,-2147451698, 1F338000,523468800,8
1820,80007CC2,-2147451710, 1F308000,523272192,8
1822,40007CB5,1073773749, 1F2D4000,523059200,4
1824,80007D05,-2147451643, 1F414000,524369920,8
1826,60007D0E,1610644750, 1F438000,524517376,6
1828,A0007D15,-1610580715, 1F454000,524632064, 0000000A
1830,E0007D1C,-536838884, 1F470000,524746752, 0000000E
1832,00007D22,32034, 1F488000,524845056,0
1834,40007D25,1073773861, 1F494000,524894208,4
1836,20007C35,536902709, 1F0D4000,520962048,2
1838,00007C3E,31806, 1F0F8000,521109504,0
1840,A0007C49,-1610580919, 1F124000,521289728, 0000000A
1842,40007C58,1073773656, 1F160000,521535488,4
1844,80007C67,-2147451801, 1F19C000,521781248,8
1846,80007C75,-2147451787, 1F1D4000,522010624,8
1848,20007C1A,536902682, 1F068000,520519680,2
1850,C0007C13,-1073710061, 1F04C000,520404992, 0000000C
1852,E0007C0D,-536839155, 1F034000,520306688, 0000000E
1854,A0007C07,-1610580985, 1F01C000,520208384, 0000000A
1856,A0007C02,-1610580990, 1F008000,520126464, 0000000A
1858,A0007BFF,-1610580993, 1EFFC000,520077312, 0000000A
1860,40007BFD,1073773565, 1EFF4000,520044544,4
1862,40007CA6,1073773734, 1F298000,522813440,4
1864,60007C99,1610644633, 1F264000,522600448,6
1866,E0007C8D,-536839027, 1F234000,522403840, 0000000E
1868,40007C85,1073773701, 1F214000,522272768,4
1870,60007C7D,1610644605, 1F1F4000,522141696,6
1872,60007C74,1610644596, 1F1D0000,521994240,6
1874,A0007D2B,-1610580693, 1F4AC000,524992512, 0000000A
1876,00007D2F,32047, 1F4BC000,525058048,0
1878,E0007D30,-536838864, 1F4C0000,525074432, 0000000E
1880,E0007D2F,-536838865, 1F4BC000,525058048, 0000000E
1882,20007D2C,536902956, 1F4B0000,525008896,2
1884,40007D25,1073773861, 1F494000,524894208,4
1886,40007D1C,1073773852, 1F470000,524746752,4
1888,C0007C89,-1073709943, 1F224000,522338304, 0000000C
1890,80007C94,-2147451756, 1F250000,522518528,8
1892,E0007CA0,-536839008, 1F280000,522715136, 0000000E
1894,E0007CAE,-536838994, 1F2B8000,522944512, 0000000E
1896,C0007CBB,-1073709893, 1F2EC000,523157504, 0000000C
1898,60007CC7,1610644679, 1F31C000,523354112,6
1900,40007BFD,1073773565, 1EFF4000,520044544,4
1902,20007C01,536902657, 1F004000,520110080,2
1904,A0007C07,-1610580985, 1F01C000,520208384, 0000000A
1906,60007C0C,1610644492, 1F030000,520290304,6
1908,E0007C0E,-536839154, 1F038000,520323072, 0000000E
1910,00007C10,31760, 1F040000,520355840,0
1912,C0007C6B,-1073709973, 1F1AC000,521846784, 0000000C
1914,60007C63,1610644579, 1F18C000,521715712,6
1916,80007C58,-2147451816, 1F160000,521535488,8
1918,40007C4E,1073773646, 1F138000,521371648,4
1920,E0007C45,-536839099, 1F114000,521224192, 0000000E
1922,00007C3B,31803, 1F0EC000,521060352,0
1924,60007C32,1610644530, 1F0C8000,520912896,6
1926,A0007D11,-1610580719, 1F444000,524566528, 0000000A
1928,20007D0B,536902923, 1F42C000,524468224,2
1930,E0007D03,-536838909, 1F40C000,524337152, 0000000E
1932,A0007CF9,-1610580743, 1F3E4000,524173312, 0000000A
1934,C0007CED,-1073709843, 1F3B4000,523976704, 0000000C
1936,60007CE1,1610644705, 1F384000,523780096,6
1938,00007CD0,31952, 1F340000,523501568,0
1940,60007CDE,1610644702, 1F378000,523730944,6
1942,00007CEE,31982, 1F3B8000,523993088,0
1944,40007CFC,1073773820, 1F3F0000,524222464,4
1946,40007D07,1073773831, 1F41C000,524402688,4
1948,20007D10,536902928, 1F440000,524550144,2
1950,C0007C17,-1073710057, 1F05C000,520470528, 0000000C
1952,80007C1E,-2147451874, 1F078000,520585216,8
1954,A0007C26,-1610580954, 1F098000,520716288, 0000000A
1956,E0007C2E,-536839122, 1F0B8000,520847360, 0000000E
1958,E0007C36,-536839114, 1F0D8000,520978432, 0000000E
1960,60007C40,1610644544, 1F100000,521142272,6
1962,00007C4D,31821, 1F134000,521355264,0
1964,80007C28,-2147451864, 1F0A0000,520749056,8
1966,40007C23,1073773603, 1F08C000,520667136,4
1968,00007C1D,31773, 1F074000,520568832,0
1970,20007C16,536902678, 1F058000,520454144,2
1972,C0007C10,-1073710064, 1F040000,520355840, 0000000C
1974,A0007C0B,-1610580981, 1F02C000,520273920, 0000000A
1976,C0007CD4,-1073709868, 1F350000,523567104, 0000000C
1978,40007CCA,1073773770, 1F328000,523403264,4
1980,E0007CBD,-536838979, 1F2F4000,523190272, 0000000E
1982,C0007CB0,-1073709904, 1F2C0000,522977280, 0000000C
1984,A0007CA3,-1610580829, 1F28C000,522764288, 0000000A
1986,20007C97,536902807, 1F25C000,522567680,2
1988,80007C8C,-2147451764, 1F230000,522387456,8
1990,C0007D20,-1073709792, 1F480000,524812288, 0000000C
1992,A0007D25,-1610580699, 1F494000,524894208, 0000000A
1994,E0007D27,-536838873, 1F49C000,524926976, 0000000E
1996,40007D29,1073773865, 1F4A4000,524959744,4
1998,80007D2B,-2147451605, 1F4AC000,524992512,8
