0,20007C90,536902800, 1F240000,522452992,2
1,0,0,0,0,0
2,A0007C8E,-1610580850, 1F238000,522420224, 0000000A
3,0,0,0,0,0
4,60007C90,1610644624, 1F240000,522452992,6
5,0,0,0,0,0
6,C0007C92,-1073709934, 1F248000,522485760, 0000000C
7,0,0,0,0,0
8,A0007C94,-1610580844, 1F250000,522518528, 0000000A
9,0,0,0,0,0
10,60007C96,1610644630, 1F258000,522551296,6
11,0,0,0,0,0
12,C0007C92,-1073709934, 1F248000,522485760, 0000000C
13,0,0,0,0,0
14,20007C8F,536902799, 1F23C000,522436608,2
15,0,0,0,0,0
16,20007C8A,536902794, 1F228000,522354688,2
17,0,0,0,0,0
18,00007C88,31880, 1F220000,522321920,0
19,0,0,0,0,0
20,E0007C92,-536839022, 1F248000,522485760, 0000000E
21,0,0,0,0,0
22,60007C92,1610644626, 1F248000,522485760,6
23,0,0,0,0,0
24,A0007C8E,-1610580850, 1F238000,522420224, 0000000A
25,0,0,0,0,0
26,00007C8A,31882, 1F228000,522354688,0
27,0,0,0,0,0
28,80007C8B,-2147451765, 1F22C000,522371072,8
29,0,0,0,0,0
30,80007C8A,-2147451766, 1F228000,522354688,8
31,0,0,0,0,0
32,00007C8A,31882, 1F228000,522354688,0
33,0,0,0,0,0
34,20007C89,536902793, 1F224000,522338304,2
35,0,0,0,0,0
36,A0007C92,-1610580846, 1F248000,522485760, 0000000A
37,0,0,0,0,0
38,00007C92,31890, 1F248000,522485760,0
39,0,0,0,0,0
40,A0007C8F,-1610580849, 1F23C000,522436608, 0000000A
41,0,0,0,0,0
42,E0007C8D,-536839027, 1F234000,522403840, 0000000E
43,0,0,0,0,0
44,E0007C94,-536839020, 1F250000,522518528, 0000000E
45,0,0,0,0,0
46,00007C92,31890, 1F248000,522485760,0
47,0,0,0,0,0
48,C0007C8F,-1073709937, 1F23C000,522436608, 0000000C
49,0,0,0,0,0
50,40007C8E,1073773710, 1F238000,522420224,4
51,0,0,0,0,0
52,80007C91,-2147451759, 1F244000,522469376,8
53,0,0,0,0,0
54,C0007C93,-1073709933, 1F24C000,522502144, 0000000C
55,0,0,0,0,0
56,80007C95,-2147451755, 1F254000,522534912,8
57,0,0,0,0,0
58,C0007C95,-1073709931, 1F254000,522534912, 0000000C
59,0,0,0,0,0
60,60007C8F,1610644623, 1F23C000,522436608,6
61,0,0,0,0,0
62,80007C8F,-2147451761, 1F23C000,522436608,8
63,0,0,0,0,0
64,E0007C8F,-536839025, 1F23C000,522436608, 0000000E
65,0,0,0,0,0
66,80007C93,-2147451757, 1F24C000,522502144,8
67,0,0,0,0,0
68,20007C93,536902803, 1F24C000,522502144,2
69,0,0,0,0,0
70,C0007C93,-1073709933, 1F24C000,522502144, 0000000C
71,0,0,0,0,0
72,60007C93,1610644627, 1F24C000,522502144,6
73,0,0,0,0,0
74,E0007C90,-536839024, 1F240000,522452992, 0000000E
75,0,0,0,0,0
76,60007C90,1610644624, 1F240000,522452992,6
77,0,0,0,0,0
78,40007C90,1073773712, 1F240000,522452992,4
79,0,0,0,0,0
80,60007C90,1610644624, 1F240000,522452992,6
81,0,0,0,0,0
82,00007C95,31893, 1F254000,522534912,0
83,0,0,0,0,0
84,60007C94,1610644628, 1F250000,522518528,6
85,0,0,0,0,0
86,E0007C93,-536839021, 1F24C000,522502144, 0000000E
87,0,0,0,0,0
88,00007C94,31892, 1F250000,522518528,0
89,0,0,0,0,0
90,80007C94,-2147451756, 1F250000,522518528,8
91,0,0,0,0,0
92,20007C94,536902804, 1F250000,522518528,2
93,0,0,0,0,0
94,C0007C93,-1073709933, 1F24C000,522502144, 0000000C
95,0,0,0,0,0
96,40007C93,1073773715, 1F24C000,522502144,4
97,0,0,0,0,0
98,A0007C8F,-1610580849, 1F23C000,522436608, 0000000A
99,0,0,0,0,0
100,20007C8F,536902799, 1F23C000,522436608,2
101,0,0,0,0,0
102,60007C8F,1610644623, 1F23C000,522436608,6
103,0,0,0,0,0
104,A0007C8F,-1610580849, 1F23C000,522436608, 0000000A
105,0,0,0,0,0
106,C0007C91,-1073709935, 1F244000,522469376, 0000000C
107,0,0,0,0,0
108,80007C91,-2147451759, 1F244000,522469376,8
109,0,0,0,0,0
110,80007C91,-2147451759, 1F244000,522469376,8
111,0,0,0,0,0
112,A0007C91,-1610580847, 1F244000,522469376, 0000000A
113,0,0,0,0,0
114,A0007C92,-1610580846, 1F248000,522485760, 0000000A
115,0,0,0,0,0
116,E0007C91,-536839023, 1F244000,522469376, 0000000E
117,0,0,0,0,0
118,60007C91,1610644625, 1F244000,522469376,6
119,0,0,0,0,0
120,A0007C92,-1610580846, 1F248000,522485760, 0000000A
121,0,0,0,0,0
122,60007C92,1610644626, 1F248000,522485760,6
123,0,0,0,0,0
124,C0007C91,-1073709935, 1F244000,522469376, 0000000C
125,0,0,0,0,0
126,80007C91,-2147451759, 1F244000,522469376,8
127,0,0,0,0,0
128,20007C94,536902804, 1F250000,522518528,2
129,0,0,0,0,0
130,00007C94,31892, 1F250000,522518528,0
131,0,0,0,0,0
132,20007C94,536902804, 1F250000,522518528,2
133,0,0,0,0,0
134,40007C93,1073773715, 1F24C000,522502144,4
135,0,0,0,0,0
136,80007C95,-2147451755, 1F254000,522534912,8
137,0,0,0,0,0
138,20007C95,536902805, 1F254000,522534912,2
139,0,0,0,0,0
140,E0007C94,-536839020, 1F250000,522518528, 0000000E
141,0,0,0,0,0
142,C0007C94,-1073709932, 1F250000,522518528, 0000000C
143,0,0,0,0,0
144,20007C94,536902804, 1F250000,522518528,2
145,0,0,0,0,0
146,20007C94,536902804, 1F250000,522518528,2
147,0,0,0,0,0
148,A0007C93,-1610580845, 1F24C000,522502144, 0000000A
149,0,0,0,0,0
150,40007C93,1073773715, 1F24C000,522502144,4
151,0,0,0,0,0
152,40007C93,1073773715, 1F24C000,522502144,4
153,0,0,0,0,0
154,00007C93,31891, 1F24C000,522502144,0
155,0,0,0,0,0
156,A0007C92,-1610580846, 1F248000,522485760, 0000000A
157,0,0,0,0,0
158,60007C94,1610644628, 1F250000,522518528,6
159,0,0,0,0,0
160,C0007C94,-1073709932, 1F250000,522518528, 0000000C
161,0,0,0,0,0
162,E0007C94,-536839020, 1F250000,522518528, 0000000E
163,0,0,0,0,0
164,20007C94,536902804, 1F250000,522518528,2
165,0,0,0,0,0
166,C0007C91,-1073709935, 1F244000,522469376, 0000000C
167,0,0,0,0,0
168,E0007C91,-536839023, 1F244000,522469376, 0000000E
169,0,0,0,0,0
170,A0007C91,-1610580847, 1F244000,522469376, 0000000A
171,0,0,0,0,0
172,C0007C90,-1073709936, 1F240000,522452992, 0000000C
173,0,0,0,0,0
174,E0007C91,-536839023, 1F244000,522469376, 0000000E
175,0,0,0,0,0
176,A0007C91,-1610580847, 1F244000,522469376, 0000000A
177,0,0,0,0,0
178,00007C91,31889, 1F244000,522469376,0
179,0,0,0,0,0
180,80007C90,-2147451760, 1F240000,522452992,8
181,0,0,0,0,0
182,A0007C93,-1610580845, 1F24C000,522502144, 0000000A
183,0,0,0,0,0
184,20007C94,536902804, 1F250000,522518528,2
185,0,0,0,0,0
186,C0007C93,-1073709933, 1F24C000,522502144, 0000000C
187,0,0,0,0,0
188,20007C94,536902804, 1F250000,522518528,2
189,0,0,0,0,0
190,00007C92,31890, 1F248000,522485760,0
191,0,0,0,0,0
192,60007C92,1610644626, 1F248000,522485760,6
193,0,0,0,0,0
194,C0007C91,-1073709935, 1F244000,522469376, 0000000C
195,0,0,0,0,0
196,20007C91,536902801, 1F244000,522469376,2
197,0,0,0,0,0
198,20007C91,536902801, 1F244000,522469376,2
199,0,0,0,0,0
200,E0007C90,-536839024, 1F240000,522452992, 0000000E
201,0,0,0,0,0
202,60007C90,1610644624, 1F240000,522452992,6
203,0,0,0,0,0
204,A0007C90,-1610580848, 1F240000,522452992, 0000000A
205,0,0,0,0,0
206,20007C91,536902801, 1F244000,522469376,2
207,0,0,0,0,0
208,20007C91,536902801, 1F244000,522469376,2
209,0,0,0,0,0
210,60007C90,1610644624, 1F240000,522452992,6
211,0,0,0,0,0
212,A0007C8F,-1610580849, 1F23C000,522436608, 0000000A
213,0,0,0,0,0
214,00007C90,31888, 1F240000,522452992,0
215,0,0,0,0,0
216,E0007C8F,-536839025, 1F23C000,522436608, 0000000E
217,0,0,0,0,0
218,20007C8F,536902799, 1F23C000,522436608,2
219,0,0,0,0,0
220,E0007C8C,-536839028, 1F230000,522387456, 0000000E
221,0,0,0,0,0
222,C0007C8C,-1073709940, 1F230000,522387456, 0000000C
223,0,0,0,0,0
224,20007C8D,536902797, 1F234000,522403840,2
225,0,0,0,0,0
226,80007C8C,-2147451764, 1F230000,522387456,8
227,0,0,0,0,0
228,40007C93,1073773715, 1F24C000,522502144,4
229,0,0,0,0,0
230,80007C94,-2147451756, 1F250000,522518528,8
231,0,0,0,0,0
232,40007C96,1073773718, 1F258000,522551296,4
233,0,0,0,0,0
234,E0007C97,-536839017, 1F25C000,522567680, 0000000E
235,0,0,0,0,0
236,40007C87,1073773703, 1F21C000,522305536,4
237,0,0,0,0,0
238,C0007C87,-1073709945, 1F21C000,522305536, 0000000C
239,0,0,0,0,0
240,20007C88,536902792, 1F220000,522321920,2
241,0,0,0,0,0
242,00007C87,31879, 1F21C000,522305536,0
243,0,0,0,0,0
244,A0007C86,-1610580858, 1F218000,522289152, 0000000A
245,0,0,0,0,0
246,A0007C86,-1610580858, 1F218000,522289152, 0000000A
247,0,0,0,0,0
248,80007C86,-2147451770, 1F218000,522289152,8
249,0,0,0,0,0
250,40007C95,1073773717, 1F254000,522534912,4
251,0,0,0,0,0
252,A0007C94,-1610580844, 1F250000,522518528, 0000000A
253,0,0,0,0,0
254,00007C94,31892, 1F250000,522518528,0
255,0,0,0,0,0
256,E0007C93,-536839021, 1F24C000,522502144, 0000000E
257,0,0,0,0,0
258,20007C95,536902805, 1F254000,522534912,2
259,0,0,0,0,0
260,A0007C94,-1610580844, 1F250000,522518528, 0000000A
261,0,0,0,0,0
262,40007C94,1073773716, 1F250000,522518528,4
263,0,0,0,0,0
264,40007C94,1073773716, 1F250000,522518528,4
265,0,0,0,0,0
266,E0007C93,-536839021, 1F24C000,522502144, 0000000E
267,0,0,0,0,0
268,80007C93,-2147451757, 1F24C000,522502144,8
269,0,0,0,0,0
270,00007C94,31892, 1F250000,522518528,0
271,0,0,0,0,0
272,20007C95,536902805, 1F254000,522534912,2
273,0,0,0,0,0
274,80007C7B,-2147451781, 1F1EC000,522108928,8
275,0,0,0,0,0
276,E0007C7B,-536839045, 1F1EC000,522108928, 0000000E
277,0,0,0,0,0
278,60007C7D,1610644605, 1F1F4000,522141696,6
279,0,0,0,0,0
280,E0007C9B,-536839013, 1F26C000,522633216, 0000000E
281,0,0,0,0,0
282,40007C9B,1073773723, 1F26C000,522633216,4
283,0,0,0,0,0
284,C0007C99,-1073709927, 1F264000,522600448, 0000000C
285,0,0,0,0,0
286,80007C98,-2147451752, 1F260000,522584064,8
287,0,0,0,0,0
288,E0007C80,-536839040, 1F200000,522190848, 0000000E
289,0,0,0,0,0
290,20007C80,536902784, 1F200000,522190848,2
291,0,0,0,0,0
292,80007C7F,-2147451777, 1F1FC000,522174464,8
293,0,0,0,0,0
294,60007C7F,1610644607, 1F1FC000,522174464,6
295,0,0,0,0,0
296,20007CA3,536902819, 1F28C000,522764288,2
297,0,0,0,0,0
298,20007CA4,536902820, 1F290000,522780672,2
299,0,0,0,0,0
300,60007CA4,1610644644, 1F290000,522780672,6
301,0,0,0,0,0
302,60007CA5,1610644645, 1F294000,522797056,6
303,0,0,0,0,0
304,40007C89,1073773705, 1F224000,522338304,4
305,0,0,0,0,0
306,E0007C89,-536839031, 1F224000,522338304, 0000000E
307,0,0,0,0,0
308,C0007C8A,-1073709942, 1F228000,522354688, 0000000C
309,0,0,0,0,0
310,40007C8C,1073773708, 1F230000,522387456,4
311,0,0,0,0,0
312,80007C85,-2147451771, 1F214000,522272768,8
313,0,0,0,0,0
314,80007C86,-2147451770, 1F218000,522289152,8
315,0,0,0,0,0
316,20007C87,536902791, 1F21C000,522305536,2
317,0,0,0,0,0
318,40007C96,1073773718, 1F258000,522551296,4
319,0,0,0,0,0
320,80007C97,-2147451753, 1F25C000,522567680,8
321,0,0,0,0,0
322,C0007C99,-1073709927, 1F264000,522600448, 0000000C
323,0,0,0,0,0
324,E0007C99,-536839015, 1F264000,522600448, 0000000E
325,0,0,0,0,0
326,00007C92,31890, 1F248000,522485760,0
327,0,0,0,0,0
328,60007C92,1610644626, 1F248000,522485760,6
329,0,0,0,0,0
330,20007C90,536902800, 1F240000,522452992,2
331,0,0,0,0,0
332,C0007C8E,-1073709938, 1F238000,522420224, 0000000C
333,0,0,0,0,0
334,60007C8D,1610644621, 1F234000,522403840,6
335,0,0,0,0,0
336,60007C8D,1610644621, 1F234000,522403840,6
337,0,0,0,0,0
338,40007C8E,1073773710, 1F238000,522420224,4
339,0,0,0,0,0
340,40007C8F,1073773711, 1F23C000,522436608,4
341,0,0,0,0,0
342,40007C7C,1073773692, 1F1F0000,522125312,4
343,0,0,0,0,0
344,40007C7E,1073773694, 1F1F8000,522158080,4
345,0,0,0,0,0
346,C0007C81,-1073709951, 1F204000,522207232, 0000000C
347,0,0,0,0,0
348,80007C87,-2147451769, 1F21C000,522305536,8
349,0,0,0,0,0
350,C0007C89,-1073709943, 1F224000,522338304, 0000000C
351,0,0,0,0,0
352,00007C8A,31882, 1F228000,522354688,0
353,0,0,0,0,0
354,40007C89,1073773705, 1F224000,522338304,4
355,0,0,0,0,0
356,00007C8D,31885, 1F234000,522403840,0
357,0,0,0,0,0
358,00007C8E,31886, 1F238000,522420224,0
359,0,0,0,0,0
360,40007C8F,1073773711, 1F23C000,522436608,4
361,0,0,0,0,0
362,C0007C8E,-1073709938, 1F238000,522420224, 0000000C
363,0,0,0,0,0
364,60007C8C,1610644620, 1F230000,522387456,6
365,0,0,0,0,0
366,80007C8B,-2147451765, 1F22C000,522371072,8
367,0,0,0,0,0
368,20007C8D,536902797, 1F234000,522403840,2
369,0,0,0,0,0
370,60007C8F,1610644623, 1F23C000,522436608,6
371,0,0,0,0,0
372,00007C8D,31885, 1F234000,522403840,0
373,0,0,0,0,0
374,C0007C8D,-1073709939, 1F234000,522403840, 0000000C
375,0,0,0,0,0
376,80007C8E,-2147451762, 1F238000,522420224,8
377,0,0,0,0,0
378,60007C8E,1610644622, 1F238000,522420224,6
379,0,0,0,0,0
380,80007C92,-2147451758, 1F248000,522485760,8
381,0,0,0,0,0
382,60007C92,1610644626, 1F248000,522485760,6
383,0,0,0,0,0
384,80007C92,-2147451758, 1F248000,522485760,8
385,0,0,0,0,0
386,E0007C91,-536839023, 1F244000,522469376, 0000000E
387,0,0,0,0,0
388,40007C96,1073773718, 1F258000,522551296,4
389,0,0,0,0,0
390,A0007C95,-1610580843, 1F254000,522534912, 0000000A
391,0,0,0,0,0
392,C0007C95,-1073709931, 1F254000,522534912, 0000000C
393,0,0,0,0,0
394,40007C98,1073773720, 1F260000,522584064,4
395,0,0,0,0,0
396,E0007C98,-536839016, 1F260000,522584064, 0000000E
397,0,0,0,0,0
398,80007C98,-2147451752, 1F260000,522584064,8
399,0,0,0,0,0
400,60007C98,1610644632, 1F260000,522584064,6
401,0,0,0,0,0
402,40007C92,1073773714, 1F248000,522485760,4
403,0,0,0,0,0
404,C0007C92,-1073709934, 1F248000,522485760, 0000000C
405,0,0,0,0,0
406,C0007C92,-1073709934, 1F248000,522485760, 0000000C
407,0,0,0,0,0
408,C0007C92,-1073709934, 1F248000,522485760, 0000000C
409,0,0,0,0,0
410,C0007C93,-1073709933, 1F24C000,522502144, 0000000C
411,0,0,0,0,0
412,C0007C93,-1073709933, 1F24C000,522502144, 0000000C
413,0,0,0,0,0
414,E0007C92,-536839022, 1F248000,522485760, 0000000E
415,0,0,0,0,0
416,60007C93,1610644627, 1F24C000,522502144,6
417,0,0,0,0,0
418,A0007C93,-1610580845, 1F24C000,522502144, 0000000A
419,0,0,0,0,0
420,C0007C93,-1073709933, 1F24C000,522502144, 0000000C
421,0,0,0,0,0
422,C0007C92,-1073709934, 1F248000,522485760, 0000000C
423,0,0,0,0,0
424,00007C90,31888, 1F240000,522452992,0
425,0,0,0,0,0
426,80007C8F,-2147451761, 1F23C000,522436608,8
427,0,0,0,0,0
428,80007C8F,-2147451761, 1F23C000,522436608,8
429,0,0,0,0,0
430,E0007C8F,-536839025, 1F23C000,522436608, 0000000E
431,0,0,0,0,0
432,40007C8F,1073773711, 1F23C000,522436608,4
433,0,0,0,0,0
434,60007C8F,1610644623, 1F23C000,522436608,6
435,0,0,0,0,0
436,60007C8F,1610644623, 1F23C000,522436608,6
437,0,0,0,0,0
438,40007C8F,1073773711, 1F23C000,522436608,4
439,0,0,0,0,0
440,80007C8E,-2147451762, 1F238000,522420224,8
441,0,0,0,0,0
442,A0007C8E,-1610580850, 1F238000,522420224, 0000000A
443,0,0,0,0,0
444,E0007C8E,-536839026, 1F238000,522420224, 0000000E
445,0,0,0,0,0
446,A0007C8E,-1610580850, 1F238000,522420224, 0000000A
447,0,0,0,0,0
448,80007C94,-2147451756, 1F250000,522518528,8
449,0,0,0,0,0
450,40007C94,1073773716, 1F250000,522518528,4
451,0,0,0,0,0
452,80007C93,-2147451757, 1F24C000,522502144,8
453,0,0,0,0,0
454,80007C92,-2147451758, 1F248000,522485760,8
455,0,0,0,0,0
456,E0007C8D,-536839027, 1F234000,522403840, 0000000E
457,0,0,0,0,0
458,00007C8E,31886, 1F238000,522420224,0
459,0,0,0,0,0
460,40007C8E,1073773710, 1F238000,522420224,4
461,0,0,0,0,0
462,00007C97,31895, 1F25C000,522567680,0
463,0,0,0,0,0
464,C0007C95,-1073709931, 1F254000,522534912, 0000000C
465,0,0,0,0,0
466,C0007C94,-1073709932, 1F250000,522518528, 0000000C
467,0,0,0,0,0
468,20007C94,536902804, 1F250000,522518528,2
469,0,0,0,0,0
470,20007C92,536902802, 1F248000,522485760,2
471,0,0,0,0,0
472,E0007C90,-536839024, 1F240000,522452992, 0000000E
473,0,0,0,0,0
474,40007C90,1073773712, 1F240000,522452992,4
475,0,0,0,0,0
476,60007C8F,1610644623, 1F23C000,522436608,6
477,0,0,0,0,0
478,80007C94,-2147451756, 1F250000,522518528,8
479,0,0,0,0,0
480,80007C93,-2147451757, 1F24C000,522502144,8
481,0,0,0,0,0
482,20007C93,536902803, 1F24C000,522502144,2
483,0,0,0,0,0
484,20007C93,536902803, 1F24C000,522502144,2
485,0,0,0,0,0
486,C0007C91,-1073709935, 1F244000,522469376, 0000000C
487,0,0,0,0,0
488,80007C91,-2147451759, 1F244000,522469376,8
489,0,0,0,0,0
490,E0007C92,-536839022, 1F248000,522485760, 0000000E
491,0,0,0,0,0
492,20007C94,536902804, 1F250000,522518528,2
493,0,0,0,0,0
494,20007C93,536902803, 1F24C000,522502144,2
495,0,0,0,0,0
496,40007C93,1073773715, 1F24C000,522502144,4
497,0,0,0,0,0
498,60007C93,1610644627, 1F24C000,522502144,6
499,0,0,0,0,0
500,40007C8F,1073773711, 1F23C000,522436608,4
501,0,0,0,0,0
502,C0007C8F,-1073709937, 1F23C000,522436608, 0000000C
503,0,0,0,0,0
504,C0007C8F,-1073709937, 1F23C000,522436608, 0000000C
505,0,0,0,0,0
506,40007C90,1073773712, 1F240000,522452992,4
507,0,0,0,0,0
508,00007C94,31892, 1F250000,522518528,0
509,0,0,0,0,0
510,40007C94,1073773716, 1F250000,522518528,4
511,0,0,0,0,0
512,40007C94,1073773716, 1F250000,522518528,4
513,0,0,0,0,0
514,20007C94,536902804, 1F250000,522518528,2
515,0,0,0,0,0
516,E0007C92,-536839022, 1F248000,522485760, 0000000E
517,0,0,0,0,0
518,40007C92,1073773714, 1F248000,522485760,4
519,0,0,0,0,0
520,E0007C90,-536839024, 1F240000,522452992, 0000000E
521,0,0,0,0,0
522,A0007C90,-1610580848, 1F240000,522452992, 0000000A
523,0,0,0,0,0
524,80007C92,-2147451758, 1F248000,522485760,8
525,0,0,0,0,0
526,E0007C91,-536839023, 1F244000,522469376, 0000000E
527,0,0,0,0,0
528,80007C91,-2147451759, 1F244000,522469376,8
529,0,0,0,0,0
530,80007C91,-2147451759, 1F244000,522469376,8
531,0,0,0,0,0
532,A0007C92,-1610580846, 1F248000,522485760, 0000000A
533,0,0,0,0,0
534,00007C92,31890, 1F248000,522485760,0
535,0,0,0,0,0
536,A0007C91,-1610580847, 1F244000,522469376, 0000000A
537,0,0,0,0,0
538,A0007C91,-1610580847, 1F244000,522469376, 0000000A
539,0,0,0,0,0
540,80007C91,-2147451759, 1F244000,522469376,8
541,0,0,0,0,0
542,40007C91,1073773713, 1F244000,522469376,4
543,0,0,0,0,0
544,60007C91,1610644625, 1F244000,522469376,6
545,0,0,0,0,0
546,40007C90,1073773712, 1F240000,522452992,4
547,0,0,0,0,0
548,60007C90,1610644624, 1F240000,522452992,6
549,0,0,0,0,0
550,E0007C90,-536839024, 1F240000,522452992, 0000000E
551,0,0,0,0,0
552,C0007C91,-1073709935, 1F244000,522469376, 0000000C
553,0,0,0,0,0
554,40007C96,1073773718, 1F258000,522551296,4
555,0,0,0,0,0
556,E0007C96,-536839018, 1F258000,522551296, 0000000E
557,0,0,0,0,0
558,40007C97,1073773719, 1F25C000,522567680,4
559,0,0,0,0,0
560,C0007C97,-1073709929, 1F25C000,522567680, 0000000C
561,0,0,0,0,0
562,40007C96,1073773718, 1F258000,522551296,4
563,0,0,0,0,0
564,40007C95,1073773717, 1F254000,522534912,4
565,0,0,0,0,0
566,00007C94,31892, 1F250000,522518528,0
567,0,0,0,0,0
568,A0007C93,-1610580845, 1F24C000,522502144, 0000000A
569,0,0,0,0,0
570,E0007C87,-536839033, 1F21C000,522305536, 0000000E
571,0,0,0,0,0
572,C0007C88,-1073709944, 1F220000,522321920, 0000000C
573,0,0,0,0,0
574,E0007C88,-536839032, 1F220000,522321920, 0000000E
575,0,0,0,0,0
576,00007C89,31881, 1F224000,522338304,0
577,0,0,0,0,0
578,20007C88,536902792, 1F220000,522321920,2
579,0,0,0,0,0
580,A0007C88,-1610580856, 1F220000,522321920, 0000000A
581,0,0,0,0,0
582,00007C89,31881, 1F224000,522338304,0
583,0,0,0,0,0
584,40007C91,1073773713, 1F244000,522469376,4
585,0,0,0,0,0
586,20007C91,536902801, 1F244000,522469376,2
587,0,0,0,0,0
588,00007C91,31889, 1F244000,522469376,0
589,0,0,0,0,0
590,80007C90,-2147451760, 1F240000,522452992,8
591,0,0,0,0,0
592,A0007C99,-1610580839, 1F264000,522600448, 0000000A
593,0,0,0,0,0
594,00007C99,31897, 1F264000,522600448,0
595,0,0,0,0,0
596,40007C99,1073773721, 1F264000,522600448,4
597,0,0,0,0,0
598,C0007C99,-1073709927, 1F264000,522600448, 0000000C
599,0,0,0,0,0
600,00007C97,31895, 1F25C000,522567680,0
601,0,0,0,0,0
602,00007C97,31895, 1F25C000,522567680,0
603,0,0,0,0,0
604,80007C96,-2147451754, 1F258000,522551296,8
605,0,0,0,0,0
606,C0007C94,-1073709932, 1F250000,522518528, 0000000C
607,0,0,0,0,0
608,C0007C93,-1073709933, 1F24C000,522502144, 0000000C
609,0,0,0,0,0
610,60007C93,1610644627, 1F24C000,522502144,6
611,0,0,0,0,0
612,A0007C93,-1610580845, 1F24C000,522502144, 0000000A
613,0,0,0,0,0
614,60007C93,1610644627, 1F24C000,522502144,6
615,0,0,0,0,0
616,40007C94,1073773716, 1F250000,522518528,4
617,0,0,0,0,0
618,40007C94,1073773716, 1F250000,522518528,4
619,0,0,0,0,0
620,C0007C94,-1073709932, 1F250000,522518528, 0000000C
621,0,0,0,0,0
622,00007C90,31888, 1F240000,522452992,0
623,0,0,0,0,0
624,A0007C8F,-1610580849, 1F23C000,522436608, 0000000A
625,0,0,0,0,0
626,20007C8F,536902799, 1F23C000,522436608,2
627,0,0,0,0,0
628,00007C90,31888, 1F240000,522452992,0
629,0,0,0,0,0
630,A0007C91,-1610580847, 1F244000,522469376, 0000000A
631,0,0,0,0,0
632,40007C91,1073773713, 1F244000,522469376,4
633,0,0,0,0,0
634,40007C91,1073773713, 1F244000,522469376,4
635,0,0,0,0,0
636,A0007C91,-1610580847, 1F244000,522469376, 0000000A
637,0,0,0,0,0
638,A0007C91,-1610580847, 1F244000,522469376, 0000000A
639,0,0,0,0,0
640,60007C91,1610644625, 1F244000,522469376,6
641,0,0,0,0,0
642,80007C91,-2147451759, 1F244000,522469376,8
643,0,0,0,0,0
644,80007C91,-2147451759, 1F244000,522469376,8
645,0,0,0,0,0
646,C0007C93,-1073709933, 1F24C000,522502144, 0000000C
647,0,0,0,0,0
648,00007C93,31891, 1F24C000,522502144,0
649,0,0,0,0,0
650,00007C93,31891, 1F24C000,522502144,0
651,0,0,0,0,0
652,C0007C93,-1073709933, 1F24C000,522502144, 0000000C
653,0,0,0,0,0
654,E0007C93,-536839021, 1F24C000,522502144, 0000000E
655,0,0,0,0,0
656,40007C93,1073773715, 1F24C000,522502144,4
657,0,0,0,0,0
658,20007C93,536902803, 1F24C000,522502144,2
659,0,0,0,0,0
660,20007C93,536902803, 1F24C000,522502144,2
661,0,0,0,0,0
662,A0007C92,-1610580846, 1F248000,522485760, 0000000A
663,0,0,0,0,0
664,E0007C91,-536839023, 1F244000,522469376, 0000000E
665,0,0,0,0,0
666,E0007C91,-536839023, 1F244000,522469376, 0000000E
667,0,0,0,0,0
668,C0007C8E,-1073709938, 1F238000,522420224, 0000000C
669,0,0,0,0,0
670,A0007C8D,-1610580851, 1F234000,522403840, 0000000A
671,0,0,0,0,0
672,80007C8C,-2147451764, 1F230000,522387456,8
673,0,0,0,0,0
674,20007C8C,536902796, 1F230000,522387456,2
675,0,0,0,0,0
676,60007C8F,1610644623, 1F23C000,522436608,6
677,0,0,0,0,0
678,E0007C8E,-536839026, 1F238000,522420224, 0000000E
679,0,0,0,0,0
680,80007C8E,-2147451762, 1F238000,522420224,8
681,0,0,0,0,0
682,80007C8E,-2147451762, 1F238000,522420224,8
683,0,0,0,0,0
684,E0007C8A,-536839030, 1F228000,522354688, 0000000E
685,0,0,0,0,0
686,60007C8A,1610644618, 1F228000,522354688,6
687,0,0,0,0,0
688,40007C8A,1073773706, 1F228000,522354688,4
689,0,0,0,0,0
690,80007C8A,-2147451766, 1F228000,522354688,8
691,0,0,0,0,0
692,C0007C8F,-1073709937, 1F23C000,522436608, 0000000C
693,0,0,0,0,0
694,00007C90,31888, 1F240000,522452992,0
695,0,0,0,0,0
696,E0007C8F,-536839025, 1F23C000,522436608, 0000000E
697,0,0,0,0,0
698,E0007C92,-536839022, 1F248000,522485760, 0000000E
699,0,0,0,0,0
700,00007C94,31892, 1F250000,522518528,0
701,0,0,0,0,0
702,C0007C93,-1073709933, 1F24C000,522502144, 0000000C
703,0,0,0,0,0
704,A0007C91,-1610580847, 1F244000,522469376, 0000000A
705,0,0,0,0,0
706,C0007C90,-1073709936, 1F240000,522452992, 0000000C
707,0,0,0,0,0
708,40007C91,1073773713, 1F244000,522469376,4
709,0,0,0,0,0
710,20007C91,536902801, 1F244000,522469376,2
711,0,0,0,0,0
712,00007C91,31889, 1F244000,522469376,0
713,0,0,0,0,0
714,40007C8F,1073773711, 1F23C000,522436608,4
715,0,0,0,0,0
716,60007C8F,1610644623, 1F23C000,522436608,6
717,0,0,0,0,0
718,E0007C8F,-536839025, 1F23C000,522436608, 0000000E
719,0,0,0,0,0
720,E0007C8F,-536839025, 1F23C000,522436608, 0000000E
721,0,0,0,0,0
722,20007C94,536902804, 1F250000,522518528,2
723,0,0,0,0,0
724,40007C95,1073773717, 1F254000,522534912,4
725,0,0,0,0,0
726,A0007C95,-1610580843, 1F254000,522534912, 0000000A
727,0,0,0,0,0
728,40007C96,1073773718, 1F258000,522551296,4
729,0,0,0,0,0
730,80007C9A,-2147451750, 1F268000,522616832,8
731,0,0,0,0,0
732,60007C9A,1610644634, 1F268000,522616832,6
733,0,0,0,0,0
734,A0007C9A,-1610580838, 1F268000,522616832, 0000000A
735,0,0,0,0,0
736,20007C9B,536902811, 1F26C000,522633216,2
737,0,0,0,0,0
738,40007C92,1073773714, 1F248000,522485760,4
739,0,0,0,0,0
740,E0007C92,-536839022, 1F248000,522485760, 0000000E
741,0,0,0,0,0
742,80007C92,-2147451758, 1F248000,522485760,8
743,0,0,0,0,0
744,E0007C9C,-536839012, 1F270000,522649600, 0000000E
745,0,0,0,0,0
746,80007C9C,-2147451748, 1F270000,522649600,8
747,0,0,0,0,0
748,80007C9C,-2147451748, 1F270000,522649600,8
749,0,0,0,0,0
750,80007C9C,-2147451748, 1F270000,522649600,8
751,0,0,0,0,0
752,60007C8C,1610644620, 1F230000,522387456,6
753,0,0,0,0,0
754,60007C8C,1610644620, 1F230000,522387456,6
755,0,0,0,0,0
756,A0007C8C,-1610580852, 1F230000,522387456, 0000000A
757,0,0,0,0,0
758,00007C8D,31885, 1F234000,522403840,0
759,0,0,0,0,0
760,C0007C94,-1073709932, 1F250000,522518528, 0000000C
761,0,0,0,0,0
762,E0007C94,-536839020, 1F250000,522518528, 0000000E
763,0,0,0,0,0
764,60007C95,1610644629, 1F254000,522534912,6
765,0,0,0,0,0
766,80007C95,-2147451755, 1F254000,522534912,8
767,0,0,0,0,0
768,20007C96,536902806, 1F258000,522551296,2
769,0,0,0,0,0
770,20007C96,536902806, 1F258000,522551296,2
771,0,0,0,0,0
772,C0007C96,-1073709930, 1F258000,522551296, 0000000C
773,0,0,0,0,0
774,A0007C97,-1610580841, 1F25C000,522567680, 0000000A
775,0,0,0,0,0
776,00007C98,31896, 1F260000,522584064,0
777,0,0,0,0,0
778,20007C98,536902808, 1F260000,522584064,2
779,0,0,0,0,0
780,A0007C98,-1610580840, 1F260000,522584064, 0000000A
781,0,0,0,0,0
782,80007C95,-2147451755, 1F254000,522534912,8
783,0,0,0,0,0
784,80007C95,-2147451755, 1F254000,522534912,8
785,0,0,0,0,0
786,20007C96,536902806, 1F258000,522551296,2
787,0,0,0,0,0
788,80007C96,-2147451754, 1F258000,522551296,8
789,0,0,0,0,0
790,A0007C93,-1610580845, 1F24C000,522502144, 0000000A
791,0,0,0,0,0
792,A0007C94,-1610580844, 1F250000,522518528, 0000000A
793,0,0,0,0,0
794,00007C96,31894, 1F258000,522551296,0
795,0,0,0,0,0
796,60007C97,1610644631, 1F25C000,522567680,6
797,0,0,0,0,0
798,60007C94,1610644628, 1F250000,522518528,6
799,0,0,0,0,0
800,00007C94,31892, 1F250000,522518528,0
801,0,0,0,0,0
802,00007C94,31892, 1F250000,522518528,0
803,0,0,0,0,0
804,40007C94,1073773716, 1F250000,522518528,4
805,0,0,0,0,0
806,80007C92,-2147451758, 1F248000,522485760,8
807,0,0,0,0,0
808,A0007C92,-1610580846, 1F248000,522485760, 0000000A
809,0,0,0,0,0
810,20007C92,536902802, 1F248000,522485760,2
811,0,0,0,0,0
812,40007C91,1073773713, 1F244000,522469376,4
813,0,0,0,0,0
814,80007C93,-2147451757, 1F24C000,522502144,8
815,0,0,0,0,0
816,00007C94,31892, 1F250000,522518528,0
817,0,0,0,0,0
818,20007C95,536902805, 1F254000,522534912,2
819,0,0,0,0,0
820,20007C94,536902804, 1F250000,522518528,2
821,0,0,0,0,0
822,A0007C93,-1610580845, 1F24C000,522502144, 0000000A
823,0,0,0,0,0
824,20007C93,536902803, 1F24C000,522502144,2
825,0,0,0,0,0
826,E0007C92,-536839022, 1F248000,522485760, 0000000E
827,0,0,0,0,0
828,00007C8E,31886, 1F238000,522420224,0
829,0,0,0,0,0
830,E0007C8E,-536839026, 1F238000,522420224, 0000000E
831,0,0,0,0,0
832,A0007C8E,-1610580850, 1F238000,522420224, 0000000A
833,0,0,0,0,0
834,C0007C8D,-1073709939, 1F234000,522403840, 0000000C
835,0,0,0,0,0
836,60007C91,1610644625, 1F244000,522469376,6
837,0,0,0,0,0
838,40007C92,1073773714, 1F248000,522485760,4
839,0,0,0,0,0
840,C0007C92,-1073709934, 1F248000,522485760, 0000000C
841,0,0,0,0,0
842,60007C93,1610644627, 1F24C000,522502144,6
843,0,0,0,0,0
844,E0007C96,-536839018, 1F258000,522551296, 0000000E
845,0,0,0,0,0
846,A0007C96,-1610580842, 1F258000,522551296, 0000000A
847,0,0,0,0,0
848,20007C96,536902806, 1F258000,522551296,2
849,0,0,0,0,0
850,A0007C95,-1610580843, 1F254000,522534912, 0000000A
851,0,0,0,0,0
852,A0007C8F,-1610580849, 1F23C000,522436608, 0000000A
853,0,0,0,0,0
854,A0007C8F,-1610580849, 1F23C000,522436608, 0000000A
855,0,0,0,0,0
856,E0007C8F,-536839025, 1F23C000,522436608, 0000000E
857,0,0,0,0,0
858,60007C8F,1610644623, 1F23C000,522436608,6
859,0,0,0,0,0
860,E0007C8E,-536839026, 1F238000,522420224, 0000000E
861,0,0,0,0,0
862,60007C8E,1610644622, 1F238000,522420224,6
863,0,0,0,0,0
864,C0007C8D,-1073709939, 1F234000,522403840, 0000000C
865,0,0,0,0,0
866,C0007C92,-1073709934, 1F248000,522485760, 0000000C
867,0,0,0,0,0
868,40007C92,1073773714, 1F248000,522485760,4
869,0,0,0,0,0
870,20007C92,536902802, 1F248000,522485760,2
871,0,0,0,0,0
872,40007C92,1073773714, 1F248000,522485760,4
873,0,0,0,0,0
874,40007C90,1073773712, 1F240000,522452992,4
875,0,0,0,0,0
876,80007C90,-2147451760, 1F240000,522452992,8
877,0,0,0,0,0
878,C0007C90,-1073709936, 1F240000,522452992, 0000000C
879,0,0,0,0,0
880,E0007C90,-536839024, 1F240000,522452992, 0000000E
881,0,0,0,0,0
882,00007C93,31891, 1F24C000,522502144,0
883,0,0,0,0,0
884,C0007C92,-1073709934, 1F248000,522485760, 0000000C
885,0,0,0,0,0
886,40007C93,1073773715, 1F24C000,522502144,4
887,0,0,0,0,0
888,A0007C93,-1610580845, 1F24C000,522502144, 0000000A
889,0,0,0,0,0
890,00007C91,31889, 1F244000,522469376,0
891,0,0,0,0,0
892,00007C91,31889, 1F244000,522469376,0
893,0,0,0,0,0
894,C0007C90,-1073709936, 1F240000,522452992, 0000000C
895,0,0,0,0,0
896,40007C92,1073773714, 1F248000,522485760,4
897,0,0,0,0,0
898,80007C92,-2147451758, 1F248000,522485760,8
899,0,0,0,0,0
900,20007C92,536902802, 1F248000,522485760,2
901,0,0,0,0,0
902,C0007C91,-1073709935, 1F244000,522469376, 0000000C
903,0,0,0,0,0
904,80007C91,-2147451759, 1F244000,522469376,8
905,0,0,0,0,0
906,E0007C90,-536839024, 1F240000,522452992, 0000000E
907,0,0,0,0,0
908,E0007C90,-536839024, 1F240000,522452992, 0000000E
909,0,0,0,0,0
910,60007C91,1610644625, 1F244000,522469376,6
911,0,0,0,0,0
912,60007C90,1610644624, 1F240000,522452992,6
913,0,0,0,0,0
914,00007C90,31888, 1F240000,522452992,0
915,0,0,0,0,0
916,60007C8F,1610644623, 1F23C000,522436608,6
917,0,0,0,0,0
918,40007C8F,1073773711, 1F23C000,522436608,4
919,0,0,0,0,0
920,40007C90,1073773712, 1F240000,522452992,4
921,0,0,0,0,0
922,C0007C90,-1073709936, 1F240000,522452992, 0000000C
923,0,0,0,0,0
924,E0007C90,-536839024, 1F240000,522452992, 0000000E
925,0,0,0,0,0
926,E0007C90,-536839024, 1F240000,522452992, 0000000E
927,0,0,0,0,0
928,E0007C90,-536839024, 1F240000,522452992, 0000000E
929,0,0,0,0,0
930,40007C91,1073773713, 1F244000,522469376,4
931,0,0,0,0,0
932,80007C91,-2147451759, 1F244000,522469376,8
933,0,0,0,0,0
934,20007C92,536902802, 1F248000,522485760,2
935,0,0,0,0,0
936,60007C92,1610644626, 1F248000,522485760,6
937,0,0,0,0,0
938,A0007C92,-1610580846, 1F248000,522485760, 0000000A
939,0,0,0,0,0
940,E0007C92,-536839022, 1F248000,522485760, 0000000E
941,0,0,0,0,0
942,60007C8E,1610644622, 1F238000,522420224,6
943,0,0,0,0,0
944,20007C8E,536902798, 1F238000,522420224,2
945,0,0,0,0,0
946,20007C8E,536902798, 1F238000,522420224,2
947,0,0,0,0,0
948,80007C8E,-2147451762, 1F238000,522420224,8
949,0,0,0,0,0
950,00007C92,31890, 1F248000,522485760,0
951,0,0,0,0,0
952,E0007C91,-536839023, 1F244000,522469376, 0000000E
953,0,0,0,0,0
954,00007C92,31890, 1F248000,522485760,0
955,0,0,0,0,0
956,E0007C91,-536839023, 1F244000,522469376, 0000000E
957,0,0,0,0,0
958,A0007C90,-1610580848, 1F240000,522452992, 0000000A
959,0,0,0,0,0
960,80007C90,-2147451760, 1F240000,522452992,8
961,0,0,0,0,0
962,40007C91,1073773713, 1F244000,522469376,4
963,0,0,0,0,0
964,C0007C91,-1073709935, 1F244000,522469376, 0000000C
965,0,0,0,0,0
966,C0007C8E,-1073709938, 1F238000,522420224, 0000000C
967,0,0,0,0,0
968,40007C8F,1073773711, 1F23C000,522436608,4
969,0,0,0,0,0
970,60007C90,1610644624, 1F240000,522452992,6
971,0,0,0,0,0
972,80007C92,-2147451758, 1F248000,522485760,8
973,0,0,0,0,0
974,80007C92,-2147451758, 1F248000,522485760,8
975,0,0,0,0,0
976,A0007C92,-1610580846, 1F248000,522485760, 0000000A
977,0,0,0,0,0
978,E0007C92,-536839022, 1F248000,522485760, 0000000E
979,0,0,0,0,0
980,00007C92,31890, 1F248000,522485760,0
981,0,0,0,0,0
982,60007C92,1610644626, 1F248000,522485760,6
983,0,0,0,0,0
984,A0007C92,-1610580846, 1F248000,522485760, 0000000A
985,0,0,0,0,0
986,80007C92,-2147451758, 1F248000,522485760,8
987,0,0,0,0,0
988,60007C91,1610644625, 1F244000,522469376,6
989,0,0,0,0,0
990,A0007C91,-1610580847, 1F244000,522469376, 0000000A
991,0,0,0,0,0
992,00007C92,31890, 1F248000,522485760,0
993,0,0,0,0,0
994,20007C92,536902802, 1F248000,522485760,2
995,0,0,0,0,0
996,40007C92,1073773714, 1F248000,522485760,4
997,0,0,0,0,0
998,E0007C92,-536839022, 1F248000,522485760, 0000000E
999,0,0,0,0,0
1000,E0007C92,-536839022, 1F248000,522485760, 0000000E
1001,0,0,0,0,0
1002,60007C93,1610644627, 1F24C000,522502144,6
1003,0,0,0,0,0
1004,E0007C91,-536839023, 1F244000,522469376, 0000000E
1005,0,0,0,0,0
1006,00007C92,31890, 1F248000,522485760,0
1007,0,0,0,0,0
1008,E0007C91,-536839023, 1F244000,522469376, 0000000E
1009,0,0,0,0,0
1010,C0007C92,-1073709934, 1F248000,522485760, 0000000C
1011,0,0,0,0,0
1012,E0007C92,-536839022, 1F248000,522485760, 0000000E
1013,0,0,0,0,0
1014,C0007C92,-1073709934, 1F248000,522485760, 0000000C
1015,0,0,0,0,0
1016,E0007C92,-536839022, 1F248000,522485760, 0000000E
1017,0,0,0,0,0
1018,C0007C94,-1073709932, 1F250000,522518528, 0000000C
1019,0,0,0,0,0
1020,C0007C94,-1073709932, 1F250000,522518528, 0000000C
1021,0,0,0,0,0
1022,60007C94,1610644628, 1F250000,522518528,6
1023,0,0,0,0,0
1024,60007C94,1610644628, 1F250000,522518528,6
1025,0,0,0,0,0
1026,00007C95,31893, 1F254000,522534912,0
1027,0,0,0,0,0
1028,C0007C94,-1073709932, 1F250000,522518528, 0000000C
1029,0,0,0,0,0
1030,C0007C94,-1073709932, 1F250000,522518528, 0000000C
1031,0,0,0,0,0
1032,80007C94,-2147451756, 1F250000,522518528,8
1033,0,0,0,0,0
1034,40007C92,1073773714, 1F248000,522485760,4
1035,0,0,0,0,0
1036,20007C92,536902802, 1F248000,522485760,2
1037,0,0,0,0,0
1038,A0007C91,-1610580847, 1F244000,522469376, 0000000A
1039,0,0,0,0,0
1040,A0007C93,-1610580845, 1F24C000,522502144, 0000000A
1041,0,0,0,0,0
1042,E0007C92,-536839022, 1F248000,522485760, 0000000E
1043,0,0,0,0,0
1044,40007C92,1073773714, 1F248000,522485760,4
1045,0,0,0,0,0
1046,20007C91,536902801, 1F244000,522469376,2
1047,0,0,0,0,0
1048,00007C93,31891, 1F24C000,522502144,0
1049,0,0,0,0,0
1050,40007C92,1073773714, 1F248000,522485760,4
1051,0,0,0,0,0
1052,20007C92,536902802, 1F248000,522485760,2
1053,0,0,0,0,0
1054,C0007C91,-1073709935, 1F244000,522469376, 0000000C
1055,0,0,0,0,0
1056,20007C90,536902800, 1F240000,522452992,2
1057,0,0,0,0,0
1058,60007C90,1610644624, 1F240000,522452992,6
1059,0,0,0,0,0
1060,E0007C90,-536839024, 1F240000,522452992, 0000000E
1061,0,0,0,0,0
1062,00007C92,31890, 1F248000,522485760,0
1063,0,0,0,0,0
1064,C0007C91,-1073709935, 1F244000,522469376, 0000000C
1065,0,0,0,0,0
1066,60007C91,1610644625, 1F244000,522469376,6
1067,0,0,0,0,0
1068,60007C91,1610644625, 1F244000,522469376,6
1069,0,0,0,0,0
1070,80007C90,-2147451760, 1F240000,522452992,8
1071,0,0,0,0,0
1072,80007C90,-2147451760, 1F240000,522452992,8
1073,0,0,0,0,0
1074,40007C90,1073773712, 1F240000,522452992,4
1075,0,0,0,0,0
1076,A0007C90,-1610580848, 1F240000,522452992, 0000000A
1077,0,0,0,0,0
1078,20007C90,536902800, 1F240000,522452992,2
1079,0,0,0,0,0
1080,00007C90,31888, 1F240000,522452992,0
1081,0,0,0,0,0
1082,E0007C8F,-536839025, 1F23C000,522436608, 0000000E
1083,0,0,0,0,0
1084,80007C8F,-2147451761, 1F23C000,522436608,8
1085,0,0,0,0,0
1086,00007C92,31890, 1F248000,522485760,0
1087,0,0,0,0,0
1088,A0007C92,-1610580846, 1F248000,522485760, 0000000A
1089,0,0,0,0,0
1090,80007C92,-2147451758, 1F248000,522485760,8
1091,0,0,0,0,0
1092,80007C93,-2147451757, 1F24C000,522502144,8
1093,0,0,0,0,0
1094,80007C92,-2147451758, 1F248000,522485760,8
1095,0,0,0,0,0
1096,A0007C91,-1610580847, 1F244000,522469376, 0000000A
1097,0,0,0,0,0
1098,20007C91,536902801, 1F244000,522469376,2
1099,0,0,0,0,0
1100,40007C93,1073773715, 1F24C000,522502144,4
1101,0,0,0,0,0
1102,20007C93,536902803, 1F24C000,522502144,2
1103,0,0,0,0,0
1104,40007C93,1073773715, 1F24C000,522502144,4
1105,0,0,0,0,0
1106,E0007C92,-536839022, 1F248000,522485760, 0000000E
1107,0,0,0,0,0
1108,40007C92,1073773714, 1F248000,522485760,4
1109,0,0,0,0,0
1110,E0007C91,-536839023, 1F244000,522469376, 0000000E
1111,0,0,0,0,0
1112,40007C91,1073773713, 1F244000,522469376,4
1113,0,0,0,0,0
1114,A0007C90,-1610580848, 1F240000,522452992, 0000000A
1115,0,0,0,0,0
1116,A0007C92,-1610580846, 1F248000,522485760, 0000000A
1117,0,0,0,0,0
1118,C0007C91,-1073709935, 1F244000,522469376, 0000000C
1119,0,0,0,0,0
1120,40007C91,1073773713, 1F244000,522469376,4
1121,0,0,0,0,0
1122,E0007C8F,-536839025, 1F23C000,522436608, 0000000E
1123,0,0,0,0,0
1124,00007C90,31888, 1F240000,522452992,0
1125,0,0,0,0,0
1126,20007C90,536902800, 1F240000,522452992,2
1127,0,0,0,0,0
1128,60007C90,1610644624, 1F240000,522452992,6
1129,0,0,0,0,0
1130,00007C93,31891, 1F24C000,522502144,0
1131,0,0,0,0,0
1132,60007C93,1610644627, 1F24C000,522502144,6
1133,0,0,0,0,0
1134,40007C93,1073773715, 1F24C000,522502144,4
1135,0,0,0,0,0
1136,20007C93,536902803, 1F24C000,522502144,2
1137,0,0,0,0,0
1138,80007C92,-2147451758, 1F248000,522485760,8
1139,0,0,0,0,0
1140,C0007C92,-1073709934, 1F248000,522485760, 0000000C
1141,0,0,0,0,0
1142,00007C93,31891, 1F24C000,522502144,0
1143,0,0,0,0,0
1144,00007C93,31891, 1F24C000,522502144,0
1145,0,0,0,0,0
1146,A0007C90,-1610580848, 1F240000,522452992, 0000000A
1147,0,0,0,0,0
1148,20007C90,536902800, 1F240000,522452992,2
1149,0,0,0,0,0
1150,C0007C90,-1073709936, 1F240000,522452992, 0000000C
1151,0,0,0,0,0
1152,A0007C93,-1610580845, 1F24C000,522502144, 0000000A
1153,0,0,0,0,0
1154,A0007C93,-1610580845, 1F24C000,522502144, 0000000A
1155,0,0,0,0,0
1156,40007C93,1073773715, 1F24C000,522502144,4
1157,0,0,0,0,0
1158,80007C93,-2147451757, 1F24C000,522502144,8
1159,0,0,0,0,0
1160,E0007C91,-536839023, 1F244000,522469376, 0000000E
1161,0,0,0,0,0
1162,00007C92,31890, 1F248000,522485760,0
1163,0,0,0,0,0
1164,40007C92,1073773714, 1F248000,522485760,4
1165,0,0,0,0,0
1166,40007C92,1073773714, 1F248000,522485760,4
1167,0,0,0,0,0
1168,C0007C90,-1073709936, 1F240000,522452992, 0000000C
1169,0,0,0,0,0
1170,20007C90,536902800, 1F240000,522452992,2
1171,0,0,0,0,0
1172,00007C90,31888, 1F240000,522452992,0
1173,0,0,0,0,0
1174,A0007C8F,-1610580849, 1F23C000,522436608, 0000000A
1175,0,0,0,0,0
1176,A0007C94,-1610580844, 1F250000,522518528, 0000000A
1177,0,0,0,0,0
1178,20007C94,536902804, 1F250000,522518528,2
1179,0,0,0,0,0
1180,00007C94,31892, 1F250000,522518528,0
1181,0,0,0,0,0
1182,00007C92,31890, 1F248000,522485760,0
1183,0,0,0,0,0
1184,E0007C91,-536839023, 1F244000,522469376, 0000000E
1185,0,0,0,0,0
1186,00007C92,31890, 1F248000,522485760,0
1187,0,0,0,0,0
1188,40007C92,1073773714, 1F248000,522485760,4
1189,0,0,0,0,0
1190,60007C92,1610644626, 1F248000,522485760,6
1191,0,0,0,0,0
1192,E0007C92,-536839022, 1F248000,522485760, 0000000E
1193,0,0,0,0,0
1194,20007C93,536902803, 1F24C000,522502144,2
1195,0,0,0,0,0
1196,E0007C92,-536839022, 1F248000,522485760, 0000000E
1197,0,0,0,0,0
1198,40007C93,1073773715, 1F24C000,522502144,4
1199,0,0,0,0,0
1200,20007C93,536902803, 1F24C000,522502144,2
1201,0,0,0,0,0
1202,80007C93,-2147451757, 1F24C000,522502144,8
1203,0,0,0,0,0
1204,E0007C93,-536839021, 1F24C000,522502144, 0000000E
1205,0,0,0,0,0
1206,20007C92,536902802, 1F248000,522485760,2
1207,0,0,0,0,0
1208,20007C92,536902802, 1F248000,522485760,2
1209,0,0,0,0,0
1210,60007C92,1610644626, 1F248000,522485760,6
1211,0,0,0,0,0
1212,60007C92,1610644626, 1F248000,522485760,6
1213,0,0,0,0,0
1214,80007C92,-2147451758, 1F248000,522485760,8
1215,0,0,0,0,0
1216,80007C92,-2147451758, 1F248000,522485760,8
1217,0,0,0,0,0
1218,E0007C91,-536839023, 1F244000,522469376, 0000000E
1219,0,0,0,0,0
1220,A0007C90,-1610580848, 1F240000,522452992, 0000000A
1221,0,0,0,0,0
1222,E0007C8F,-536839025, 1F23C000,522436608, 0000000E
1223,0,0,0,0,0
1224,E0007C8F,-536839025, 1F23C000,522436608, 0000000E
1225,0,0,0,0,0
1226,80007C8F,-2147451761, 1F23C000,522436608,8
1227,0,0,0,0,0
1228,60007C92,1610644626, 1F248000,522485760,6
1229,0,0,0,0,0
1230,60007C92,1610644626, 1F248000,522485760,6
1231,0,0,0,0,0
1232,00007C92,31890, 1F248000,522485760,0
1233,0,0,0,0,0
1234,00007C92,31890, 1F248000,522485760,0
1235,0,0,0,0,0
1236,A0007C91,-1610580847, 1F244000,522469376, 0000000A
1237,0,0,0,0,0
1238,80007C91,-2147451759, 1F244000,522469376,8
1239,0,0,0,0,0
1240,40007C91,1073773713, 1F244000,522469376,4
1241,0,0,0,0,0
1242,C0007C94,-1073709932, 1F250000,522518528, 0000000C
1243,0,0,0,0,0
1244,C0007C94,-1073709932, 1F250000,522518528, 0000000C
1245,0,0,0,0,0
1246,60007C94,1610644628, 1F250000,522518528,6
1247,0,0,0,0,0
1248,80007C93,-2147451757, 1F24C000,522502144,8
1249,0,0,0,0,0
1250,E0007C90,-536839024, 1F240000,522452992, 0000000E
1251,0,0,0,0,0
1252,20007C90,536902800, 1F240000,522452992,2
1253,0,0,0,0,0
1254,60007C90,1610644624, 1F240000,522452992,6
1255,0,0,0,0,0
1256,A0007C90,-1610580848, 1F240000,522452992, 0000000A
1257,0,0,0,0,0
1258,E0007C90,-536839024, 1F240000,522452992, 0000000E
1259,0,0,0,0,0
1260,00007C91,31889, 1F244000,522469376,0
1261,0,0,0,0,0
1262,A0007C91,-1610580847, 1F244000,522469376, 0000000A
1263,0,0,0,0,0
1264,A0007C92,-1610580846, 1F248000,522485760, 0000000A
1265,0,0,0,0,0
1266,C0007C91,-1073709935, 1F244000,522469376, 0000000C
1267,0,0,0,0,0
1268,80007C91,-2147451759, 1F244000,522469376,8
1269,0,0,0,0,0
1270,E0007C91,-536839023, 1F244000,522469376, 0000000E
1271,0,0,0,0,0
1272,E0007C8C,-536839028, 1F230000,522387456, 0000000E
1273,0,0,0,0,0
1274,E0007C8B,-536839029, 1F22C000,522371072, 0000000E
1275,0,0,0,0,0
1276,40007C8B,1073773707, 1F22C000,522371072,4
1277,0,0,0,0,0
1278,80007C8B,-2147451765, 1F22C000,522371072,8
1279,0,0,0,0,0
1280,40007C93,1073773715, 1F24C000,522502144,4
1281,0,0,0,0,0
1282,80007C92,-2147451758, 1F248000,522485760,8
1283,0,0,0,0,0
1284,C0007C92,-1073709934, 1F248000,522485760, 0000000C
1285,0,0,0,0,0
1286,40007C90,1073773712, 1F240000,522452992,4
1287,0,0,0,0,0
1288,E0007C8F,-536839025, 1F23C000,522436608, 0000000E
1289,0,0,0,0,0
1290,20007C90,536902800, 1F240000,522452992,2
1291,0,0,0,0,0
1292,E0007C8F,-536839025, 1F23C000,522436608, 0000000E
1293,0,0,0,0,0
1294,80007C8F,-2147451761, 1F23C000,522436608,8
1295,0,0,0,0,0
1296,80007C8F,-2147451761, 1F23C000,522436608,8
1297,0,0,0,0,0
1298,C0007C8F,-1073709937, 1F23C000,522436608, 0000000C
1299,0,0,0,0,0
1300,A0007C8F,-1610580849, 1F23C000,522436608, 0000000A
1301,0,0,0,0,0
1302,00007C8C,31884, 1F230000,522387456,0
1303,0,0,0,0,0
1304,60007C8B,1610644619, 1F22C000,522371072,6
1305,0,0,0,0,0
1306,E0007C8A,-536839030, 1F228000,522354688, 0000000E
1307,0,0,0,0,0
1308,00007C8B,31883, 1F22C000,522371072,0
1309,0,0,0,0,0
1310,E0007C97,-536839017, 1F25C000,522567680, 0000000E
1311,0,0,0,0,0
1312,C0007C97,-1073709929, 1F25C000,522567680, 0000000C
1313,0,0,0,0,0
1314,20007C98,536902808, 1F260000,522584064,2
1315,0,0,0,0,0
1316,60007C93,1610644627, 1F24C000,522502144,6
1317,0,0,0,0,0
1318,40007C93,1073773715, 1F24C000,522502144,4
1319,0,0,0,0,0
1320,40007C93,1073773715, 1F24C000,522502144,4
1321,0,0,0,0,0
1322,60007C93,1610644627, 1F24C000,522502144,6
1323,0,0,0,0,0
1324,80007C94,-2147451756, 1F250000,522518528,8
1325,0,0,0,0,0
1326,A0007C94,-1610580844, 1F250000,522518528, 0000000A
1327,0,0,0,0,0
1328,40007C94,1073773716, 1F250000,522518528,4
1329,0,0,0,0,0
1330,20007C94,536902804, 1F250000,522518528,2
1331,0,0,0,0,0
1332,00007C93,31891, 1F24C000,522502144,0
1333,0,0,0,0,0
1334,E0007C92,-536839022, 1F248000,522485760, 0000000E
1335,0,0,0,0,0
1336,60007C92,1610644626, 1F248000,522485760,6
1337,0,0,0,0,0
1338,80007C92,-2147451758, 1F248000,522485760,8
1339,0,0,0,0,0
1340,20007C91,536902801, 1F244000,522469376,2
1341,0,0,0,0,0
1342,80007C91,-2147451759, 1F244000,522469376,8
1343,0,0,0,0,0
1344,80007C91,-2147451759, 1F244000,522469376,8
1345,0,0,0,0,0
1346,A0007C91,-1610580847, 1F244000,522469376, 0000000A
1347,0,0,0,0,0
1348,60007C92,1610644626, 1F248000,522485760,6
1349,0,0,0,0,0
1350,00007C93,31891, 1F24C000,522502144,0
1351,0,0,0,0,0
1352,20007C93,536902803, 1F24C000,522502144,2
1353,0,0,0,0,0
1354,00007C92,31890, 1F248000,522485760,0
1355,0,0,0,0,0
1356,E0007C91,-536839023, 1F244000,522469376, 0000000E
1357,0,0,0,0,0
1358,C0007C92,-1073709934, 1F248000,522485760, 0000000C
1359,0,0,0,0,0
1360,A0007C93,-1610580845, 1F24C000,522502144, 0000000A
1361,0,0,0,0,0
1362,60007C92,1610644626, 1F248000,522485760,6
1363,0,0,0,0,0
1364,40007C93,1073773715, 1F24C000,522502144,4
1365,0,0,0,0,0
1366,20007C94,536902804, 1F250000,522518528,2
1367,0,0,0,0,0
1368,80007C92,-2147451758, 1F248000,522485760,8
1369,0,0,0,0,0
1370,40007C92,1073773714, 1F248000,522485760,4
1371,0,0,0,0,0
1372,C0007C92,-1073709934, 1F248000,522485760, 0000000C
1373,0,0,0,0,0
1374,80007C92,-2147451758, 1F248000,522485760,8
1375,0,0,0,0,0
1376,E0007C91,-536839023, 1F244000,522469376, 0000000E
1377,0,0,0,0,0
1378,20007C92,536902802, 1F248000,522485760,2
1379,0,0,0,0,0
1380,60007C92,1610644626, 1F248000,522485760,6
1381,0,0,0,0,0
1382,40007C92,1073773714, 1F248000,522485760,4
1383,0,0,0,0,0
1384,C0007C8F,-1073709937, 1F23C000,522436608, 0000000C
1385,0,0,0,0,0
1386,80007C90,-2147451760, 1F240000,522452992,8
1387,0,0,0,0,0
1388,20007C91,536902801, 1F244000,522469376,2
1389,0,0,0,0,0
1390,C0007C90,-1073709936, 1F240000,522452992, 0000000C
1391,0,0,0,0,0
1392,20007C91,536902801, 1F244000,522469376,2
1393,0,0,0,0,0
1394,40007C92,1073773714, 1F248000,522485760,4
1395,0,0,0,0,0
1396,00007C93,31891, 1F24C000,522502144,0
1397,0,0,0,0,0
1398,A0007C92,-1610580846, 1F248000,522485760, 0000000A
1399,0,0,0,0,0
1400,80007C92,-2147451758, 1F248000,522485760,8
1401,0,0,0,0,0
1402,80007C92,-2147451758, 1F248000,522485760,8
1403,0,0,0,0,0
1404,80007C92,-2147451758, 1F248000,522485760,8
1405,0,0,0,0,0
1406,A0007C92,-1610580846, 1F248000,522485760, 0000000A
1407,0,0,0,0,0
1408,A0007C92,-1610580846, 1F248000,522485760, 0000000A
1409,0,0,0,0,0
1410,60007C93,1610644627, 1F24C000,522502144,6
1411,0,0,0,0,0
1412,20007C94,536902804, 1F250000,522518528,2
1413,0,0,0,0,0
1414,80007C8E,-2147451762, 1F238000,522420224,8
1415,0,0,0,0,0
1416,E0007C8E,-536839026, 1F238000,522420224, 0000000E
1417,0,0,0,0,0
1418,60007C8F,1610644623, 1F23C000,522436608,6
1419,0,0,0,0,0
1420,60007C92,1610644626, 1F248000,522485760,6
1421,0,0,0,0,0
1422,E0007C91,-536839023, 1F244000,522469376, 0000000E
1423,0,0,0,0,0
1424,C0007C91,-1073709935, 1F244000,522469376, 0000000C
1425,0,0,0,0,0
1426,80007C91,-2147451759, 1F244000,522469376,8
1427,0,0,0,0,0
1428,E0007C91,-536839023, 1F244000,522469376, 0000000E
1429,0,0,0,0,0
1430,80007C91,-2147451759, 1F244000,522469376,8
1431,0,0,0,0,0
1432,60007C91,1610644625, 1F244000,522469376,6
1433,0,0,0,0,0
1434,00007C92,31890, 1F248000,522485760,0
1435,0,0,0,0,0
1436,40007C93,1073773715, 1F24C000,522502144,4
1437,0,0,0,0,0
1438,A0007C92,-1610580846, 1F248000,522485760, 0000000A
1439,0,0,0,0,0
1440,80007C92,-2147451758, 1F248000,522485760,8
1441,0,0,0,0,0
1442,A0007C92,-1610580846, 1F248000,522485760, 0000000A
1443,0,0,0,0,0
1444,60007C91,1610644625, 1F244000,522469376,6
1445,0,0,0,0,0
1446,00007C91,31889, 1F244000,522469376,0
1447,0,0,0,0,0
1448,00007C90,31888, 1F240000,522452992,0
1449,0,0,0,0,0
1450,80007C93,-2147451757, 1F24C000,522502144,8
1451,0,0,0,0,0
1452,C0007C93,-1073709933, 1F24C000,522502144, 0000000C
1453,0,0,0,0,0
1454,E0007C93,-536839021, 1F24C000,522502144, 0000000E
1455,0,0,0,0,0
1456,00007C94,31892, 1F250000,522518528,0
1457,0,0,0,0,0
1458,20007C90,536902800, 1F240000,522452992,2
1459,0,0,0,0,0
1460,60007C90,1610644624, 1F240000,522452992,6
1461,0,0,0,0,0
1462,00007C90,31888, 1F240000,522452992,0
1463,0,0,0,0,0
1464,80007C8F,-2147451761, 1F23C000,522436608,8
1465,0,0,0,0,0
1466,40007C91,1073773713, 1F244000,522469376,4
1467,0,0,0,0,0
1468,A0007C91,-1610580847, 1F244000,522469376, 0000000A
1469,0,0,0,0,0
1470,A0007C91,-1610580847, 1F244000,522469376, 0000000A
1471,0,0,0,0,0
1472,40007C91,1073773713, 1F244000,522469376,4
1473,0,0,0,0,0
1474,E0007C90,-536839024, 1F240000,522452992, 0000000E
1475,0,0,0,0,0
1476,80007C91,-2147451759, 1F244000,522469376,8
1477,0,0,0,0,0
1478,00007C91,31889, 1F244000,522469376,0
1479,0,0,0,0,0
1480,C0007C90,-1073709936, 1F240000,522452992, 0000000C
1481,0,0,0,0,0
1482,20007C91,536902801, 1F244000,522469376,2
1483,0,0,0,0,0
1484,00007C91,31889, 1F244000,522469376,0
1485,0,0,0,0,0
1486,E0007C8F,-536839025, 1F23C000,522436608, 0000000E
1487,0,0,0,0,0
1488,A0007C8F,-1610580849, 1F23C000,522436608, 0000000A
1489,0,0,0,0,0
1490,E0007C8F,-536839025, 1F23C000,522436608, 0000000E
1491,0,0,0,0,0
1492,E0007C90,-536839024, 1F240000,522452992, 0000000E
1493,0,0,0,0,0
1494,A0007C91,-1610580847, 1F244000,522469376, 0000000A
1495,0,0,0,0,0
1496,E0007C90,-536839024, 1F240000,522452992, 0000000E
1497,0,0,0,0,0
1498,A0007C90,-1610580848, 1F240000,522452992, 0000000A
1499,0,0,0,0,0
1500,40007C91,1073773713, 1F244000,522469376,4
1501,0,0,0,0,0
1502,20007C93,536902803, 1F24C000,522502144,2
1503,0,0,0,0,0
1504,40007C92,1073773714, 1F248000,522485760,4
1505,0,0,0,0,0
1506,E0007C91,-536839023, 1F244000,522469376, 0000000E
1507,0,0,0,0,0
1508,40007C92,1073773714, 1F248000,522485760,4
1509,0,0,0,0,0
1510,20007C92,536902802, 1F248000,522485760,2
1511,0,0,0,0,0
1512,20007C92,536902802, 1F248000,522485760,2
1513,0,0,0,0,0
1514,20007C92,536902802, 1F248000,522485760,2
1515,0,0,0,0,0
1516,E0007C92,-536839022, 1F248000,522485760, 0000000E
1517,0,0,0,0,0
1518,E0007C92,-536839022, 1F248000,522485760, 0000000E
1519,0,0,0,0,0
1520,E0007C92,-536839022, 1F248000,522485760, 0000000E
1521,0,0,0,0,0
1522,E0007C92,-536839022, 1F248000,522485760, 0000000E
1523,0,0,0,0,0
1524,C0007C92,-1073709934, 1F248000,522485760, 0000000C
1525,0,0,0,0,0
1526,80007C91,-2147451759, 1F244000,522469376,8
1527,0,0,0,0,0
1528,00007C91,31889, 1F244000,522469376,0
1529,0,0,0,0,0
1530,20007C91,536902801, 1F244000,522469376,2
1531,0,0,0,0,0
1532,20007C92,536902802, 1F248000,522485760,2
1533,0,0,0,0,0
1534,60007C92,1610644626, 1F248000,522485760,6
1535,0,0,0,0,0
1536,E0007C91,-536839023, 1F244000,522469376, 0000000E
1537,0,0,0,0,0
1538,20007C92,536902802, 1F248000,522485760,2
1539,0,0,0,0,0
1540,20007C91,536902801, 1F244000,522469376,2
1541,0,0,0,0,0
1542,00007C92,31890, 1F248000,522485760,0
1543,0,0,0,0,0
1544,60007C92,1610644626, 1F248000,522485760,6
1545,0,0,0,0,0
1546,40007C92,1073773714, 1F248000,522485760,4
1547,0,0,0,0,0
1548,80007C8A,-2147451766, 1F228000,522354688,8
1549,0,0,0,0,0
1550,C0007C8A,-1073709942, 1F228000,522354688, 0000000C
1551,0,0,0,0,0
1552,C0007C8A,-1073709942, 1F228000,522354688, 0000000C
1553,0,0,0,0,0
1554,80007C8A,-2147451766, 1F228000,522354688,8
1555,0,0,0,0,0
1556,20007C8D,536902797, 1F234000,522403840,2
1557,0,0,0,0,0
1558,C0007C8D,-1073709939, 1F234000,522403840, 0000000C
1559,0,0,0,0,0
1560,00007C8F,31887, 1F23C000,522436608,0
1561,0,0,0,0,0
1562,C0007C99,-1073709927, 1F264000,522600448, 0000000C
1563,0,0,0,0,0
1564,60007C99,1610644633, 1F264000,522600448,6
1565,0,0,0,0,0
1566,80007C99,-2147451751, 1F264000,522600448,8
1567,0,0,0,0,0
1568,00007C99,31897, 1F264000,522600448,0
1569,0,0,0,0,0
1570,40007C84,1073773700, 1F210000,522256384,4
1571,0,0,0,0,0
1572,C0007C83,-1073709949, 1F20C000,522240000, 0000000C
1573,0,0,0,0,0
1574,C0007C83,-1073709949, 1F20C000,522240000, 0000000C
1575,0,0,0,0,0
1576,80007C83,-2147451773, 1F20C000,522240000,8
1577,0,0,0,0,0
1578,60007C8E,1610644622, 1F238000,522420224,6
1579,0,0,0,0,0
1580,80007C8E,-2147451762, 1F238000,522420224,8
1581,0,0,0,0,0
1582,A0007C8E,-1610580850, 1F238000,522420224, 0000000A
1583,0,0,0,0,0
1584,60007C8E,1610644622, 1F238000,522420224,6
1585,0,0,0,0,0
1586,20007C99,536902809, 1F264000,522600448,2
1587,0,0,0,0,0
1588,C0007C98,-1073709928, 1F260000,522584064, 0000000C
1589,0,0,0,0,0
1590,C0007C98,-1073709928, 1F260000,522584064, 0000000C
1591,0,0,0,0,0
1592,C0007C89,-1073709943, 1F224000,522338304, 0000000C
1593,0,0,0,0,0
1594,80007C89,-2147451767, 1F224000,522338304,8
1595,0,0,0,0,0
1596,80007C88,-2147451768, 1F220000,522321920,8
1597,0,0,0,0,0
1598,40007C88,1073773704, 1F220000,522321920,4
1599,0,0,0,0,0
1600,20007C8E,536902798, 1F238000,522420224,2
1601,0,0,0,0,0
1602,60007C8D,1610644621, 1F234000,522403840,6
1603,0,0,0,0,0
1604,A0007C8C,-1610580852, 1F230000,522387456, 0000000A
1605,0,0,0,0,0
1606,E0007C8C,-536839028, 1F230000,522387456, 0000000E
1607,0,0,0,0,0
1608,A0007C98,-1610580840, 1F260000,522584064, 0000000A
1609,0,0,0,0,0
1610,C0007C98,-1073709928, 1F260000,522584064, 0000000C
1611,0,0,0,0,0
1612,C0007C98,-1073709928, 1F260000,522584064, 0000000C
1613,0,0,0,0,0
1614,80007C96,-2147451754, 1F258000,522551296,8
1615,0,0,0,0,0
1616,E0007C95,-536839019, 1F254000,522534912, 0000000E
1617,0,0,0,0,0
1618,00007C95,31893, 1F254000,522534912,0
1619,0,0,0,0,0
1620,A0007C93,-1610580845, 1F24C000,522502144, 0000000A
1621,0,0,0,0,0
1622,C0007C85,-1073709947, 1F214000,522272768, 0000000C
1623,0,0,0,0,0
1624,20007C85,536902789, 1F214000,522272768,2
1625,0,0,0,0,0
1626,80007C84,-2147451772, 1F210000,522256384,8
1627,0,0,0,0,0
1628,60007C84,1610644612, 1F210000,522256384,6
1629,0,0,0,0,0
1630,C0007C8D,-1073709939, 1F234000,522403840, 0000000C
1631,0,0,0,0,0
1632,20007C8D,536902797, 1F234000,522403840,2
1633,0,0,0,0,0
1634,E0007C8C,-536839028, 1F230000,522387456, 0000000E
1635,0,0,0,0,0
1636,20007C8E,536902798, 1F238000,522420224,2
1637,0,0,0,0,0
1638,A0007C8C,-1610580852, 1F230000,522387456, 0000000A
1639,0,0,0,0,0
1640,E0007C8B,-536839029, 1F22C000,522371072, 0000000E
1641,0,0,0,0,0
1642,20007C8B,536902795, 1F22C000,522371072,2
1643,0,0,0,0,0
1644,C0007C85,-1073709947, 1F214000,522272768, 0000000C
1645,0,0,0,0,0
1646,80007C86,-2147451770, 1F218000,522289152,8
1647,0,0,0,0,0
1648,00007C87,31879, 1F21C000,522305536,0
1649,0,0,0,0,0
1650,40007C87,1073773703, 1F21C000,522305536,4
1651,0,0,0,0,0
1652,00007C9D,31901, 1F274000,522665984,0
1653,0,0,0,0,0
1654,80007C9D,-2147451747, 1F274000,522665984,8
1655,0,0,0,0,0
1656,E0007C9D,-536839011, 1F274000,522665984, 0000000E
1657,0,0,0,0,0
1658,60007C9E,1610644638, 1F278000,522682368,6
1659,0,0,0,0,0
1660,20007C9E,536902814, 1F278000,522682368,2
1661,0,0,0,0,0
1662,40007C9E,1073773726, 1F278000,522682368,4
1663,0,0,0,0,0
1664,80007C9D,-2147451747, 1F274000,522665984,8
1665,0,0,0,0,0
1666,C0007C87,-1073709945, 1F21C000,522305536, 0000000C
1667,0,0,0,0,0
1668,60007C88,1610644616, 1F220000,522321920,6
1669,0,0,0,0,0
1670,00007C89,31881, 1F224000,522338304,0
1671,0,0,0,0,0
1672,20007C89,536902793, 1F224000,522338304,2
1673,0,0,0,0,0
1674,A0007C8F,-1610580849, 1F23C000,522436608, 0000000A
1675,0,0,0,0,0
1676,E0007C8F,-536839025, 1F23C000,522436608, 0000000E
1677,0,0,0,0,0
1678,20007C90,536902800, 1F240000,522452992,2
1679,0,0,0,0,0
1680,60007C90,1610644624, 1F240000,522452992,6
1681,0,0,0,0,0
1682,20007C90,536902800, 1F240000,522452992,2
1683,0,0,0,0,0
1684,20007C91,536902801, 1F244000,522469376,2
1685,0,0,0,0,0
1686,E0007C90,-536839024, 1F240000,522452992, 0000000E
1687,0,0,0,0,0
1688,A0007C90,-1610580848, 1F240000,522452992, 0000000A
1689,0,0,0,0,0
1690,A0007C88,-1610580856, 1F220000,522321920, 0000000A
1691,0,0,0,0,0
1692,80007C89,-2147451767, 1F224000,522338304,8
1693,0,0,0,0,0
1694,80007C8A,-2147451766, 1F228000,522354688,8
1695,0,0,0,0,0
1696,A0007C92,-1610580846, 1F248000,522485760, 0000000A
1697,0,0,0,0,0
1698,60007C93,1610644627, 1F24C000,522502144,6
1699,0,0,0,0,0
1700,A0007C93,-1610580845, 1F24C000,522502144, 0000000A
1701,0,0,0,0,0
1702,C0007C93,-1073709933, 1F24C000,522502144, 0000000C
1703,0,0,0,0,0
1704,80007C8F,-2147451761, 1F23C000,522436608,8
1705,0,0,0,0,0
1706,C0007C8F,-1073709937, 1F23C000,522436608, 0000000C
1707,0,0,0,0,0
1708,80007C8F,-2147451761, 1F23C000,522436608,8
1709,0,0,0,0,0
1710,E0007C8F,-536839025, 1F23C000,522436608, 0000000E
1711,0,0,0,0,0
1712,C0007C8D,-1073709939, 1F234000,522403840, 0000000C
1713,0,0,0,0,0
1714,E0007C8D,-536839027, 1F234000,522403840, 0000000E
1715,0,0,0,0,0
1716,E0007C8D,-536839027, 1F234000,522403840, 0000000E
1717,0,0,0,0,0
1718,80007C9B,-2147451749, 1F26C000,522633216,8
1719,0,0,0,0,0
1720,80007C9A,-2147451750, 1F268000,522616832,8
1721,0,0,0,0,0
1722,E0007C98,-536839016, 1F260000,522584064, 0000000E
1723,0,0,0,0,0
1724,00007C97,31895, 1F25C000,522567680,0
1725,0,0,0,0,0
1726,A0007CA1,-1610580831, 1F284000,522731520, 0000000A
1727,0,0,0,0,0
1728,20007C9F,536902815, 1F27C000,522698752,2
1729,0,0,0,0,0
1730,60007C9C,1610644636, 1F270000,522649600,6
1731,0,0,0,0,0
1732,C0007C99,-1073709927, 1F264000,522600448, 0000000C
1733,0,0,0,0,0
1734,E0007C97,-536839017, 1F25C000,522567680, 0000000E
1735,0,0,0,0,0
1736,00007C99,31897, 1F264000,522600448,0
1737,0,0,0,0,0
1738,60007C9A,1610644634, 1F268000,522616832,6
1739,0,0,0,0,0
1740,20007C9B,536902811, 1F26C000,522633216,2
1741,0,0,0,0,0
1742,80007C92,-2147451758, 1F248000,522485760,8
1743,0,0,0,0,0
1744,80007C91,-2147451759, 1F244000,522469376,8
1745,0,0,0,0,0
1746,40007C90,1073773712, 1F240000,522452992,4
1747,0,0,0,0,0
1748,A0007C8E,-1610580850, 1F238000,522420224, 0000000A
1749,0,0,0,0,0
1750,E0007C8E,-536839026, 1F238000,522420224, 0000000E
1751,0,0,0,0,0
1752,E0007C8E,-536839026, 1F238000,522420224, 0000000E
1753,0,0,0,0,0
1754,00007C8F,31887, 1F23C000,522436608,0
1755,0,0,0,0,0
1756,40007C96,1073773718, 1F258000,522551296,4
1757,0,0,0,0,0
1758,C0007C95,-1073709931, 1F254000,522534912, 0000000C
1759,0,0,0,0,0
1760,60007C95,1610644629, 1F254000,522534912,6
1761,0,0,0,0,0
1762,00007C95,31893, 1F254000,522534912,0
1763,0,0,0,0,0
1764,E0007C93,-536839021, 1F24C000,522502144, 0000000E
1765,0,0,0,0,0
1766,E0007C92,-536839022, 1F248000,522485760, 0000000E
1767,0,0,0,0,0
1768,40007C92,1073773714, 1F248000,522485760,4
1769,0,0,0,0,0
1770,40007C92,1073773714, 1F248000,522485760,4
1771,0,0,0,0,0
1772,80007C90,-2147451760, 1F240000,522452992,8
1773,0,0,0,0,0
1774,A0007C8F,-1610580849, 1F23C000,522436608, 0000000A
1775,0,0,0,0,0
1776,00007C8F,31887, 1F23C000,522436608,0
1777,0,0,0,0,0
1778,C0007C97,-1073709929, 1F25C000,522567680, 0000000C
1779,0,0,0,0,0
1780,60007C98,1610644632, 1F260000,522584064,6
1781,0,0,0,0,0
1782,C0007C98,-1073709928, 1F260000,522584064, 0000000C
1783,0,0,0,0,0
1784,80007C98,-2147451752, 1F260000,522584064,8
1785,0,0,0,0,0
1786,A0007C93,-1610580845, 1F24C000,522502144, 0000000A
1787,0,0,0,0,0
1788,00007C94,31892, 1F250000,522518528,0
1789,0,0,0,0,0
1790,00007C94,31892, 1F250000,522518528,0
1791,0,0,0,0,0
1792,60007C93,1610644627, 1F24C000,522502144,6
1793,0,0,0,0,0
1794,C0007C93,-1073709933, 1F24C000,522502144, 0000000C
1795,0,0,0,0,0
1796,00007C95,31893, 1F254000,522534912,0
1797,0,0,0,0,0
1798,80007C95,-2147451755, 1F254000,522534912,8
1799,0,0,0,0,0
1800,C0007C94,-1073709932, 1F250000,522518528, 0000000C
1801,0,0,0,0,0
1802,80007C95,-2147451755, 1F254000,522534912,8
1803,0,0,0,0,0
1804,00007C96,31894, 1F258000,522551296,0
1805,0,0,0,0,0
1806,40007C95,1073773717, 1F254000,522534912,4
1807,0,0,0,0,0
1808,E0007C94,-536839020, 1F250000,522518528, 0000000E
1809,0,0,0,0,0
1810,00007C95,31893, 1F254000,522534912,0
1811,0,0,0,0,0
1812,A0007C94,-1610580844, 1F250000,522518528, 0000000A
1813,0,0,0,0,0
1814,00007C94,31892, 1F250000,522518528,0
1815,0,0,0,0,0
1816,60007C8A,1610644618, 1F228000,522354688,6
1817,0,0,0,0,0
1818,80007C8A,-2147451766, 1F228000,522354688,8
1819,0,0,0,0,0
1820,00007C8B,31883, 1F22C000,522371072,0
1821,0,0,0,0,0
1822,A0007C8A,-1610580854, 1F228000,522354688, 0000000A
1823,0,0,0,0,0
1824,A0007CA5,-1610580827, 1F294000,522797056, 0000000A
1825,0,0,0,0,0
1826,40007CA6,1073773734, 1F298000,522813440,4
1827,0,0,0,0,0
1828,C0007CA6,-1073709914, 1F298000,522813440, 0000000C
1829,0,0,0,0,0
1830,A0007C8F,-1610580849, 1F23C000,522436608, 0000000A
1831,0,0,0,0,0
1832,C0007C8F,-1073709937, 1F23C000,522436608, 0000000C
1833,0,0,0,0,0
1834,A0007C8F,-1610580849, 1F23C000,522436608, 0000000A
1835,0,0,0,0,0
1836,A0007C8F,-1610580849, 1F23C000,522436608, 0000000A
1837,0,0,0,0,0
1838,20007C82,536902786, 1F208000,522223616,2
1839,0,0,0,0,0
1840,40007C81,1073773697, 1F204000,522207232,4
1841,0,0,0,0,0
1842,C0007C80,-1073709952, 1F200000,522190848, 0000000C
1843,0,0,0,0,0
1844,00007C81,31873, 1F204000,522207232,0
1845,0,0,0,0,0
1846,40007C9A,1073773722, 1F268000,522616832,4
1847,0,0,0,0,0
1848,E0007C99,-536839015, 1F264000,522600448, 0000000E
1849,0,0,0,0,0
1850,40007C9A,1073773722, 1F268000,522616832,4
1851,0,0,0,0,0
1852,40007C9B,1073773723, 1F26C000,522633216,4
1853,0,0,0,0,0
1854,E0007C90,-536839024, 1F240000,522452992, 0000000E
1855,0,0,0,0,0
1856,00007C91,31889, 1F244000,522469376,0
1857,0,0,0,0,0
1858,00007C91,31889, 1F244000,522469376,0
1859,0,0,0,0,0
1860,40007C89,1073773705, 1F224000,522338304,4
1861,0,0,0,0,0
1862,00007C8A,31882, 1F228000,522354688,0
1863,0,0,0,0,0
1864,60007C8A,1610644618, 1F228000,522354688,6
1865,0,0,0,0,0
1866,60007C8B,1610644619, 1F22C000,522371072,6
1867,0,0,0,0,0
1868,80007CA1,-2147451743, 1F284000,522731520,8
1869,0,0,0,0,0
1870,60007CA0,1610644640, 1F280000,522715136,6
1871,0,0,0,0,0
1872,C0007CA0,-1073709920, 1F280000,522715136, 0000000C
1873,0,0,0,0,0
1874,A0007CA2,-1610580830, 1F288000,522747904, 0000000A
1875,0,0,0,0,0
1876,A0007C87,-1610580857, 1F21C000,522305536, 0000000A
1877,0,0,0,0,0
1878,80007C87,-2147451769, 1F21C000,522305536,8
1879,0,0,0,0,0
1880,60007C88,1610644616, 1F220000,522321920,6
1881,0,0,0,0,0
1882,A0007C89,-1610580855, 1F224000,522338304, 0000000A
1883,0,0,0,0,0
1884,60007C90,1610644624, 1F240000,522452992,6
1885,0,0,0,0,0
1886,E0007C90,-536839024, 1F240000,522452992, 0000000E
1887,0,0,0,0,0
1888,20007C91,536902801, 1F244000,522469376,2
1889,0,0,0,0,0
1890,80007C92,-2147451758, 1F248000,522485760,8
1891,0,0,0,0,0
1892,80007C92,-2147451758, 1F248000,522485760,8
1893,0,0,0,0,0
1894,00007C93,31891, 1F24C000,522502144,0
1895,0,0,0,0,0
1896,40007C94,1073773716, 1F250000,522518528,4
1897,0,0,0,0,0
1898,00007C8D,31885, 1F234000,522403840,0
1899,0,0,0,0,0
1900,E0007C8C,-536839028, 1F230000,522387456, 0000000E
1901,0,0,0,0,0
1902,80007C8D,-2147451763, 1F234000,522403840,8
1903,0,0,0,0,0
1904,80007C8E,-2147451762, 1F238000,522420224,8
1905,0,0,0,0,0
1906,E0007C94,-536839020, 1F250000,522518528, 0000000E
1907,0,0,0,0,0
1908,E0007C94,-536839020, 1F250000,522518528, 0000000E
1909,0,0,0,0,0
1910,40007C94,1073773716, 1F250000,522518528,4
1911,0,0,0,0,0
1912,40007C93,1073773715, 1F24C000,522502144,4
1913,0,0,0,0,0
1914,40007C94,1073773716, 1F250000,522518528,4
1915,0,0,0,0,0
1916,00007C95,31893, 1F254000,522534912,0
1917,0,0,0,0,0
1918,A0007C95,-1610580843, 1F254000,522534912, 0000000A
1919,0,0,0,0,0
1920,80007C8F,-2147451761, 1F23C000,522436608,8
1921,0,0,0,0,0
1922,A0007C90,-1610580848, 1F240000,522452992, 0000000A
1923,0,0,0,0,0
1924,A0007C92,-1610580846, 1F248000,522485760, 0000000A
1925,0,0,0,0,0
1926,C0007C94,-1073709932, 1F250000,522518528, 0000000C
1927,0,0,0,0,0
1928,40007C95,1073773717, 1F254000,522534912,4
1929,0,0,0,0,0
1930,00007C97,31895, 1F25C000,522567680,0
1931,0,0,0,0,0
1932,60007C97,1610644631, 1F25C000,522567680,6
1933,0,0,0,0,0
1934,A0007C95,-1610580843, 1F254000,522534912, 0000000A
1935,0,0,0,0,0
1936,00007C90,31888, 1F240000,522452992,0
1937,0,0,0,0,0
1938,60007C91,1610644625, 1F244000,522469376,6
1939,0,0,0,0,0
1940,00007C93,31891, 1F24C000,522502144,0
1941,0,0,0,0,0
1942,E0007C92,-536839022, 1F248000,522485760, 0000000E
1943,0,0,0,0,0
1944,20007C98,536902808, 1F260000,522584064,2
1945,0,0,0,0,0
1946,00007C99,31897, 1F264000,522600448,0
1947,0,0,0,0,0
1948,E0007C98,-536839016, 1F260000,522584064, 0000000E
1949,0,0,0,0,0
1950,20007C91,536902801, 1F244000,522469376,2
1951,0,0,0,0,0
1952,00007C92,31890, 1F248000,522485760,0
1953,0,0,0,0,0
1954,20007C93,536902803, 1F24C000,522502144,2
1955,0,0,0,0,0
1956,E0007C92,-536839022, 1F248000,522485760, 0000000E
1957,0,0,0,0,0
1958,60007C8E,1610644622, 1F238000,522420224,6
1959,0,0,0,0,0
1960,C0007C8E,-1073709938, 1F238000,522420224, 0000000C
1961,0,0,0,0,0
1962,40007C8F,1073773711, 1F23C000,522436608,4
1963,0,0,0,0,0
1964,40007C8F,1073773711, 1F23C000,522436608,4
1965,0,0,0,0,0
1966,A0007C96,-1610580842, 1F258000,522551296, 0000000A
1967,0,0,0,0,0
1968,E0007C96,-536839018, 1F258000,522551296, 0000000E
1969,0,0,0,0,0
1970,80007C97,-2147451753, 1F25C000,522567680,8
1971,0,0,0,0,0
1972,20007C91,536902801, 1F244000,522469376,2
1973,0,0,0,0,0
1974,60007C91,1610644625, 1F244000,522469376,6
1975,0,0,0,0,0
1976,40007C91,1073773713, 1F244000,522469376,4
1977,0,0,0,0,0
1978,E0007C91,-536839023, 1F244000,522469376, 0000000E
1979,0,0,0,0,0
1980,60007C91,1610644625, 1F244000,522469376,6
1981,0,0,0,0,0
1982,A0007C91,-1610580847, 1F244000,522469376, 0000000A
1983,0,0,0,0,0
1984,60007C92,1610644626, 1F248000,522485760,6
1985,0,0,0,0,0
1986,00007C93,31891, 1F24C000,522502144,0
1987,0,0,0,0,0
1988,20007C91,536902801, 1F244000,522469376,2
1989,0,0,0,0,0
1990,40007C92,1073773714, 1F248000,522485760,4
1991,0,0,0,0,0
1992,40007C92,1073773714, 1F248000,522485760,4
1993,0,0,0,0,0
1994,60007C91,1610644625, 1F244000,522469376,6
1995,0,0,0,0,0
1996,E0007C8B,-536839029, 1F22C000,522371072, 0000000E
1997,0,0,0,0,0
1998,C0007C8B,-1073709941, 1F22C000,522371072, 0000000C
1999,0,0,0,0,0
