0,40007C46,1073773638, 1F118000,521240576,4
2,A0007C56,-1610580906, 1F158000,521502720, 0000000A
4,80007C67,-2147451801, 1F19C000,521781248,8
6,E0007C77,-536839049, 1F1DC000,522043392, 0000000E
8,C0007C85,-1073709947, 1F214000,522272768, 0000000C
10,E0007C8F,-536839025, 1F23C000,522436608, 0000000E
12,80007C06,-2147451898, 1F018000,520192000,8
14,00007C01,31745, 1F004000,520110080,0
16,40007BFB,1073773563, 1EFEC000,520011776,4
18,20007BF4,536902644, 1EFD0000,519897088,2
20,00007BF4,31732, 1EFD0000,519897088,0
22,C0007BF6,-1073710090, 1EFD8000,519929856, 0000000C
24,80007BF8,-2147451912, 1EFE0000,519962624,8
26,60007C8F,1610644623, 1F23C000,522436608,6
28,00007C85,31877, 1F214000,522272768,0
30,C0007C7D,-1073709955, 1F1F4000,522141696, 0000000C
32,80007C77,-2147451785, 1F1DC000,522043392,8
34,00007C6F,31855, 1F1BC000,521912320,0
36,20007C65,536902757, 1F194000,521748480,2
38,C0007C59,-1073709991, 1F164000,521551872, 0000000C
40,A0007D39,-1610580679, 1F4E4000,525221888, 0000000A
42,60007D37,1610644791, 1F4DC000,525189120,6
44,40007D30,1073773872, 1F4C0000,525074432,4
46,20007D26,536902950, 1F498000,524910592,2
48,40007D1C,1073773852, 1F470000,524746752,4
50,60007D13,1610644755, 1F44C000,524599296,6
52,A0007CA3,-1610580829, 1F28C000,522764288, 0000000A
54,C0007CAF,-1073709905, 1F2BC000,522960896, 0000000C
56,00007CBC,31932, 1F2F0000,523173888,0
58,00007CC8,31944, 1F320000,523370496,0
60,A0007CD5,-1610580779, 1F354000,523583488, 0000000A
62,20007CE3,536902883, 1F38C000,523812864,2
64,60007CF3,1610644723, 1F3CC000,524075008,6
66,E0007C02,-536839166, 1F008000,520126464, 0000000E
68,E0007C08,-536839160, 1F020000,520224768, 0000000E
70,A0007C0F,-1610580977, 1F03C000,520339456, 0000000A
72,60007C13,1610644499, 1F04C000,520404992,6
74,00007C16,31766, 1F058000,520454144,0
76,C0007C1D,-1073710051, 1F074000,520568832, 0000000C
78,20007C4B,536902731, 1F12C000,521322496,2
80,60007C40,1610644544, 1F100000,521142272,6
82,A0007C33,-1610580941, 1F0CC000,520929280, 0000000A
84,E0007C29,-536839127, 1F0A4000,520765440, 0000000E
86,60007C24,1610644516, 1F090000,520683520,6
88,80007C1E,-2147451874, 1F078000,520585216,8
90,A0007C19,-1610580967, 1F064000,520503296, 0000000A
92,20007D02,536902914, 1F408000,524320768,2
94,60007CF7,1610644727, 1F3DC000,524140544,6
96,C0007CEA,-1073709846, 1F3A8000,523927552, 0000000C
98,00007CDE,31966, 1F378000,523730944,0
100,20007CD2,536902866, 1F348000,523534336,2
102,20007CC5,536902853, 1F314000,523321344,2
104,A0007CB6,-1610580810, 1F2D8000,523075584, 0000000A
106,80007D0F,-2147451633, 1F43C000,524533760,8
108,80007D19,-2147451623, 1F464000,524697600,8
110,40007D22,1073773858, 1F488000,524845056,4
112,00007D29,32041, 1F4A4000,524959744,0
114,E0007D2C,-536838868, 1F4B0000,525008896, 0000000E
116,A0007D2E,-1610580690, 1F4B8000,525041664, 0000000A
118,60007C31,1610644529, 1F0C4000,520896512,6
120,60007C3A,1610644538, 1F0E8000,521043968,6
122,20007C47,536902727, 1F11C000,521256960,2
124,60007C58,1610644568, 1F160000,521535488,6
126,20007C6A,536902762, 1F1A8000,521830400,2
128,A0007C7A,-1610580870, 1F1E8000,522092544, 0000000A
130,C0007C88,-1073709944, 1F220000,522321920, 0000000C
132,80007C09,-2147451895, 1F024000,520241152,8
134,80007C03,-2147451901, 1F00C000,520142848,8
136,A0007BFB,-1610580997, 1EFEC000,520011776, 0000000A
138,00007BF5,31733, 1EFD4000,519913472,0
140,C0007BF1,-1073710095, 1EFC4000,519847936, 0000000C
142,60007BF3,1610644467, 1EFCC000,519880704,6
144,20007CA8,536902824, 1F2A0000,522846208,2
146,60007C99,1610644633, 1F264000,522600448,6
148,A0007C8E,-1610580850, 1F238000,522420224, 0000000A
150,20007C85,536902789, 1F214000,522272768,2
152,00007C7D,31869, 1F1F4000,522141696,0
154,80007C77,-2147451785, 1F1DC000,522043392,8
156,80007C6F,-2147451793, 1F1BC000,521912320,8
158,40007D36,1073773878, 1F4D8000,525172736,4
160,80007D39,-2147451591, 1F4E4000,525221888,8
162,20007D39,536902969, 1F4E4000,525221888,2
164,A0007D34,-1610580684, 1F4D0000,525139968, 0000000A
166,A0007D2C,-1610580692, 1F4B0000,525008896, 0000000A
168,C0007D21,-1073709791, 1F484000,524828672, 0000000C
170,60007C95,1610644629, 1F254000,522534912,6
172,20007C9F,536902815, 1F27C000,522698752,2
174,20007CA9,536902825, 1F2A4000,522862592,2
176,00007CB5,31925, 1F2D4000,523059200,0
178,C0007CC1,-1073709887, 1F304000,523255808, 0000000C
180,C0007CCD,-1073709875, 1F334000,523452416, 0000000C
182,20007BF9,536902649, 1EFE4000,519979008,2
184,C0007BFC,-1073710084, 1EFF0000,520028160, 0000000C
186,C0007C01,-1073710079, 1F004000,520110080, 0000000C
188,40007C08,1073773576, 1F020000,520224768,4
190,20007C0E,536902670, 1F038000,520323072,2
192,40007C12,1073773586, 1F048000,520388608,4
194,20007C14,536902676, 1F050000,520421376,2
196,80007C62,-2147451806, 1F188000,521699328,8
198,60007C56,1610644566, 1F158000,521502720,6
200,20007C4B,536902731, 1F12C000,521322496,2
202,60007C3E,1610644542, 1F0F8000,521109504,6
204,80007C31,-2147451855, 1F0C4000,520896512,8
206,40007C29,1073773609, 1F0A4000,520765440,4
208,60007D17,1610644759, 1F45C000,524664832,6
210,00007D0F,32015, 1F43C000,524533760,0
212,C0007D06,-1073709818, 1F418000,524386304, 0000000C
214,20007CFE,536902910, 1F3F8000,524255232,2
216,80007CF2,-2147451662, 1F3C8000,524058624,8
218,80007CE5,-2147451675, 1F394000,523845632,8
220,C0007CD9,-1073709863, 1F364000,523649024, 0000000C
222,20007CE6,536902886, 1F398000,523862016,2
224,A0007CF7,-1610580745, 1F3DC000,524140544, 0000000A
226,E0007D07,-536838905, 1F41C000,524402688, 0000000E
228,A0007D13,-1610580717, 1F44C000,524599296, 0000000A
230,00007D1D,32029, 1F474000,524763136,0
232,00007D25,32037, 1F494000,524894208,0
234,00007C1D,31773, 1F074000,520568832,0
236,20007C24,536902692, 1F090000,520683520,2
238,40007C2D,1073773613, 1F0B4000,520830976,4
240,E0007C37,-536839113, 1F0DC000,520994816, 0000000E
242,40007C42,1073773634, 1F108000,521175040,4
244,80007C4E,-2147451826, 1F138000,521371648,8
246,C0007C5E,-1073709986, 1F178000,521633792, 0000000C
248,20007C26,536902694, 1F098000,520716288,2
250,00007C20,31776, 1F080000,520617984,0
252,E0007C1A,-536839142, 1F068000,520519680, 0000000E
254,20007C12,536902674, 1F048000,520388608,2
256,60007C0A,1610644490, 1F028000,520257536,6
258,00007C06,31750, 1F018000,520192000,0
260,60007BFF,1610644479, 1EFFC000,520077312,6
262,40007CBA,1073773754, 1F2E8000,523141120,4
264,60007CAB,1610644651, 1F2AC000,522895360,6
266,E0007C9B,-536839013, 1F26C000,522633216, 0000000E
268,A0007C8D,-1610580851, 1F234000,522403840, 0000000A
270,C0007C83,-1073709949, 1F20C000,522240000, 0000000C
272,80007C7D,-2147451779, 1F1F4000,522141696,8
274,80007D2E,-2147451602, 1F4B8000,525041664,8
276,40007D30,1073773872, 1F4C0000,525074432,4
278,40007D33,1073773875, 1F4CC000,525123584,4
280,40007D36,1073773878, 1F4D8000,525172736,4
282,00007D38,32056, 1F4E0000,525205504,0
284,A0007D37,-1610580681, 1F4DC000,525189120, 0000000A
286,A0007D32,-1610580686, 1F4C8000,525107200, 0000000A
288,80007C82,-2147451774, 1F208000,522223616,8
290,E0007C8E,-536839026, 1F238000,522420224, 0000000E
292,A0007C98,-1610580840, 1F260000,522584064, 0000000A
294,60007CA0,1610644640, 1F280000,522715136,6
296,40007CAB,1073773739, 1F2AC000,522895360,4
298,80007CB7,-2147451721, 1F2DC000,523091968,8
300,20007BF3,536902643, 1EFCC000,519880704,2
302,20007BF7,536902647, 1EFDC000,519946240,2
304,80007BFB,-2147451909, 1EFEC000,520011776,8
306,20007C01,536902657, 1F004000,520110080,2
308,40007C09,1073773577, 1F024000,520241152,4
310,60007C0F,1610644495, 1F03C000,520339456,6
312,E0007C79,-536839047, 1F1E4000,522076160, 0000000E
314,80007C73,-2147451789, 1F1CC000,521977856,8
316,C0007C68,-1073709976, 1F1A0000,521797632, 0000000C
318,20007C5E,536902750, 1F178000,521633792,2
320,20007C51,536902737, 1F144000,521420800,2
322,80007C44,-2147451836, 1F110000,521207808,8
324,20007C3C,536902716, 1F0F0000,521076736,2
326,00007D27,32039, 1F49C000,524926976,0
328,A0007D1B,-1610580709, 1F46C000,524730368, 0000000A
330,40007D11,1073773841, 1F444000,524566528,4
332,20007D09,536902921, 1F424000,524435456,2
334,40007D01,1073773825, 1F404000,524304384,4
336,80007CF7,-2147451657, 1F3DC000,524140544,8
338,40007CC8,1073773768, 1F320000,523370496,4
340,80007CD4,-2147451692, 1F350000,523567104,8
342,00007CE2,31970, 1F388000,523796480,0
344,40007CF0,1073773808, 1F3C0000,524025856,4
346,20007CFF,536902911, 1F3FC000,524271616,2
348,20007D0D,536902925, 1F434000,524500992,2
350,80007D17,-2147451625, 1F45C000,524664832,8
352,00007C17,31767, 1F05C000,520470528,0
354,60007C19,1610644505, 1F064000,520503296,6
356,C0007C1E,-1073710050, 1F078000,520585216, 0000000C
358,C0007C25,-1073710043, 1F094000,520699904, 0000000C
360,00007C2E,31790, 1F0B8000,520847360,0
362,40007C38,1073773624, 1F0E0000,521011200,4
364,60007C44,1610644548, 1F110000,521207808,6
366,A0007C28,-1610580952, 1F0A0000,520749056, 0000000A
368,C0007C26,-1073710042, 1F098000,520716288, 0000000C
370,40007C22,1073773602, 1F088000,520650752,4
372,E0007C1C,-536839140, 1F070000,520552448, 0000000E
374,20007C17,536902679, 1F05C000,520470528,2
376,60007C0F,1610644495, 1F03C000,520339456,6
378,C0007CDD,-1073709859, 1F374000,523714560, 0000000C
380,E0007CD1,-536838959, 1F344000,523517952, 0000000E
382,C0007CC4,-1073709884, 1F310000,523304960, 0000000C
384,00007CB7,31927, 1F2DC000,523091968,0
386,60007CA9,1610644649, 1F2A4000,522862592,6
388,60007C9C,1610644636, 1F270000,522649600,6
390,60007D1D,1610644765, 1F474000,524763136,6
392,60007D23,1610644771, 1F48C000,524861440,6
394,80007D27,-2147451609, 1F49C000,524926976,8
396,20007D2A,536902954, 1F4A8000,524976128,2
398,C0007D2C,-1073709780, 1F4B0000,525008896, 0000000C
400,80007D2F,-2147451601, 1F4BC000,525058048,8
402,C0007D33,-1073709773, 1F4CC000,525123584, 0000000C
404,A0007C54,-1610580908, 1F150000,521469952, 0000000A
406,C0007C65,-1073709979, 1F194000,521748480, 0000000C
408,80007C75,-2147451787, 1F1D4000,522010624,8
410,00007C82,31874, 1F208000,522223616,0
412,40007C8D,1073773709, 1F234000,522403840,4
414,80007C96,-2147451754, 1F258000,522551296,8
416,20007C0A,536902666, 1F028000,520257536,2
418,60007C03,1610644483, 1F00C000,520142848,6
420,60007BFE,1610644478, 1EFF8000,520060928,6
422,00007BFA,31738, 1EFE8000,519995392,0
424,60007BF8,1610644472, 1EFE0000,519962624,6
426,C0007BFB,-1073710085, 1EFEC000,520011776, 0000000C
428,E0007C02,-536839166, 1F008000,520126464, 0000000E
430,C0007C87,-1073709945, 1F21C000,522305536, 0000000C
432,80007C80,-2147451776, 1F200000,522190848,8
434,80007C79,-2147451783, 1F1E4000,522076160,8
436,C0007C70,-1073709968, 1F1C0000,521928704, 0000000C
438,00007C67,31847, 1F19C000,521781248,0
440,E0007C5D,-536839075, 1F174000,521617408, 0000000E
442,00007D30,32048, 1F4C0000,525074432,0
444,A0007D2D,-1610580691, 1F4B4000,525025280, 0000000A
446,20007D27,536902951, 1F49C000,524926976,2
448,00007D1E,32030, 1F478000,524779520,0
450,40007D14,1073773844, 1F450000,524615680,4
452,40007D0B,1073773835, 1F42C000,524468224,4
454,00007D03,32003, 1F40C000,524337152,0
456,00007CAD,31917, 1F2B4000,522928128,0
458,C0007CB8,-1073709896, 1F2E0000,523108352, 0000000C
460,20007CC4,536902852, 1F310000,523304960,2
462,A0007CD0,-1610580784, 1F340000,523501568, 0000000A
464,E0007CDD,-536838947, 1F374000,523714560, 0000000E
466,A0007CEC,-1610580756, 1F3B0000,523960320, 0000000A
468,E0007CFB,-536838917, 1F3EC000,524206080, 0000000E
470,E0007C10,-536839152, 1F040000,520355840, 0000000E
472,40007C15,1073773589, 1F054000,520437760,4
474,E0007C1A,-536839142, 1F068000,520519680, 0000000E
476,C0007C1E,-1073710050, 1F078000,520585216, 0000000C
478,20007C25,536902693, 1F094000,520699904,2
480,C0007C2D,-1073710035, 1F0B4000,520830976, 0000000C
482,A0007C45,-1610580923, 1F114000,521224192, 0000000A
484,00007C3A,31802, 1F0E8000,521043968,0
486,00007C32,31794, 1F0C8000,520912896,0
488,C0007C2C,-1073710036, 1F0B0000,520814592, 0000000C
490,40007C26,1073773606, 1F098000,520716288,4
492,80007C22,-2147451870, 1F088000,520650752,8
494,40007C1D,1073773597, 1F074000,520568832,4
496,00007CF4,31988, 1F3D0000,524091392,0
498,C0007CE8,-1073709848, 1F3A0000,523894784, 0000000C
500,E0007CDB,-536838949, 1F36C000,523681792, 0000000E
502,A0007CCF,-1610580785, 1F33C000,523485184, 0000000A
504,00007CC3,31939, 1F30C000,523288576,0
506,20007CB5,536902837, 1F2D4000,523059200,2
508,60007D06,1610644742, 1F418000,524386304,6
510,E0007D0E,-536838898, 1F438000,524517376, 0000000E
512,80007D16,-2147451626, 1F458000,524648448,8
514,60007D1C,1610644764, 1F470000,524746752,6
516,E0007D20,-536838880, 1F480000,524812288, 0000000E
518,80007D24,-2147451612, 1F490000,524877824,8
520,40007D27,1073773863, 1F49C000,524926976,4
522,80007C40,-2147451840, 1F100000,521142272,8
524,00007C4C,31820, 1F130000,521338880,0
526,20007C5A,536902746, 1F168000,521568256,2
528,C0007C6A,-1073709974, 1F1A8000,521830400, 0000000C
530,40007C7B,1073773691, 1F1EC000,522108928,4
532,C0007C87,-1073709945, 1F21C000,522305536, 0000000C
534,80007C17,-2147451881, 1F05C000,520470528,8
536,E0007C0F,-536839153, 1F03C000,520339456, 0000000E
538,A0007C08,-1610580984, 1F020000,520224768, 0000000A
540,80007C04,-2147451900, 1F010000,520159232,8
542,C0007BFE,-1073710082, 1EFF8000,520060928, 0000000C
544,60007BFB,1610644475, 1EFEC000,520011776,6
546,A0007BFE,-1610580994, 1EFF8000,520060928, 0000000A
548,80007C95,-2147451755, 1F254000,522534912,8
550,E0007C8A,-536839030, 1F228000,522354688, 0000000E
552,20007C83,536902787, 1F20C000,522240000,2
554,40007C7C,1073773692, 1F1F0000,522125312,4
556,C0007C75,-1073709963, 1F1D4000,522010624, 0000000C
558,40007C6D,1073773677, 1F1B4000,521879552,4
560,E0007D2E,-536838866, 1F4B8000,525041664, 0000000E
562,00007D31,32049, 1F4C4000,525090816,0
564,40007D31,1073773873, 1F4C4000,525090816,4
566,E0007D2C,-536838868, 1F4B0000,525008896, 0000000E
568,C0007D24,-1073709788, 1F490000,524877824, 0000000C
570,00007D1B,32027, 1F46C000,524730368,0
572,20007D11,536902929, 1F444000,524566528,2
574,A0007C98,-1610580840, 1F260000,522584064, 0000000A
576,00007CA2,31906, 1F288000,522747904,0
578,E0007CAD,-536838995, 1F2B4000,522928128, 0000000E
580,40007CBB,1073773755, 1F2EC000,523157504,4
582,E0007CC7,-536838969, 1F31C000,523354112, 0000000E
584,20007CD4,536902868, 1F350000,523567104,2
586,C0007C00,-1073710080, 1F000000,520093696, 0000000C
588,20007C08,536902664, 1F020000,520224768,2
590,40007C0E,1073773582, 1F038000,520323072,4
592,00007C13,31763, 1F04C000,520404992,0
594,C0007C16,-1073710058, 1F058000,520454144, 0000000C
596,20007C1A,536902682, 1F068000,520519680,2
598,80007C1E,-2147451874, 1F078000,520585216,8
600,E0007C52,-536839086, 1F148000,521437184, 0000000E
602,A0007C47,-1610580921, 1F11C000,521256960, 0000000A
604,00007C3E,31806, 1F0F8000,521109504,0
606,00007C32,31794, 1F0C8000,520912896,0
608,A0007C2A,-1610580950, 1F0A8000,520781824, 0000000A
610,E0007C26,-536839130, 1F098000,520716288, 0000000E
612,00007D0B,32011, 1F42C000,524468224,0
614,20007D02,536902914, 1F408000,524320768,2
616,C0007CF8,-1073709832, 1F3E0000,524156928, 0000000C
618,40007CED,1073773805, 1F3B4000,523976704,4
620,C0007CDF,-1073709857, 1F37C000,523747328, 0000000C
622,E0007CD3,-536838957, 1F34C000,523550720, 0000000E
624,80007CC8,-2147451704, 1F320000,523370496,8
626,A0007CF7,-1610580745, 1F3DC000,524140544, 0000000A
628,40007D05,1073773829, 1F414000,524369920,4
630,20007D11,536902929, 1F444000,524566528,2
632,60007D1A,1610644762, 1F468000,524713984,6
634,60007D21,1610644769, 1F484000,524828672,6
636,C0007D26,-1073709786, 1F498000,524910592, 0000000C
638,40007C28,1073773608, 1F0A0000,520749056,4
640,E0007C30,-536839120, 1F0C0000,520880128, 0000000E
642,E0007C39,-536839111, 1F0E4000,521027584, 0000000E
644,A0007C44,-1610580924, 1F110000,521207808, 0000000A
646,C0007C53,-1073709997, 1F14C000,521453568, 0000000C
648,80007C64,-2147451804, 1F190000,521732096,8
650,A0007C74,-1610580876, 1F1D0000,521994240, 0000000A
652,60007C20,1610644512, 1F080000,520617984,6
654,C0007C1B,-1073710053, 1F06C000,520536064, 0000000C
656,E0007C14,-536839148, 1F050000,520421376, 0000000E
658,20007C0E,536902670, 1F038000,520323072,2
660,E0007C08,-536839160, 1F020000,520224768, 0000000E
662,80007C02,-2147451902, 1F008000,520126464,8
664,A0007CB7,-1610580809, 1F2DC000,523091968, 0000000A
666,20007CAA,536902826, 1F2A8000,522878976,2
668,C0007C9D,-1073709923, 1F274000,522665984, 0000000C
670,C0007C92,-1073709934, 1F248000,522485760, 0000000C
672,20007C89,536902793, 1F224000,522338304,2
674,60007C80,1610644608, 1F200000,522190848,6
676,40007D28,1073773864, 1F4A0000,524943360,4
678,A0007D29,-1610580695, 1F4A4000,524959744, 0000000A
680,00007D2C,32044, 1F4B0000,525008896,0
682,40007D2F,1073773871, 1F4BC000,525058048,4
684,A0007D30,-1610580688, 1F4C0000,525074432, 0000000A
686,E0007D2E,-536838866, 1F4B8000,525041664, 0000000E
688,E0007D29,-536838871, 1F4A4000,524959744, 0000000E
690,40007C89,1073773705, 1F224000,522338304,4
692,C0007C94,-1073709932, 1F250000,522518528, 0000000C
694,A0007C9D,-1610580835, 1F274000,522665984, 0000000A
696,A0007CA3,-1610580829, 1F28C000,522764288, 0000000A
698,80007CAC,-2147451732, 1F2B0000,522911744,8
700,60007CB8,1610644664, 1F2E0000,523108352,6
702,C0007C01,-1073710079, 1F004000,520110080, 0000000C
704,A0007C02,-1610580990, 1F008000,520126464, 0000000A
706,40007C04,1073773572, 1F010000,520159232,4
708,60007C08,1610644488, 1F020000,520224768,6
710,40007C0F,1073773583, 1F03C000,520339456,4
712,00007C15,31765, 1F054000,520437760,0
714,A0007C1A,-1610580966, 1F068000,520519680, 0000000A
716,60007C74,1610644596, 1F1D0000,521994240,6
718,A0007C6C,-1610580884, 1F1B0000,521863168, 0000000A
720,80007C63,-2147451805, 1F18C000,521715712,8
722,60007C58,1610644568, 1F160000,521535488,6
724,A0007C4C,-1610580916, 1F130000,521338880, 0000000A
726,A0007C43,-1610580925, 1F10C000,521191424, 0000000A
728,80007D1D,-2147451619, 1F474000,524763136,8
730,E0007D14,-536838892, 1F450000,524615680, 0000000E
732,E0007D0C,-536838900, 1F430000,524484608, 0000000E
734,40007D05,1073773829, 1F414000,524369920,4
736,A0007CFD,-1610580739, 1F3F4000,524238848, 0000000A
738,60007CF4,1610644724, 1F3D0000,524091392,6
740,40007CE9,1073773801, 1F3A4000,523911168,4
742,E0007CCF,-536838961, 1F33C000,523485184, 0000000E
744,20007CDB,536902875, 1F36C000,523681792,2
746,A0007CE7,-1610580761, 1F39C000,523878400, 0000000A
748,E0007CF5,-536838923, 1F3D4000,524107776, 0000000E
750,00007D04,32004, 1F410000,524353536,0
752,E0007D0F,-536838897, 1F43C000,524533760, 0000000E
754,80007C1E,-2147451874, 1F078000,520585216,8
756,00007C22,31778, 1F088000,520650752,0
758,E0007C27,-536839129, 1F09C000,520732672, 0000000E
760,40007C31,1073773617, 1F0C4000,520896512,4
762,E0007C39,-536839111, 1F0E4000,521027584, 0000000E
764,80007C42,-2147451838, 1F108000,521175040,8
766,80007C4D,-2147451827, 1F134000,521355264,8
768,E0007C2B,-536839125, 1F0AC000,520798208, 0000000E
770,A0007C26,-1610580954, 1F098000,520716288, 0000000A
772,80007C23,-2147451869, 1F08C000,520667136,8
774,60007C1C,1610644508, 1F070000,520552448,6
776,80007C15,-2147451883, 1F054000,520437760,8
778,A0007C10,-1610580976, 1F040000,520355840, 0000000A
780,20007CD8,536902872, 1F360000,523632640,2
782,A0007CCC,-1610580788, 1F330000,523436032, 0000000A
784,40007CC1,1073773761, 1F304000,523255808,4
786,E0007CB3,-536838989, 1F2CC000,523026432, 0000000E
788,C0007CA5,-1073709915, 1F294000,522797056, 0000000C
790,A0007C98,-1610580840, 1F260000,522584064, 0000000A
792,A0007D18,-1610580712, 1F460000,524681216, 0000000A
794,E0007D1E,-536838882, 1F478000,524779520, 0000000E
796,E0007D23,-536838877, 1F48C000,524861440, 0000000E
798,20007D26,536902950, 1F498000,524910592,2
800,40007D27,1073773863, 1F49C000,524926976,4
802,E0007D29,-536838871, 1F4A4000,524959744, 0000000E
804,40007D2C,1073773868, 1F4B0000,525008896,4
806,A0007C5C,-1610580900, 1F170000,521601024, 0000000A
808,60007C6C,1610644588, 1F1B0000,521863168,6
810,80007C7B,-2147451781, 1F1EC000,522108928,8
812,40007C88,1073773704, 1F220000,522321920,4
814,80007C92,-2147451758, 1F248000,522485760,8
816,80007C9B,-2147451749, 1F26C000,522633216,8
818,20007C0B,536902667, 1F02C000,520273920,2
820,40007C03,1073773571, 1F00C000,520142848,4
822,20007BFF,536902655, 1EFFC000,520077312,2
824,20007BFE,536902654, 1EFF8000,520060928,2
826,60007BFE,1610644478, 1EFF8000,520060928,6
828,C0007C03,-1073710077, 1F00C000,520142848, 0000000C
830,00007C0C,31756, 1F030000,520290304,0
832,00007C87,31879, 1F21C000,522305536,0
834,E0007C7E,-536839042, 1F1F8000,522158080, 0000000E
836,C0007C78,-1073709960, 1F1E0000,522059776, 0000000C
838,80007C6F,-2147451793, 1F1BC000,521912320,8
840,C0007C65,-1073709979, 1F194000,521748480, 0000000C
842,E0007C5C,-536839076, 1F170000,521601024, 0000000E
844,20007D32,536902962, 1F4C8000,525107200,2
846,80007D2E,-2147451602, 1F4B8000,525041664,8
848,00007D27,32039, 1F49C000,524926976,0
850,C0007D1D,-1073709795, 1F474000,524763136, 0000000C
852,60007D14,1610644756, 1F450000,524615680,6
854,40007D0C,1073773836, 1F430000,524484608,4
856,E0007D04,-536838908, 1F410000,524353536, 0000000E
858,E0007CB0,-536838992, 1F2C0000,522977280, 0000000E
860,80007CBB,-2147451717, 1F2EC000,523157504,8
862,60007CC7,1610644679, 1F31C000,523354112,6
864,A0007CD3,-1610580781, 1F34C000,523550720, 0000000A
866,60007CE0,1610644704, 1F380000,523763712,6
868,E0007CEE,-536838930, 1F3B8000,523993088, 0000000E
870,00007C11,31761, 1F044000,520372224,0
872,C0007C15,-1073710059, 1F054000,520437760, 0000000C
874,80007C1A,-2147451878, 1F068000,520519680,8
876,C0007C1E,-1073710050, 1F078000,520585216, 0000000C
878,A0007C23,-1610580957, 1F08C000,520667136, 0000000A
880,60007C29,1610644521, 1F0A4000,520765440,6
882,C0007C31,-1073710031, 1F0C4000,520896512, 0000000C
884,E0007C42,-536839102, 1F108000,521175040, 0000000E
886,60007C39,1610644537, 1F0E4000,521027584,6
888,40007C32,1073773618, 1F0C8000,520912896,4
890,20007C2C,536902700, 1F0B0000,520814592,2
892,80007C26,-2147451866, 1F098000,520716288,8
894,40007C22,1073773602, 1F088000,520650752,4
896,C0007CF8,-1073709832, 1F3E0000,524156928, 0000000C
898,A0007CEE,-1610580754, 1F3B8000,523993088, 0000000A
900,60007CE1,1610644705, 1F384000,523780096,6
902,C0007CD3,-1073709869, 1F34C000,523550720, 0000000C
904,E0007CC7,-536838969, 1F31C000,523354112, 0000000E
906,80007CBB,-2147451717, 1F2EC000,523157504,8
908,20007CAE,536902830, 1F2B8000,522944512,2
910,A0007D0B,-1610580725, 1F42C000,524468224, 0000000A
912,80007D14,-2147451628, 1F450000,524615680,8
914,A0007D1B,-1610580709, 1F46C000,524730368, 0000000A
916,E0007D21,-536838879, 1F484000,524828672, 0000000E
918,60007D26,1610644774, 1F498000,524910592,6
920,60007D28,1610644776, 1F4A0000,524943360,6
922,00007C3E,31806, 1F0F8000,521109504,0
924,C0007C46,-1073710010, 1F118000,521240576, 0000000C
926,C0007C52,-1073709998, 1F148000,521437184, 0000000C
928,A0007C62,-1610580894, 1F188000,521699328, 0000000A
930,80007C73,-2147451789, 1F1CC000,521977856,8
932,20007C83,536902787, 1F20C000,522240000,2
934,A0007C18,-1610580968, 1F060000,520486912, 0000000A
936,C0007C12,-1073710062, 1F048000,520388608, 0000000C
938,80007C0E,-2147451890, 1F038000,520323072,8
940,00007C09,31753, 1F024000,520241152,0
942,E0007C02,-536839166, 1F008000,520126464, 0000000E
944,A0007BFF,-1610580993, 1EFFC000,520077312, 0000000A
946,40007BFD,1073773565, 1EFF4000,520044544,4
948,E0007C9E,-536839010, 1F278000,522682368, 0000000E
950,60007C93,1610644627, 1F24C000,522502144,6
952,40007C89,1073773705, 1F224000,522338304,4
954,20007C81,536902785, 1F204000,522207232,2
956,80007C7A,-2147451782, 1F1E8000,522092544,8
958,40007C73,1073773683, 1F1CC000,521977856,4
960,E0007D27,-536838873, 1F49C000,524926976, 0000000E
962,A0007D2A,-1610580694, 1F4A8000,524976128, 0000000A
964,20007D2D,536902957, 1F4B4000,525025280,2
966,00007D2D,32045, 1F4B4000,525025280,0
968,00007D29,32041, 1F4A4000,524959744,0
970,80007D21,-2147451615, 1F484000,524828672,8
972,00007D18,32024, 1F460000,524681216,0
974,80007C94,-2147451756, 1F250000,522518528,8
976,A0007C9C,-1610580836, 1F270000,522649600, 0000000A
978,60007CA6,1610644646, 1F298000,522813440,6
980,00007CB2,31922, 1F2C8000,523010048,0
982,20007CBE,536902846, 1F2F8000,523206656,2
984,A0007CCA,-1610580790, 1F328000,523403264, 0000000A
986,80007CD6,-2147451690, 1F358000,523599872,8
988,60007C04,1610644484, 1F010000,520159232,6
990,00007C0C,31756, 1F030000,520290304,0
992,80007C11,-2147451887, 1F044000,520372224,8
994,00007C14,31764, 1F050000,520421376,0
996,40007C19,1073773593, 1F064000,520503296,4
998,60007C1E,1610644510, 1F078000,520585216,6
1000,C0007C5F,-1073709985, 1F17C000,521650176, 0000000C
1002,40007C54,1073773652, 1F150000,521469952,4
1004,C0007C48,-1073710008, 1F120000,521273344, 0000000C
1006,80007C3E,-2147451842, 1F0F8000,521109504,8
1008,20007C34,536902708, 1F0D0000,520945664,2
1010,40007C2C,1073773612, 1F0B0000,520814592,4
1012,A0007D0B,-1610580725, 1F42C000,524468224, 0000000A
1014,40007D03,1073773827, 1F40C000,524337152,4
1016,40007CFB,1073773819, 1F3EC000,524206080,4
1018,60007CF2,1610644722, 1F3C8000,524058624,6
1020,40007CE7,1073773799, 1F39C000,523878400,4
1022,80007CDA,-2147451686, 1F368000,523665408,8
1024,A0007CCE,-1610580786, 1F338000,523468800, 0000000A
1026,00007CE6,31974, 1F398000,523862016,0
1028,40007CF5,1073773813, 1F3D4000,524107776,4
1030,E0007D02,-536838910, 1F408000,524320768, 0000000E
1032,60007D0D,1610644749, 1F434000,524500992,6
1034,20007D15,536902933, 1F454000,524632064,2
1036,40007D1B,1073773851, 1F46C000,524730368,4
1038,C0007C23,-1073710045, 1F08C000,520667136, 0000000C
1040,60007C2B,1610644523, 1F0AC000,520798208,6
1042,80007C34,-2147451852, 1F0D0000,520945664,8
1044,E0007C3C,-536839108, 1F0F0000,521076736, 0000000E
1046,60007C46,1610644550, 1F118000,521240576,6
1048,A0007C53,-1610580909, 1F14C000,521453568, 0000000A
1050,40007C29,1073773609, 1F0A4000,520765440,4
1052,E0007C23,-536839133, 1F08C000,520667136, 0000000E
1054,40007C1F,1073773599, 1F07C000,520601600,4
1056,60007C19,1610644505, 1F064000,520503296,6
1058,40007C13,1073773587, 1F04C000,520404992,4
1060,40007C0D,1073773581, 1F034000,520306688,4
1062,00007C06,31750, 1F018000,520192000,0
1064,00007CC4,31940, 1F310000,523304960,0
1066,C0007CB6,-1073709898, 1F2D8000,523075584, 0000000C
1068,40007CA9,1073773737, 1F2A4000,522862592,4
1070,A0007C9A,-1610580838, 1F268000,522616832, 0000000A
1072,40007C8E,1073773710, 1F238000,522420224,4
1074,E0007C86,-536839034, 1F218000,522289152, 0000000E
1076,00007D22,32034, 1F488000,524845056,0
1078,20007D25,536902949, 1F494000,524894208,2
1080,40007D27,1073773863, 1F49C000,524926976,4
1082,E0007D29,-536838871, 1F4A4000,524959744, 0000000E
1084,A0007D2C,-1610580692, 1F4B0000,525008896, 0000000A
1086,C0007D2E,-1073709778, 1F4B8000,525041664, 0000000C
1088,80007D2D,-2147451603, 1F4B4000,525025280,8
1090,00007C76,31862, 1F1D8000,522027008,0
1092,C0007C84,-1073709948, 1F210000,522256384, 0000000C
1094,A0007C8F,-1610580849, 1F23C000,522436608, 0000000A
1096,E0007C98,-536839016, 1F260000,522584064, 0000000E
1098,E0007CA1,-536839007, 1F284000,522731520, 0000000E
1100,80007CAA,-2147451734, 1F2A8000,522878976,8
1102,C0007C03,-1073710077, 1F00C000,520142848, 0000000C
1104,20007C00,536902656, 1F000000,520093696,2
1106,00007C01,31745, 1F004000,520110080,0
1108,80007C04,-2147451900, 1F010000,520159232,8
1110,C0007C08,-1073710072, 1F020000,520224768, 0000000C
1112,40007C0F,1073773583, 1F03C000,520339456,4
1114,E0007C82,-536839038, 1F208000,522223616, 0000000E
1116,A0007C7C,-1610580868, 1F1F0000,522125312, 0000000A
1118,C0007C75,-1073709963, 1F1D4000,522010624, 0000000C
1120,80007C6D,-2147451795, 1F1B4000,521879552,8
1122,40007C65,1073773669, 1F194000,521748480,4
1124,20007C5D,536902749, 1F174000,521617408,2
1126,40007C51,1073773649, 1F144000,521420800,4
1128,A0007D25,-1610580699, 1F494000,524894208, 0000000A
1130,00007D1D,32029, 1F474000,524763136,0
1132,A0007D13,-1610580717, 1F44C000,524599296, 0000000A
1134,E0007D0A,-536838902, 1F428000,524451840, 0000000E
1136,E0007D02,-536838910, 1F408000,524320768, 0000000E
1138,C0007CFB,-1073709829, 1F3EC000,524206080, 0000000C
1140,00007CB6,31926, 1F2D8000,523075584,0
1142,40007CC0,1073773760, 1F300000,523239424,4
1144,00007CCC,31948, 1F330000,523436032,0
1146,40007CD8,1073773784, 1F360000,523632640,4
1148,20007CE6,536902886, 1F398000,523862016,2
1150,20007CF5,536902901, 1F3D4000,524107776,2
1152,00007D02,32002, 1F408000,524320768,0
1154,A0007C1B,-1610580965, 1F06C000,520536064, 0000000A
1156,40007C21,1073773601, 1F084000,520634368,4
1158,E0007C23,-536839133, 1F08C000,520667136, 0000000E
1160,C0007C28,-1073710040, 1F0A0000,520749056, 0000000C
1162,A0007C30,-1610580944, 1F0C0000,520880128, 0000000A
1164,60007C37,1610644535, 1F0DC000,520994816,6
1166,20007C3F,536902719, 1F0FC000,521125888,2
1168,20007C36,536902710, 1F0D8000,520978432,2
1170,20007C2E,536902702, 1F0B8000,520847360,2
1172,60007C2A,1610644522, 1F0A8000,520781824,6
1174,A0007C25,-1610580955, 1F094000,520699904, 0000000A
1176,60007C21,1610644513, 1F084000,520634368,6
1178,C0007CEF,-1073709841, 1F3BC000,524009472, 0000000C
1180,00007CE4,31972, 1F390000,523829248,0
1182,80007CD6,-2147451690, 1F358000,523599872,8
1184,C0007CCA,-1073709878, 1F328000,523403264, 0000000C
1186,20007CC0,536902848, 1F300000,523239424,2
1188,20007CB3,536902835, 1F2CC000,523026432,2
1190,40007CA6,1073773734, 1F298000,522813440,4
1192,00007D0D,32013, 1F434000,524500992,0
1194,A0007D14,-1610580716, 1F450000,524615680, 0000000A
1196,20007D1A,536902938, 1F468000,524713984,2
1198,80007D1F,-2147451617, 1F47C000,524795904,8
1200,60007D22,1610644770, 1F488000,524845056,6
1202,60007D24,1610644772, 1F490000,524877824,6
1204,20007C43,536902723, 1F10C000,521191424,2
1206,40007C4D,1073773645, 1F134000,521355264,4
1208,40007C5A,1073773658, 1F168000,521568256,4
1210,E0007C6A,-536839062, 1F1A8000,521830400, 0000000E
1212,60007C7B,1610644603, 1F1EC000,522108928,6
1214,00007C88,31880, 1F220000,522321920,0
1216,E0007C92,-536839022, 1F248000,522485760, 0000000E
1218,80007C1A,-2147451878, 1F068000,520519680,8
1220,20007C15,536902677, 1F054000,520437760,2
1222,60007C0F,1610644495, 1F03C000,520339456,6
1224,80007C07,-2147451897, 1F01C000,520208384,8
1226,00007C05,31749, 1F014000,520175616,0
1228,E0007C05,-536839163, 1F014000,520175616, 0000000E
1230,E0007C95,-536839019, 1F254000,522534912, 0000000E
1232,00007C8A,31882, 1F228000,522354688,0
1234,00007C81,31873, 1F204000,522207232,0
1236,A0007C79,-1610580871, 1F1E4000,522076160, 0000000A
1238,00007C73,31859, 1F1CC000,521977856,0
1240,A0007C6B,-1610580885, 1F1AC000,521846784, 0000000A
1242,A0007C63,-1610580893, 1F18C000,521715712, 0000000A
1244,A0007D28,-1610580696, 1F4A0000,524943360, 0000000A
1246,C0007D2A,-1073709782, 1F4A8000,524976128, 0000000C
1248,60007D28,1610644776, 1F4A0000,524943360,6
1250,A0007D21,-1610580703, 1F484000,524828672, 0000000A
1252,60007D18,1610644760, 1F460000,524681216,6
1254,80007D0E,-2147451634, 1F438000,524517376,8
1256,00007C9C,31900, 1F270000,522649600,0
1258,40007CA4,1073773732, 1F290000,522780672,4
1260,60007CAE,1610644654, 1F2B8000,522944512,6
1262,00007CBA,31930, 1F2E8000,523141120,0
1264,E0007CC5,-536838971, 1F314000,523321344, 0000000E
1266,E0007CD1,-536838959, 1F344000,523517952, 0000000E
1268,E0007C04,-536839164, 1F010000,520159232, 0000000E
1270,40007C0B,1073773579, 1F02C000,520273920,4
1272,80007C10,-2147451888, 1F040000,520355840,8
1274,C0007C15,-1073710059, 1F054000,520437760, 0000000C
1276,C0007C1C,-1073710052, 1F070000,520552448, 0000000C
1278,C0007C20,-1073710048, 1F080000,520617984, 0000000C
1280,A0007C24,-1610580956, 1F090000,520683520, 0000000A
1282,E0007C5D,-536839075, 1F174000,521617408, 0000000E
1284,E0007C50,-536839088, 1F140000,521404416, 0000000E
1286,C0007C45,-1073710011, 1F114000,521224192, 0000000C
1288,80007C3D,-2147451843, 1F0F4000,521093120,8
1290,00007C35,31797, 1F0D4000,520962048,0
1292,00007C30,31792, 1F0C0000,520880128,0
1294,00007D07,32007, 1F41C000,524402688,0
1296,A0007CFF,-1610580737, 1F3FC000,524271616, 0000000A
1298,C0007CF7,-1073709833, 1F3DC000,524140544, 0000000C
1300,E0007CED,-536838931, 1F3B4000,523976704, 0000000E
1302,C0007CE1,-1073709855, 1F384000,523780096, 0000000C
1304,20007CD5,536902869, 1F354000,523583488,2
1306,E0007CC9,-536838967, 1F324000,523386880, 0000000E
1308,60007CF1,1610644721, 1F3C4000,524042240,6
1310,E0007CFF,-536838913, 1F3FC000,524271616, 0000000E
1312,20007D0C,536902924, 1F430000,524484608,2
1314,A0007D14,-1610580716, 1F450000,524615680, 0000000A
1316,80007D1B,-2147451621, 1F46C000,524730368,8
1318,00007D21,32033, 1F484000,524828672,0
1320,40007C2D,1073773613, 1F0B4000,520830976,4
1322,C0007C35,-1073710027, 1F0D4000,520962048, 0000000C
1324,60007C3E,1610644542, 1F0F8000,521109504,6
1326,60007C47,1610644551, 1F11C000,521256960,6
1328,20007C54,536902740, 1F150000,521469952,2
1330,00007C63,31843, 1F18C000,521715712,0
1332,C0007C28,-1073710040, 1F0A0000,520749056, 0000000C
1334,60007C21,1610644513, 1F084000,520634368,6
1336,40007C1E,1073773598, 1F078000,520585216,4
1338,C0007C17,-1073710057, 1F05C000,520470528, 0000000C
1340,E0007C0F,-536839153, 1F03C000,520339456, 0000000E
1342,C0007C0B,-1073710069, 1F02C000,520273920, 0000000C
1344,E0007C04,-536839164, 1F010000,520159232, 0000000E
1346,A0007CB9,-1610580807, 1F2E4000,523124736, 0000000A
1348,C0007CAB,-1073709909, 1F2AC000,522895360, 0000000C
1350,20007C9E,536902814, 1F278000,522682368,2
1352,A0007C92,-1610580846, 1F248000,522485760, 0000000A
1354,E0007C88,-536839032, 1F220000,522321920, 0000000E
1356,80007C81,-2147451775, 1F204000,522207232,8
1358,C0007D22,-1073709790, 1F488000,524845056, 0000000C
1360,00007D24,32036, 1F490000,524877824,0
1362,20007D26,536902950, 1F498000,524910592,2
1364,C0007D28,-1073709784, 1F4A0000,524943360, 0000000C
1366,C0007D2A,-1073709782, 1F4A8000,524976128, 0000000C
1368,C0007D2A,-1073709782, 1F4A8000,524976128, 0000000C
1370,40007C72,1073773682, 1F1C8000,521961472,4
1372,60007C81,1610644609, 1F204000,522207232,6
1374,80007C8C,-2147451764, 1F230000,522387456,8
1376,E0007C95,-536839019, 1F254000,522534912, 0000000E
1378,40007C9D,1073773725, 1F274000,522665984,4
1380,A0007CA4,-1610580828, 1F290000,522780672, 0000000A
1382,60007CAF,1610644655, 1F2BC000,522960896,6
1384,40007BFF,1073773567, 1EFFC000,520077312,4
1386,80007BFE,-2147451906, 1EFF8000,520060928,8
1388,20007C00,536902656, 1F000000,520093696,2
1390,40007C04,1073773572, 1F010000,520159232,4
1392,E0007C0A,-536839158, 1F028000,520257536, 0000000E
1394,60007C0F,1610644495, 1F03C000,520339456,6
1396,40007C78,1073773688, 1F1E0000,522059776,4
1398,E0007C71,-536839055, 1F1C4000,521945088, 0000000E
1400,A0007C69,-1610580887, 1F1A4000,521814016, 0000000A
1402,60007C61,1610644577, 1F184000,521682944,6
1404,20007C55,536902741, 1F154000,521486336,2
1406,20007C49,536902729, 1F124000,521289728,2
1408,E0007D26,-536838874, 1F498000,524910592, 0000000E
1410,A0007D1E,-1610580706, 1F478000,524779520, 0000000A
1412,A0007D14,-1610580716, 1F450000,524615680, 0000000A
1414,40007D0B,1073773835, 1F42C000,524468224,4
1416,20007D03,536902915, 1F40C000,524337152,2
1418,E0007CFB,-536838917, 1F3EC000,524206080, 0000000E
1420,20007CF3,536902899, 1F3CC000,524075008,2
1422,20007CC2,536902850, 1F308000,523272192,2
1424,20007CCF,536902863, 1F33C000,523485184,2
1426,00007CDC,31964, 1F370000,523698176,0
1428,40007CE9,1073773801, 1F3A4000,523911168,4
1430,A0007CF7,-1610580745, 1F3DC000,524140544, 0000000A
1432,60007D05,1610644741, 1F414000,524369920,6
1434,40007C17,1073773591, 1F05C000,520470528,4
1436,00007C1C,31772, 1F070000,520552448,0
1438,00007C20,31776, 1F080000,520617984,0
1440,40007C26,1073773606, 1F098000,520716288,4
1442,60007C2F,1610644527, 1F0BC000,520863744,6
1444,E0007C37,-536839113, 1F0DC000,520994816, 0000000E
1446,40007C40,1073773632, 1F100000,521142272,4
1448,00007C2F,31791, 1F0BC000,520863744,0
1450,60007C28,1610644520, 1F0A0000,520749056,6
1452,20007C25,536902693, 1F094000,520699904,2
1454,80007C1C,-2147451876, 1F070000,520552448,8
1456,20007C19,536902681, 1F064000,520503296,2
1458,E0007C15,-536839147, 1F054000,520437760, 0000000E
1460,E0007CE8,-536838936, 1F3A0000,523894784, 0000000E
1462,00007CDC,31964, 1F370000,523698176,0
1464,80007CD0,-2147451696, 1F340000,523501568,8
1466,80007CC4,-2147451708, 1F310000,523304960,8
1468,A0007CB5,-1610580811, 1F2D4000,523059200, 0000000A
1470,E0007CA6,-536839002, 1F298000,522813440, 0000000E
1472,E0007D16,-536838890, 1F458000,524648448, 0000000E
1474,40007D1E,1073773854, 1F478000,524779520,4
1476,60007D23,1610644771, 1F48C000,524861440,6
1478,40007D28,1073773864, 1F4A0000,524943360,4
1480,80007D2B,-2147451605, 1F4AC000,524992512,8
1482,60007D2D,1610644781, 1F4B4000,525025280,6
1484,80007D30,-2147451600, 1F4C0000,525074432,8
1486,20007C4B,536902731, 1F12C000,521322496,2
1488,20007C59,536902745, 1F164000,521551872,2
1490,A0007C6B,-1610580885, 1F1AC000,521846784, 0000000A
1492,C0007C7C,-1073709956, 1F1F0000,522125312, 0000000C
1494,60007C8B,1610644619, 1F22C000,522371072,6
1496,20007C97,536902807, 1F25C000,522567680,2
1498,C0007C0D,-1073710067, 1F034000,520306688, 0000000C
1500,C0007C06,-1073710074, 1F018000,520192000, 0000000C
1502,E0007BFE,-536839170, 1EFF8000,520060928, 0000000E
1504,60007BF8,1610644472, 1EFE0000,519962624,6
1506,40007BF5,1073773557, 1EFD4000,519913472,4
1508,A0007BF6,-1610581002, 1EFD8000,519929856, 0000000A
1510,60007C95,1610644629, 1F254000,522534912,6
1512,E0007C89,-536839031, 1F224000,522338304, 0000000E
1514,A0007C81,-1610580863, 1F204000,522207232, 0000000A
1516,60007C7A,1610644602, 1F1E8000,522092544,6
1518,A0007C73,-1610580877, 1F1CC000,521977856, 0000000A
1520,80007C6C,-2147451796, 1F1B0000,521863168,8
1522,A0007C60,-1610580896, 1F180000,521666560, 0000000A
1524,20007D39,536902969, 1F4E4000,525221888,2
1526,00007D39,32057, 1F4E4000,525221888,0
1528,20007D34,536902964, 1F4D0000,525139968,2
1530,40007D2B,1073773867, 1F4AC000,524992512,4
1532,A0007D20,-1610580704, 1F480000,524812288, 0000000A
1534,C0007D16,-1073709802, 1F458000,524648448, 0000000C
1536,20007C9E,536902814, 1F278000,522682368,2
1538,60007CA7,1610644647, 1F29C000,522829824,6
1540,C0007CB2,-1073709902, 1F2C8000,523010048, 0000000C
1542,E0007CBF,-536838977, 1F2FC000,523223040, 0000000E
1544,40007CCD,1073773773, 1F334000,523452416,4
1546,C0007CD9,-1073709863, 1F364000,523649024, 0000000C
1548,00007BFA,31738, 1EFE8000,519995392,0
1550,80007BFF,-2147451905, 1EFFC000,520077312,8
1552,E0007C07,-536839161, 1F01C000,520208384, 0000000E
1554,80007C0F,-2147451889, 1F03C000,520339456,8
1556,40007C15,1073773589, 1F054000,520437760,4
1558,00007C19,31769, 1F064000,520503296,0
1560,A0007C1D,-1610580963, 1F074000,520568832, 0000000A
1562,00007C51,31825, 1F144000,521420800,0
1564,C0007C42,-1073710014, 1F108000,521175040, 0000000C
1566,A0007C37,-1610580937, 1F0DC000,520994816, 0000000A
1568,C0007C2E,-1073710034, 1F0B8000,520847360, 0000000C
1570,00007C21,31777, 1F084000,520634368,0
1572,00007C1D,31773, 1F074000,520568832,0
1574,20007D10,536902928, 1F440000,524550144,2
1576,00007D07,32007, 1F41C000,524402688,0
1578,40007CFD,1073773821, 1F3F4000,524238848,4
1580,C0007CF1,-1073709839, 1F3C4000,524042240, 0000000C
1582,E0007CE3,-536838941, 1F38C000,523812864, 0000000E
1584,A0007CD6,-1610580778, 1F358000,523599872, 0000000A
1586,60007CCA,1610644682, 1F328000,523403264,6
1588,A0007CFC,-1610580740, 1F3F0000,524222464, 0000000A
1590,20007D0C,536902924, 1F430000,524484608,2
1592,40007D18,1073773848, 1F460000,524681216,4
1594,20007D22,536902946, 1F488000,524845056,2
1596,60007D2A,1610644778, 1F4A8000,524976128,6
1598,C0007D2E,-1073709778, 1F4B8000,525041664, 0000000C
1600,00007C27,31783, 1F09C000,520732672,0
1602,80007C2F,-2147451857, 1F0BC000,520863744,8
1604,E0007C39,-536839111, 1F0E4000,521027584, 0000000E
1606,80007C44,-2147451836, 1F110000,521207808,8
1608,C0007C51,-1073709999, 1F144000,521420800, 0000000C
1610,A0007C62,-1610580894, 1F188000,521699328, 0000000A
1612,20007C1B,536902683, 1F06C000,520536064,2
1614,E0007C15,-536839147, 1F054000,520437760, 0000000E
1616,A0007C11,-1610580975, 1F044000,520372224, 0000000A
1618,60007C0B,1610644491, 1F02C000,520273920,6
1620,60007C03,1610644483, 1F00C000,520142848,6
1622,40007BFE,1073773566, 1EFF8000,520060928,4
1624,E0007BF7,-536839177, 1EFDC000,519946240, 0000000E
1626,80007CBB,-2147451717, 1F2EC000,523157504,8
1628,A0007CAB,-1610580821, 1F2AC000,522895360, 0000000A
1630,A0007C9D,-1610580835, 1F274000,522665984, 0000000A
1632,00007C91,31889, 1F244000,522469376,0
1634,00007C86,31878, 1F218000,522289152,0
1636,C0007C7E,-1073709954, 1F1F8000,522158080, 0000000C
1638,20007D34,536902964, 1F4D0000,525139968,2
1640,20007D36,536902966, 1F4D8000,525172736,2
1642,00007D38,32056, 1F4E0000,525205504,0
1644,60007D3B,1610644795, 1F4EC000,525254656,6
1646,20007D3D,536902973, 1F4F4000,525287424,2
1648,60007D3B,1610644795, 1F4EC000,525254656,6
1650,E0007D35,-536838859, 1F4D4000,525156352, 0000000E
1652,40007C86,1073773702, 1F218000,522289152,4
1654,C0007C90,-1073709936, 1F240000,522452992, 0000000C
1656,60007C9B,1610644635, 1F26C000,522633216,6
1658,00007CA5,31909, 1F294000,522797056,0
1660,00007CAD,31917, 1F2B4000,522928128,0
1662,00007CB9,31929, 1F2E4000,523124736,0
1664,E0007BF4,-536839180, 1EFD0000,519897088, 0000000E
1666,40007BF5,1073773557, 1EFD4000,519913472,4
1668,80007BF9,-2147451911, 1EFE4000,519979008,8
1670,C0007BFC,-1073710084, 1EFF0000,520028160, 0000000C
1672,00007C04,31748, 1F010000,520159232,0
1674,E0007C0C,-536839156, 1F030000,520290304, 0000000E
1676,80007C11,-2147451887, 1F044000,520372224,8
1678,C0007C6D,-1073709971, 1F1B4000,521879552, 0000000C
1680,40007C63,1073773667, 1F18C000,521715712,4
1682,80007C58,-2147451816, 1F160000,521535488,8
1684,A0007C4C,-1610580916, 1F130000,521338880, 0000000A
1686,E0007C3E,-536839106, 1F0F8000,521109504, 0000000E
1688,A0007C34,-1610580940, 1F0D0000,520945664, 0000000A
1690,00007D2A,32042, 1F4A8000,524976128,0
1692,00007D20,32032, 1F480000,524812288,0
1694,60007D16,1610644758, 1F458000,524648448,6
1696,E0007D0D,-536838899, 1F434000,524500992, 0000000E
1698,20007D05,536902917, 1F414000,524369920,2
1700,00007CFB,31995, 1F3EC000,524206080,0
1702,60007CEE,1610644718, 1F3B8000,523993088,6
1704,00007CD8,31960, 1F360000,523632640,0
1706,00007CE6,31974, 1F398000,523862016,0
1708,E0007CF4,-536838924, 1F3D0000,524091392, 0000000E
1710,00007D05,32005, 1F414000,524369920,0
1712,40007D14,1073773844, 1F450000,524615680,4
1714,00007D1F,32031, 1F47C000,524795904,0
1716,00007C16,31766, 1F058000,520454144,0
1718,80007C1A,-2147451878, 1F068000,520519680,8
1720,C0007C22,-1073710046, 1F088000,520650752, 0000000C
1722,60007C2C,1610644524, 1F0B0000,520814592,6
1724,20007C35,536902709, 1F0D4000,520962048,2
1726,40007C3F,1073773631, 1F0FC000,521125888,4
1728,C0007C4B,-1073710005, 1F12C000,521322496, 0000000C
1730,60007C15,1610644501, 1F054000,520437760,6
1732,C0007C12,-1073710062, 1F048000,520388608, 0000000C
1734,80007C10,-2147451888, 1F040000,520355840,8
1736,C0007C0A,-1073710070, 1F028000,520257536, 0000000C
1738,40007C06,1073773574, 1F018000,520192000,4
1740,E0007BFE,-536839170, 1EFF8000,520060928, 0000000E
1742,80007CDD,-2147451683, 1F374000,523714560,8
1744,80007CCF,-2147451697, 1F33C000,523485184,8
1746,80007CC1,-2147451711, 1F304000,523255808,8
1748,80007CB1,-2147451727, 1F2C4000,522993664,8
1750,20007CA0,536902816, 1F280000,522715136,2
1752,40007C91,1073773713, 1F244000,522469376,4
1754,A0007D35,-1610580683, 1F4D4000,525156352, 0000000A
1756,40007D3B,1073773883, 1F4EC000,525254656,4
1758,A0007D3E,-1610580674, 1F4F8000,525303808, 0000000A
1760,00007D41,32065, 1F504000,525352960,0
1762,00007D43,32067, 1F50C000,525385728,0
1764,A0007D45,-1610580667, 1F514000,525418496, 0000000A
1766,40007D48,1073773896, 1F520000,525467648,4
1768,E0007C59,-536839079, 1F164000,521551872, 0000000E
1770,20007C6E,536902766, 1F1B8000,521895936,2
1772,60007C81,1610644609, 1F204000,522207232,6
1774,A0007C90,-1610580848, 1F240000,522452992, 0000000A
1776,A0007C9C,-1610580836, 1F270000,522649600, 0000000A
1778,20007CA7,536902823, 1F29C000,522829824,2
1780,60007BEB,1610644459, 1EFAC000,519749632,6
1782,80007BE4,-2147451932, 1EF90000,519634944,8
1784,00007BDF,31711, 1EF7C000,519553024,0
1786,80007BDF,-2147451937, 1EF7C000,519553024,8
1788,E0007BDF,-536839201, 1EF7C000,519553024, 0000000E
1790,60007BE5,1610644453, 1EF94000,519651328,6
1792,60007C84,1610644612, 1F210000,522256384,6
1794,00007C7B,31867, 1F1EC000,522108928,0
1796,80007C72,-2147451790, 1F1C8000,521961472,8
1798,60007C6B,1610644587, 1F1AC000,521846784,6
1800,C0007C61,-1073709983, 1F184000,521682944, 0000000C
1802,A0007C54,-1610580908, 1F150000,521469952, 0000000A
1804,60007C4A,1610644554, 1F128000,521306112,6
1806,E0007D4B,-536838837, 1F52C000,525516800, 0000000E
1808,A0007D46,-1610580666, 1F518000,525434880, 0000000A
1810,00007D3D,32061, 1F4F4000,525287424,0
1812,A0007D31,-1610580687, 1F4C4000,525090816, 0000000A
1814,C0007D26,-1073709786, 1F498000,524910592, 0000000C
1816,60007D1D,1610644765, 1F474000,524763136,6
1818,40007CB0,1073773744, 1F2C0000,522977280,4
1820,60007CBC,1610644668, 1F2F0000,523173888,6
1822,80007CCA,-2147451702, 1F328000,523403264,8
1824,80007CD7,-2147451689, 1F35C000,523616256,8
1826,60007CE5,1610644709, 1F394000,523845632,6
1828,60007CF4,1610644724, 1F3D0000,524091392,6
1830,40007BF5,1073773557, 1EFD4000,519913472,4
1832,A0007BFF,-1610580993, 1EFFC000,520077312, 0000000A
1834,00007C07,31751, 1F01C000,520208384,0
1836,A0007C0F,-1610580977, 1F03C000,520339456, 0000000A
1838,40007C15,1073773589, 1F054000,520437760,4
1840,20007C17,536902679, 1F05C000,520470528,2
1842,A0007C1D,-1610580963, 1F074000,520568832, 0000000A
1844,20007C3C,536902716, 1F0F0000,521076736,2
1846,40007C2F,1073773615, 1F0BC000,520863744,4
1848,20007C26,536902694, 1F098000,520716288,2
1850,80007C1B,-2147451877, 1F06C000,520536064,8
1852,60007C14,1610644500, 1F050000,520421376,6
1854,00007C10,31760, 1F040000,520355840,0
1856,A0007D09,-1610580727, 1F424000,524435456, 0000000A
1858,20007D00,536902912, 1F400000,524288000,2
1860,A0007CF4,-1610580748, 1F3D0000,524091392, 0000000A
1862,00007CE7,31975, 1F39C000,523878400,0
1864,00007CDA,31962, 1F368000,523665408,0
1866,00007CCD,31949, 1F334000,523452416,0
1868,C0007CBE,-1073709890, 1F2F8000,523206656, 0000000C
1870,00007D0F,32015, 1F43C000,524533760,0
1872,80007D1B,-2147451621, 1F46C000,524730368,8
1874,60007D25,1610644773, 1F494000,524894208,6
1876,20007D2F,536902959, 1F4BC000,525058048,2
1878,C0007D34,-1073709772, 1F4D0000,525139968, 0000000C
1880,A0007D36,-1610580682, 1F4D8000,525172736, 0000000A
1882,40007C2A,1073773610, 1F0A8000,520781824,4
1884,60007C34,1610644532, 1F0D0000,520945664,6
1886,A0007C3E,-1610580930, 1F0F8000,521109504, 0000000A
1888,20007C4A,536902730, 1F128000,521306112,2
1890,20007C5B,536902747, 1F16C000,521584640,2
1892,C0007C6E,-1073709970, 1F1B8000,521895936, 0000000C
1894,A0007C80,-1610580864, 1F200000,522190848, 0000000A
1896,80007C12,-2147451886, 1F048000,520388608,8
1898,60007C0B,1610644491, 1F02C000,520273920,6
1900,60007C03,1610644483, 1F00C000,520142848,6
1902,C0007BFC,-1073710084, 1EFF0000,520028160, 0000000C
1904,A0007BF5,-1610581003, 1EFD4000,519913472, 0000000A
1906,E0007BF0,-536839184, 1EFC0000,519831552, 0000000E
1908,E0007CAC,-536838996, 1F2B0000,522911744, 0000000E
1910,20007C9E,536902814, 1F278000,522682368,2
1912,80007C91,-2147451759, 1F244000,522469376,8
1914,00007C86,31878, 1F218000,522289152,0
1916,80007C7C,-2147451780, 1F1F0000,522125312,8
1918,C0007C75,-1073709963, 1F1D4000,522010624, 0000000C
1920,20007D33,536902963, 1F4CC000,525123584,2
1922,A0007D35,-1610580683, 1F4D4000,525156352, 0000000A
1924,A0007D39,-1610580679, 1F4E4000,525221888, 0000000A
1926,60007D3D,1610644797, 1F4F4000,525287424,6
1928,80007D3C,-2147451588, 1F4F0000,525271040,8
1930,00007D37,32055, 1F4DC000,525189120,0
1932,C0007D2D,-1073709779, 1F4B4000,525025280, 0000000C
1934,A0007C8B,-1610580853, 1F22C000,522371072, 0000000A
1936,00007C97,31895, 1F25C000,522567680,0
1938,40007CA1,1073773729, 1F284000,522731520,4
1940,00007CAA,31914, 1F2A8000,522878976,0
1942,00007CB6,31926, 1F2D8000,523075584,0
1944,40007CC2,1073773762, 1F308000,523272192,4
1946,A0007BF3,-1610581005, 1EFCC000,519880704, 0000000A
1948,40007BF7,1073773559, 1EFDC000,519946240,4
1950,20007BFC,536902652, 1EFF0000,520028160,2
1952,60007C03,1610644483, 1F00C000,520142848,6
1954,A0007C0B,-1610580981, 1F02C000,520273920, 0000000A
1956,40007C12,1073773586, 1F048000,520388608,4
1958,60007C16,1610644502, 1F058000,520454144,6
1960,E0007C64,-536839068, 1F190000,521732096, 0000000E
1962,80007C59,-2147451815, 1F164000,521551872,8
1964,C0007C4E,-1073710002, 1F138000,521371648, 0000000C
1966,20007C42,536902722, 1F108000,521175040,2
1968,00007C37,31799, 1F0DC000,520994816,0
1970,20007C2E,536902702, 1F0B8000,520847360,2
1972,40007D20,1073773856, 1F480000,524812288,4
1974,E0007D16,-536838890, 1F458000,524648448, 0000000E
1976,80007D0E,-2147451634, 1F438000,524517376,8
1978,40007D06,1073773830, 1F418000,524386304,4
1980,C0007CFD,-1073709827, 1F3F4000,524238848, 0000000C
1982,40007CF3,1073773811, 1F3CC000,524075008,4
1984,A0007CD1,-1610580783, 1F344000,523517952, 0000000A
1986,20007CDE,536902878, 1F378000,523730944,2
1988,E0007CEA,-536838934, 1F3A8000,523927552, 0000000E
1990,40007CF9,1073773817, 1F3E4000,524173312,4
1992,60007D07,1610644743, 1F41C000,524402688,6
1994,20007D13,536902931, 1F44C000,524599296,2
1996,60007D1D,1610644765, 1F474000,524763136,6
1998,40007C1C,1073773596, 1F070000,520552448,4
