0,E0007CF5,-536838923, 1F3D4000,524107776, 0000000E
2,60007CFB,1610644731, 1F3EC000,524206080,6
4,60007D01,1610644737, 1F404000,524304384,6
6,20007D07,536902919, 1F41C000,524402688,2
8,20007D0D,536902925, 1F434000,524500992,2
10,C0007C44,-1073710012, 1F110000,521207808, 0000000C
12,20007C4E,536902734, 1F138000,521371648,2
14,00007C59,31833, 1F164000,521551872,0
16,C0007C64,-1073709980, 1F190000,521732096, 0000000C
18,40007C70,1073773680, 1F1C0000,521928704,4
20,60007C79,1610644601, 1F1E4000,522076160,6
22,E0007C80,-536839040, 1F200000,522190848, 0000000E
24,80007C2B,-2147451861, 1F0AC000,520798208,8
26,00007C23,31779, 1F08C000,520667136,0
28,00007C1D,31773, 1F074000,520568832,0
30,60007C19,1610644505, 1F064000,520503296,6
32,E0007C17,-536839145, 1F05C000,520470528, 0000000E
34,20007C19,536902681, 1F064000,520503296,2
36,00007CA2,31906, 1F288000,522747904,0
38,C0007C99,-1073709927, 1F264000,522600448, 0000000C
40,60007C94,1610644628, 1F250000,522518528,6
42,40007C90,1073773712, 1F240000,522452992,4
44,80007C8B,-2147451765, 1F22C000,522371072,8
46,80007C84,-2147451772, 1F210000,522256384,8
48,60007C7B,1610644603, 1F1EC000,522108928,6
50,A0007D18,-1610580712, 1F460000,524681216, 0000000A
52,C0007D1A,-1073709798, 1F468000,524713984, 0000000C
54,40007D19,1073773849, 1F464000,524697600,4
56,60007D15,1610644757, 1F454000,524632064,6
58,60007D0F,1610644751, 1F43C000,524533760,6
60,A0007D06,-1610580730, 1F418000,524386304, 0000000A
62,40007CFF,1073773823, 1F3FC000,524271616,4
64,40007C93,1073773715, 1F24C000,522502144,4
66,40007C9C,1073773724, 1F270000,522649600,4
68,00007CA7,31911, 1F29C000,522829824,0
70,20007CB1,536902833, 1F2C4000,522993664,2
72,20007CBE,536902846, 1F2F8000,523206656,2
74,60007CCC,1610644684, 1F330000,523436032,6
76,00007C21,31777, 1F084000,520634368,0
78,A0007C25,-1610580955, 1F094000,520699904, 0000000A
80,C0007C28,-1073710040, 1F0A0000,520749056, 0000000C
82,E0007C2A,-536839126, 1F0A8000,520781824, 0000000E
84,60007C2D,1610644525, 1F0B4000,520830976,6
86,00007C2F,31791, 1F0BC000,520863744,0
88,A0007C32,-1610580942, 1F0C8000,520912896, 0000000A
90,40007C65,1073773669, 1F194000,521748480,4
92,40007C5A,1073773658, 1F168000,521568256,4
94,00007C51,31825, 1F144000,521420800,0
96,C0007C4B,-1073710005, 1F12C000,521322496, 0000000C
98,40007C49,1073773641, 1F124000,521289728,4
100,60007C45,1610644549, 1F114000,521224192,6
102,C0007C42,-1073710014, 1F108000,521175040, 0000000C
104,E0007CF3,-536838925, 1F3CC000,524075008, 0000000E
106,80007CF0,-2147451664, 1F3C0000,524025856,8
108,00007CEA,31978, 1F3A8000,523927552,0
110,00007CE1,31969, 1F384000,523780096,0
112,20007CD7,536902871, 1F35C000,523616256,2
114,A0007CCA,-1610580790, 1F328000,523403264, 0000000A
116,20007CE2,536902882, 1F388000,523796480,2
118,C0007CEA,-1073709846, 1F3A8000,523927552, 0000000C
120,E0007CF1,-536838927, 1F3C4000,524042240, 0000000E
122,20007CF8,536902904, 1F3E0000,524156928,2
124,20007CFE,536902910, 1F3F8000,524255232,2
126,40007D03,1073773827, 1F40C000,524337152,4
128,C0007D07,-1073709817, 1F41C000,524402688, 0000000C
130,C0007C40,-1073710016, 1F100000,521142272, 0000000C
132,A0007C49,-1610580919, 1F124000,521289728, 0000000A
134,60007C55,1610644565, 1F154000,521486336,6
136,80007C61,-2147451807, 1F184000,521682944,8
138,20007C6D,536902765, 1F1B4000,521879552,2
140,A0007C77,-1610580873, 1F1DC000,522043392, 0000000A
142,E0007C3E,-536839106, 1F0F8000,521109504, 0000000E
144,00007C37,31799, 1F0DC000,520994816,0
146,40007C2E,1073773614, 1F0B8000,520847360,4
148,A0007C26,-1610580954, 1F098000,520716288, 0000000A
150,60007C1F,1610644511, 1F07C000,520601600,6
152,E0007C1A,-536839142, 1F068000,520519680, 0000000E
154,00007C1A,31770, 1F068000,520519680,0
156,A0007CAA,-1610580822, 1F2A8000,522878976, 0000000A
158,80007CA0,-2147451744, 1F280000,522715136,8
160,60007C9A,1610644634, 1F268000,522616832,6
162,20007C96,536902806, 1F258000,522551296,2
164,80007C91,-2147451759, 1F244000,522469376,8
166,E0007C8A,-536839030, 1F228000,522354688, 0000000E
168,E0007D10,-536838896, 1F440000,524550144, 0000000E
170,80007D16,-2147451626, 1F458000,524648448,8
172,80007D19,-2147451623, 1F464000,524697600,8
174,00007D1A,32026, 1F468000,524713984,0
176,20007D18,536902936, 1F460000,524681216,2
178,00007D13,32019, 1F44C000,524599296,0
180,60007D0B,1610644747, 1F42C000,524468224,6
182,20007C87,536902791, 1F21C000,522305536,2
184,A0007C8E,-1610580850, 1F238000,522420224, 0000000A
186,C0007C96,-1073709930, 1F258000,522551296, 0000000C
188,20007CA0,536902816, 1F280000,522715136,2
190,A0007CA9,-1610580823, 1F2A4000,522862592, 0000000A
192,C0007CB4,-1073709900, 1F2D0000,523042816, 0000000C
194,A0007C1C,-1610580964, 1F070000,520552448, 0000000A
196,C0007C1E,-1073710050, 1F078000,520585216, 0000000C
198,20007C22,536902690, 1F088000,520650752,2
200,80007C26,-2147451866, 1F098000,520716288,8
202,A0007C29,-1610580951, 1F0A4000,520765440, 0000000A
204,C0007C2B,-1073710037, 1F0AC000,520798208, 0000000C
206,20007C84,536902788, 1F210000,522256384,2
208,A0007C7B,-1610580869, 1F1EC000,522108928, 0000000A
210,40007C6F,1073773679, 1F1BC000,521912320,4
212,E0007C61,-536839071, 1F184000,521682944, 0000000E
214,20007C59,536902745, 1F164000,521551872,2
216,60007C53,1610644563, 1F14C000,521453568,6
218,C0007C4E,-1073710002, 1F138000,521371648, 0000000C
220,E0007D02,-536838910, 1F408000,524320768, 0000000E
222,E0007CFB,-536838917, 1F3EC000,524206080, 0000000E
224,C0007CF6,-1073709834, 1F3D8000,524124160, 0000000C
226,40007CF2,1073773810, 1F3C8000,524058624,4
228,A0007CED,-1610580755, 1F3B4000,523976704, 0000000A
230,60007CE7,1610644711, 1F39C000,523878400,6
232,40007CC6,1073773766, 1F318000,523337728,4
234,40007CD3,1073773779, 1F34C000,523550720,4
236,E0007CDE,-536838946, 1F378000,523730944, 0000000E
238,E0007CE8,-536838936, 1F3A0000,523894784, 0000000E
240,A0007CF0,-1610580752, 1F3C0000,524025856, 0000000A
242,80007CF7,-2147451657, 1F3DC000,524140544,8
244,20007CFD,536902909, 1F3F4000,524238848,2
246,60007C30,1610644528, 1F0C0000,520880128,6
248,E0007C34,-536839116, 1F0D0000,520945664, 0000000E
250,00007C3B,31803, 1F0EC000,521060352,0
252,00007C43,31811, 1F10C000,521191424,0
254,C0007C4C,-1073710004, 1F130000,521338880, 0000000C
256,80007C57,-2147451817, 1F15C000,521519104,8
258,00007C48,31816, 1F120000,521273344,0
260,00007C45,31813, 1F114000,521224192,0
262,C0007C40,-1073710016, 1F100000,521142272, 0000000C
264,20007C3B,536902715, 1F0EC000,521060352,2
266,80007C33,-2147451853, 1F0CC000,520929280,8
268,A0007C2A,-1610580950, 1F0A8000,520781824, 0000000A
270,80007C22,-2147451870, 1F088000,520650752,8
272,C0007CD0,-1073709872, 1F340000,523501568, 0000000C
274,40007CC3,1073773763, 1F30C000,523288576,4
276,00007CB5,31925, 1F2D4000,523059200,0
278,00007CA9,31913, 1F2A4000,522862592,0
280,00007CA0,31904, 1F280000,522715136,0
282,E0007C99,-536839015, 1F264000,522600448, 0000000E
284,40007C95,1073773717, 1F254000,522534912,4
286,00007D07,32007, 1F41C000,524402688,0
288,40007D0C,1073773836, 1F430000,524484608,4
290,40007D12,1073773842, 1F448000,524582912,4
292,00007D17,32023, 1F45C000,524664832,0
294,C0007D19,-1073709799, 1F464000,524697600, 0000000C
296,40007D1A,1073773850, 1F468000,524713984,4
298,A0007C6E,-1610580882, 1F1B8000,521895936, 0000000A
300,20007C78,536902776, 1F1E0000,522059776,2
302,C0007C7F,-1073709953, 1F1FC000,522174464, 0000000C
304,80007C86,-2147451770, 1F218000,522289152,8
306,60007C8E,1610644622, 1F238000,522420224,6
308,40007C97,1073773719, 1F25C000,522567680,4
310,20007CA2,536902818, 1F288000,522747904,2
312,80007C1C,-2147451876, 1F070000,520552448,8
314,20007C1B,536902683, 1F06C000,520536064,2
316,40007C1C,1073773596, 1F070000,520552448,4
318,40007C1E,1073773598, 1F078000,520585216,4
320,20007C21,536902689, 1F084000,520634368,2
322,60007C24,1610644516, 1F090000,520683520,6
324,00007C8E,31886, 1F238000,522420224,0
326,80007C87,-2147451769, 1F21C000,522305536,8
328,80007C81,-2147451775, 1F204000,522207232,8
330,80007C77,-2147451785, 1F1DC000,522043392,8
332,20007C6A,536902762, 1F1A8000,521830400,2
334,E0007C5E,-536839074, 1F178000,521633792, 0000000E
336,A0007C55,-1610580907, 1F154000,521486336, 0000000A
338,20007D0E,536902926, 1F438000,524517376,2
340,00007D05,32005, 1F414000,524369920,0
342,C0007CFC,-1073709828, 1F3F0000,524222464, 0000000C
344,60007CF6,1610644726, 1F3D8000,524124160,6
346,A0007CF1,-1610580751, 1F3C4000,524042240, 0000000A
348,E0007CED,-536838931, 1F3B4000,523976704, 0000000E
350,C0007CAB,-1073709909, 1F2AC000,522895360, 0000000C
352,60007CB8,1610644664, 1F2E0000,523108352,6
354,20007CC6,536902854, 1F318000,523337728,2
356,80007CD2,-2147451694, 1F348000,523534336,8
358,60007CDE,1610644702, 1F378000,523730944,6
360,00007CE8,31976, 1F3A0000,523894784,0
362,C0007CEF,-1073709841, 1F3BC000,524009472, 0000000C
364,40007C2F,1073773615, 1F0BC000,520863744,4
366,60007C30,1610644528, 1F0C0000,520880128,6
368,40007C33,1073773619, 1F0CC000,520929280,4
370,C0007C37,-1073710025, 1F0DC000,520994816, 0000000C
372,00007C3D,31805, 1F0F4000,521093120,0
374,A0007C44,-1610580924, 1F110000,521207808, 0000000A
376,60007C4C,1610644556, 1F130000,521338880,6
378,20007C49,536902729, 1F124000,521289728,2
380,00007C45,31813, 1F114000,521224192,0
382,E0007C41,-536839103, 1F104000,521158656, 0000000E
384,20007C3E,536902718, 1F0F8000,521109504,2
386,C0007C37,-1073710025, 1F0DC000,520994816, 0000000C
388,00007C30,31792, 1F0C0000,520880128,0
390,80007CE3,-2147451677, 1F38C000,523812864,8
392,E0007CD9,-536838951, 1F364000,523649024, 0000000E
394,00007CCE,31950, 1F338000,523468800,0
396,60007CBF,1610644671, 1F2FC000,523223040,6
398,E0007CB0,-536838992, 1F2C0000,522977280, 0000000E
400,80007CA5,-2147451739, 1F294000,522797056,8
402,E0007CF7,-536838921, 1F3DC000,524140544, 0000000E
404,E0007CFC,-536838916, 1F3F0000,524222464, 0000000E
406,A0007D02,-1610580734, 1F408000,524320768, 0000000A
408,80007D08,-2147451640, 1F420000,524419072,8
410,E0007D0D,-536838899, 1F434000,524500992, 0000000E
412,40007D13,1073773843, 1F44C000,524599296,4
414,60007D18,1610644760, 1F460000,524681216,6
416,A0007C5A,-1610580902, 1F168000,521568256, 0000000A
418,E0007C65,-536839067, 1F194000,521748480, 0000000E
420,40007C71,1073773681, 1F1C4000,521945088,4
422,E0007C79,-536839047, 1F1E4000,522076160, 0000000E
424,A0007C80,-1610580864, 1F200000,522190848, 0000000A
426,80007C87,-2147451769, 1F21C000,522305536,8
428,40007C26,1073773606, 1F098000,520716288,4
430,20007C20,536902688, 1F080000,520617984,2
432,20007C1C,536902684, 1F070000,520552448,2
434,00007C1A,31770, 1F068000,520519680,0
436,60007C1B,1610644507, 1F06C000,520536064,6
438,E0007C1C,-536839140, 1F070000,520552448, 0000000E
440,C0007C1F,-1073710049, 1F07C000,520601600, 0000000C
442,20007C96,536902806, 1F258000,522551296,2
444,80007C90,-2147451760, 1F240000,522452992,8
446,20007C8B,536902795, 1F22C000,522371072,2
448,00007C85,31877, 1F214000,522272768,0
450,40007C7C,1073773692, 1F1F0000,522125312,4
452,60007C72,1610644594, 1F1C8000,521961472,6
454,E0007D18,-536838888, 1F460000,524681216, 0000000E
456,60007D17,1610644759, 1F45C000,524664832,6
458,00007D13,32019, 1F44C000,524599296,0
460,C0007D0B,-1073709813, 1F42C000,524468224, 0000000C
462,C0007D02,-1073709822, 1F408000,524320768, 0000000C
464,C0007CFA,-1073709830, 1F3E8000,524189696, 0000000C
466,80007CF5,-2147451659, 1F3D4000,524107776,8
468,20007C9B,536902811, 1F26C000,522633216,2
470,00007CA5,31909, 1F294000,522797056,0
472,C0007CB0,-1073709904, 1F2C0000,522977280, 0000000C
474,A0007CBD,-1610580803, 1F2F4000,523190272, 0000000A
476,A0007CCA,-1610580790, 1F328000,523403264, 0000000A
478,40007CD7,1073773783, 1F35C000,523616256,4
480,00007C24,31780, 1F090000,520683520,0
482,60007C26,1610644518, 1F098000,520716288,6
484,E0007C28,-536839128, 1F0A0000,520749056, 0000000E
486,60007C2A,1610644522, 1F0A8000,520781824,6
488,60007C2B,1610644523, 1F0AC000,520798208,6
490,80007C2F,-2147451857, 1F0BC000,520863744,8
492,00007C35,31797, 1F0D4000,520962048,0
494,A0007C58,-1610580904, 1F160000,521535488, 0000000A
496,E0007C51,-536839087, 1F144000,521420800, 0000000E
498,00007C4C,31820, 1F130000,521338880,0
500,60007C49,1610644553, 1F124000,521289728,6
502,E0007C46,-536839098, 1F118000,521240576, 0000000E
504,E0007C42,-536839102, 1F108000,521175040, 0000000E
506,60007CF0,1610644720, 1F3C0000,524025856,6
508,E0007CEB,-536838933, 1F3AC000,523943936, 0000000E
510,C0007CE5,-1073709851, 1F394000,523845632, 0000000C
512,00007CDE,31966, 1F378000,523730944,0
514,A0007CD3,-1610580781, 1F34C000,523550720, 0000000A
516,20007CC7,536902855, 1F31C000,523354112,2
518,80007CB9,-2147451719, 1F2E4000,523124736,8
520,20007CE9,536902889, 1F3A4000,523911168,2
522,60007CF0,1610644720, 1F3C0000,524025856,6
524,C0007CF6,-1073709834, 1F3D8000,524124160, 0000000C
526,20007CFC,536902908, 1F3F0000,524222464,2
528,40007D01,1073773825, 1F404000,524304384,4
530,40007D06,1073773830, 1F418000,524386304,4
532,E0007C42,-536839102, 1F108000,521175040, 0000000E
534,20007C4B,536902731, 1F12C000,521322496,2
536,60007C55,1610644565, 1F154000,521486336,6
538,00007C61,31841, 1F184000,521682944,0
540,80007C6D,-2147451795, 1F1B4000,521879552,8
542,20007C78,536902776, 1F1E0000,522059776,2
544,40007C80,1073773696, 1F200000,522190848,4
546,00007C36,31798, 1F0D8000,520978432,0
548,A0007C2C,-1610580948, 1F0B0000,520814592, 0000000A
550,20007C25,536902693, 1F094000,520699904,2
552,E0007C1F,-536839137, 1F07C000,520601600, 0000000E
554,00007C1D,31773, 1F074000,520568832,0
556,00007C1D,31773, 1F074000,520568832,0
558,40007C1E,1073773598, 1F078000,520585216,4
560,00007CA3,31907, 1F28C000,522764288,0
562,40007C9B,1073773723, 1F26C000,522633216,4
564,20007C95,536902805, 1F254000,522534912,2
566,C0007C90,-1073709936, 1F240000,522452992, 0000000C
568,A0007C8B,-1610580853, 1F22C000,522371072, 0000000A
570,80007C84,-2147451772, 1F210000,522256384,8
572,80007D14,-2147451628, 1F450000,524615680,8
574,20007D18,536902936, 1F460000,524681216,2
576,40007D19,1073773849, 1F464000,524697600,4
578,20007D17,536902935, 1F45C000,524664832,2
580,60007D11,1610644753, 1F444000,524566528,6
582,E0007D09,-536838903, 1F424000,524435456, 0000000E
584,20007D01,536902913, 1F404000,524304384,2
586,C0007C8E,-1073709938, 1F238000,522420224, 0000000C
588,A0007C96,-1610580842, 1F258000,522551296, 0000000A
590,20007C9F,536902815, 1F27C000,522698752,2
592,40007CA9,1073773737, 1F2A4000,522862592,4
594,00007CB5,31925, 1F2D4000,523059200,0
596,80007CC2,-2147451710, 1F308000,523272192,8
598,C0007C20,-1073710048, 1F080000,520617984, 0000000C
600,80007C24,-2147451868, 1F090000,520683520,8
602,A0007C29,-1610580951, 1F0A4000,520765440, 0000000A
604,C0007C2C,-1073710036, 1F0B0000,520814592, 0000000C
606,C0007C2D,-1073710035, 1F0B4000,520830976, 0000000C
608,80007C2E,-2147451858, 1F0B8000,520847360,8
610,A0007C7B,-1610580869, 1F1EC000,522108928, 0000000A
612,20007C70,536902768, 1F1C0000,521928704,2
614,00007C63,31843, 1F18C000,521715712,0
616,20007C59,536902745, 1F164000,521551872,2
618,80007C52,-2147451822, 1F148000,521437184,8
620,00007C4D,31821, 1F134000,521355264,0
622,E0007C4A,-536839094, 1F128000,521306112, 0000000E
624,40007CF8,1073773816, 1F3E0000,524156928,4
626,00007CF4,31988, 1F3D0000,524091392,0
628,E0007CEF,-536838929, 1F3BC000,524009472, 0000000E
630,60007CEA,1610644714, 1F3A8000,523927552,6
632,20007CE3,536902883, 1F38C000,523812864,2
634,20007CDA,536902874, 1F368000,523665408,2
636,C0007CCE,-1073709874, 1F338000,523468800, 0000000C
638,00007CDB,31963, 1F36C000,523681792,0
640,60007CE4,1610644708, 1F390000,523829248,6
642,A0007CEB,-1610580757, 1F3AC000,523943936, 0000000A
644,60007CF2,1610644722, 1F3C8000,524058624,6
646,00007CF8,31992, 1F3E0000,524156928,0
648,A0007CFD,-1610580739, 1F3F4000,524238848, 0000000A
650,C0007C37,-1073710025, 1F0DC000,520994816, 0000000C
652,A0007C3D,-1610580931, 1F0F4000,521093120, 0000000A
654,C0007C44,-1073710012, 1F110000,521207808, 0000000C
656,20007C4D,536902733, 1F134000,521355264,2
658,80007C58,-2147451816, 1F160000,521535488,8
660,E0007C64,-536839068, 1F190000,521732096, 0000000E
662,A0007C70,-1610580880, 1F1C0000,521928704, 0000000A
664,40007C3F,1073773631, 1F0FC000,521125888,4
666,C0007C39,-1073710023, 1F0E4000,521027584, 0000000C
668,80007C32,-2147451854, 1F0C8000,520912896,8
670,E0007C29,-536839127, 1F0A4000,520765440, 0000000E
672,20007C22,536902690, 1F088000,520650752,2
674,C0007C1C,-1073710052, 1F070000,520552448, 0000000C
676,20007CC3,536902851, 1F30C000,523288576,2
678,C0007CB5,-1073709899, 1F2D4000,523059200, 0000000C
680,E0007CA9,-536838999, 1F2A4000,522862592, 0000000E
682,E0007CA1,-536839007, 1F284000,522731520, 0000000E
684,60007C9B,1610644635, 1F26C000,522633216,6
686,40007C96,1073773718, 1F258000,522551296,4
688,60007D07,1610644743, 1F41C000,524402688,6
690,A0007D0B,-1610580725, 1F42C000,524468224, 0000000A
692,E0007D10,-536838896, 1F440000,524550144, 0000000E
694,C0007D15,-1073709803, 1F454000,524632064, 0000000C
696,20007D18,536902936, 1F460000,524681216,2
698,40007D18,1073773848, 1F460000,524681216,4
700,20007D15,536902933, 1F454000,524632064,2
702,C0007C7A,-1073709958, 1F1E8000,522092544, 0000000C
704,00007C82,31874, 1F208000,522223616,0
706,40007C88,1073773704, 1F220000,522321920,4
708,00007C90,31888, 1F240000,522452992,0
710,C0007C98,-1073709928, 1F260000,522584064, 0000000C
712,40007CA2,1073773730, 1F288000,522747904,4
714,C0007CAC,-1073709908, 1F2B0000,522911744, 0000000C
716,80007C1C,-2147451876, 1F070000,520552448,8
718,00007C1E,31774, 1F078000,520585216,0
720,C0007C1F,-1073710049, 1F07C000,520601600, 0000000C
722,A0007C24,-1610580956, 1F090000,520683520, 0000000A
724,00007C29,31785, 1F0A4000,520765440,0
726,60007C2B,1610644523, 1F0AC000,520798208,6
728,40007C87,1073773703, 1F21C000,522305536,4
730,60007C7F,1610644607, 1F1FC000,522174464,6
732,00007C76,31862, 1F1D8000,522027008,0
734,C0007C6A,-1073709974, 1F1A8000,521830400, 0000000C
736,20007C5F,536902751, 1F17C000,521650176,2
738,00007C57,31831, 1F15C000,521519104,0
740,80007C50,-2147451824, 1F140000,521404416,8
742,40007D07,1073773831, 1F41C000,524402688,4
744,80007CFE,-2147451650, 1F3F8000,524255232,8
746,60007CF8,1610644728, 1F3E0000,524156928,6
748,60007CF4,1610644724, 1F3D0000,524091392,6
750,80007CF0,-2147451664, 1F3C0000,524025856,8
752,C0007CEA,-1073709846, 1F3A8000,523927552, 0000000C
754,A0007CB8,-1610580808, 1F2E0000,523108352, 0000000A
756,E0007CC6,-536838970, 1F318000,523337728, 0000000E
758,80007CD3,-2147451693, 1F34C000,523550720,8
760,40007CDE,1073773790, 1F378000,523730944,4
762,40007CE7,1073773799, 1F39C000,523878400,4
764,E0007CED,-536838931, 1F3B4000,523976704, 0000000E
766,60007CF4,1610644724, 1F3D0000,524091392,6
768,00007C30,31792, 1F0C0000,520880128,0
770,E0007C32,-536839118, 1F0C8000,520912896, 0000000E
772,A0007C37,-1610580937, 1F0DC000,520994816, 0000000A
774,E0007C3D,-536839107, 1F0F4000,521093120, 0000000E
776,C0007C45,-1073710011, 1F114000,521224192, 0000000C
778,40007C4F,1073773647, 1F13C000,521388032,4
780,C0007C49,-1073710007, 1F124000,521289728, 0000000C
782,E0007C45,-536839099, 1F114000,521224192, 0000000E
784,40007C43,1073773635, 1F10C000,521191424,4
786,40007C41,1073773633, 1F104000,521158656,4
788,80007C3A,-2147451846, 1F0E8000,521043968,8
790,40007C32,1073773618, 1F0C8000,520912896,4
792,60007CDD,1610644701, 1F374000,523714560,6
794,80007CD4,-2147451692, 1F350000,523567104,8
796,E0007CC8,-536838968, 1F320000,523370496, 0000000E
798,80007CBA,-2147451718, 1F2E8000,523141120,8
800,20007CAD,536902829, 1F2B4000,522928128,2
802,C0007CA1,-1073709919, 1F284000,522731520, 0000000C
804,C0007C99,-1073709927, 1F264000,522600448, 0000000C
806,40007CFC,1073773820, 1F3F0000,524222464,4
808,40007D01,1073773825, 1F404000,524304384,4
810,80007D06,-2147451642, 1F418000,524386304,8
812,60007D0B,1610644747, 1F42C000,524468224,6
814,A0007D0F,-1610580721, 1F43C000,524533760, 0000000A
816,80007D13,-2147451629, 1F44C000,524599296,8
818,E0007C5A,-536839078, 1F168000,521568256, 0000000E
820,C0007C66,-1073709978, 1F198000,521764864, 0000000C
822,60007C72,1610644594, 1F1C8000,521961472,6
824,40007C7B,1073773691, 1F1EC000,522108928,4
826,20007C82,536902786, 1F208000,522223616,2
828,40007C89,1073773705, 1F224000,522338304,4
830,40007C90,1073773712, 1F240000,522452992,4
832,E0007C24,-536839132, 1F090000,520683520, 0000000E
834,C0007C1F,-1073710049, 1F07C000,520601600, 0000000C
836,00007C1E,31774, 1F078000,520585216,0
838,C0007C1F,-1073710049, 1F07C000,520601600, 0000000C
840,60007C22,1610644514, 1F088000,520650752,6
842,C0007C25,-1073710043, 1F094000,520699904, 0000000C
844,A0007C96,-1610580842, 1F258000,522551296, 0000000A
846,80007C92,-2147451758, 1F248000,522485760,8
848,E0007C8D,-536839027, 1F234000,522403840, 0000000E
850,C0007C86,-1073709946, 1F218000,522289152, 0000000C
852,E0007C7D,-536839043, 1F1F4000,522141696, 0000000E
854,20007C73,536902771, 1F1CC000,521977856,2
856,00007C67,31847, 1F19C000,521781248,0
858,E0007D13,-536838893, 1F44C000,524599296, 0000000E
860,C0007D0F,-1073709809, 1F43C000,524533760, 0000000C
862,C0007D08,-1073709816, 1F420000,524419072, 0000000C
864,C0007D00,-1073709824, 1F400000,524288000, 0000000C
866,40007CFA,1073773818, 1F3E8000,524189696,4
868,20007CF5,536902901, 1F3D4000,524107776,2
870,A0007C9A,-1610580838, 1F268000,522616832, 0000000A
872,00007CA4,31908, 1F290000,522780672,0
874,E0007CAE,-536838994, 1F2B8000,522944512, 0000000E
876,C0007CBB,-1073709893, 1F2EC000,523157504, 0000000C
878,40007CC8,1073773768, 1F320000,523370496,4
880,E0007CD3,-536838957, 1F34C000,523550720, 0000000E
882,C0007CDE,-1073709858, 1F378000,523730944, 0000000C
884,E0007C2D,-536839123, 1F0B4000,520830976, 0000000E
886,00007C2F,31791, 1F0BC000,520863744,0
888,00007C30,31792, 1F0C0000,520880128,0
890,E0007C31,-536839119, 1F0C4000,520896512, 0000000E
892,00007C36,31798, 1F0D8000,520978432,0
894,E0007C3B,-536839109, 1F0EC000,521060352, 0000000E
896,C0007C54,-1073709996, 1F150000,521469952, 0000000C
898,00007C4D,31821, 1F134000,521355264,0
900,C0007C48,-1073710008, 1F120000,521273344, 0000000C
902,00007C46,31814, 1F118000,521240576,0
904,20007C43,536902723, 1F10C000,521191424,2
906,E0007C3E,-536839106, 1F0F8000,521109504, 0000000E
908,80007C39,-2147451847, 1F0E4000,521027584,8
910,E0007CEB,-536838933, 1F3AC000,523943936, 0000000E
912,40007CE5,1073773797, 1F394000,523845632,4
914,A0007CDD,-1610580771, 1F374000,523714560, 0000000A
916,E0007CD3,-536838957, 1F34C000,523550720, 0000000E
918,60007CC7,1610644679, 1F31C000,523354112,6
920,40007CBA,1073773754, 1F2E8000,523141120,4
922,40007CED,1073773805, 1F3B4000,523976704,4
924,A0007CF3,-1610580749, 1F3CC000,524075008, 0000000A
926,60007CF9,1610644729, 1F3E4000,524173312,6
928,A0007CFD,-1610580739, 1F3F4000,524238848, 0000000A
930,E0007D01,-536838911, 1F404000,524304384, 0000000E
932,C0007D06,-1073709818, 1F418000,524386304, 0000000C
934,00007D0C,32012, 1F430000,524484608,0
936,80007C49,-2147451831, 1F124000,521289728,8
938,60007C53,1610644563, 1F14C000,521453568,6
940,A0007C5E,-1610580898, 1F178000,521633792, 0000000A
942,80007C6A,-2147451798, 1F1A8000,521830400,8
944,E0007C75,-536839051, 1F1D4000,522010624, 0000000E
946,40007C7E,1073773694, 1F1F8000,522158080,4
948,E0007C3B,-536839109, 1F0EC000,521060352, 0000000E
950,20007C33,536902707, 1F0CC000,520929280,2
952,00007C2B,31787, 1F0AC000,520798208,0
954,20007C25,536902693, 1F094000,520699904,2
956,E0007C21,-536839135, 1F084000,520634368, 0000000E
958,40007C20,1073773600, 1F080000,520617984,4
960,20007C21,536902689, 1F084000,520634368,2
962,C0007C9E,-1073709922, 1F278000,522682368, 0000000C
964,C0007C97,-1073709929, 1F25C000,522567680, 0000000C
966,A0007C92,-1610580846, 1F248000,522485760, 0000000A
968,C0007C8D,-1073709939, 1F234000,522403840, 0000000C
970,20007C88,536902792, 1F220000,522321920,2
972,00007C80,31872, 1F200000,522190848,0
974,E0007D0F,-536838897, 1F43C000,524533760, 0000000E
976,60007D13,1610644755, 1F44C000,524599296,6
978,60007D14,1610644756, 1F450000,524615680,6
980,40007D12,1073773842, 1F448000,524582912,4
982,00007D0D,32013, 1F434000,524500992,0
984,00007D05,32005, 1F414000,524369920,0
986,60007CFD,1610644733, 1F3F4000,524238848,6
988,A0007C8D,-1610580851, 1F234000,522403840, 0000000A
990,40007C96,1073773718, 1F258000,522551296,4
992,20007CA0,536902816, 1F280000,522715136,2
994,40007CAA,1073773738, 1F2A8000,522878976,4
996,E0007CB4,-536838988, 1F2D0000,523042816, 0000000E
998,60007CC1,1610644673, 1F304000,523255808,6
1000,40007C24,1073773604, 1F090000,520683520,4
1002,80007C28,-2147451864, 1F0A0000,520749056,8
1004,A0007C2B,-1610580949, 1F0AC000,520798208, 0000000A
1006,80007C2D,-2147451859, 1F0B4000,520830976,8
1008,A0007C2F,-1610580945, 1F0BC000,520863744, 0000000A
1010,00007C31,31793, 1F0C4000,520896512,0
1012,60007C33,1610644531, 1F0CC000,520929280,6
1014,C0007C6B,-1073709973, 1F1AC000,521846784, 0000000C
1016,80007C60,-2147451808, 1F180000,521666560,8
1018,20007C58,536902744, 1F160000,521535488,2
1020,E0007C51,-536839087, 1F144000,521420800, 0000000E
1022,40007C4E,1073773646, 1F138000,521371648,4
1024,40007C4C,1073773644, 1F130000,521338880,4
1026,E0007CF5,-536838923, 1F3D4000,524107776, 0000000E
1028,60007CF1,1610644721, 1F3C4000,524042240,6
1030,A0007CEC,-1610580756, 1F3B0000,523960320, 0000000A
1032,C0007CE6,-1073709850, 1F398000,523862016, 0000000C
1034,C0007CE0,-1073709856, 1F380000,523763712, 0000000C
1036,40007CD9,1073773785, 1F364000,523649024,4
1038,80007CD1,-2147451695, 1F344000,523517952,8
1040,40007CDC,1073773788, 1F370000,523698176,4
1042,80007CE5,-2147451675, 1F394000,523845632,8
1044,20007CED,536902893, 1F3B4000,523976704,2
1046,00007CF4,31988, 1F3D0000,524091392,0
1048,E0007CF8,-536838920, 1F3E0000,524156928, 0000000E
1050,00007CFE,31998, 1F3F8000,524255232,0
1052,E0007C38,-536839112, 1F0E0000,521011200, 0000000E
1054,00007C3E,31806, 1F0F8000,521109504,0
1056,40007C45,1073773637, 1F114000,521224192,4
1058,80007C4E,-2147451826, 1F138000,521371648,8
1060,A0007C59,-1610580903, 1F164000,521551872, 0000000A
1062,A0007C66,-1610580890, 1F198000,521764864, 0000000A
1064,00007C46,31814, 1F118000,521240576,0
1066,E0007C41,-536839103, 1F104000,521158656, 0000000E
1068,20007C3D,536902717, 1F0F4000,521093120,2
1070,A0007C35,-1610580939, 1F0D4000,520962048, 0000000A
1072,60007C2C,1610644524, 1F0B0000,520814592,6
1074,60007C25,1610644517, 1F094000,520699904,6
1076,C0007C21,-1073710047, 1F084000,520634368, 0000000C
1078,60007CBD,1610644669, 1F2F4000,523190272,6
1080,80007CAF,-2147451729, 1F2BC000,522960896,8
1082,A0007CA3,-1610580829, 1F28C000,522764288, 0000000A
1084,00007C9B,31899, 1F26C000,522633216,0
1086,00007C95,31893, 1F254000,522534912,0
1088,20007C91,536902801, 1F244000,522469376,2
1090,C0007D02,-1073709822, 1F408000,524320768, 0000000C
1092,80007D07,-2147451641, 1F41C000,524402688,8
1094,80007D0D,-2147451635, 1F434000,524500992,8
1096,60007D12,1610644754, 1F448000,524582912,6
1098,40007D14,1073773844, 1F450000,524615680,4
1100,80007D13,-2147451629, 1F44C000,524599296,8
1102,00007C71,31857, 1F1C4000,521945088,0
1104,80007C7A,-2147451782, 1F1E8000,522092544,8
1106,80007C81,-2147451775, 1F204000,522207232,8
1108,C0007C88,-1073709944, 1F220000,522321920, 0000000C
1110,80007C8F,-2147451761, 1F23C000,522436608,8
1112,E0007C97,-536839017, 1F25C000,522567680, 0000000E
1114,80007CA2,-2147451742, 1F288000,522747904,8
1116,00007C21,31777, 1F084000,520634368,0
1118,60007C21,1610644513, 1F084000,520634368,6
1120,40007C23,1073773603, 1F08C000,520667136,4
1122,80007C26,-2147451866, 1F098000,520716288,8
1124,A0007C29,-1610580951, 1F0A4000,520765440, 0000000A
1126,C0007C2D,-1073710035, 1F0B4000,520830976, 0000000C
1128,20007C8F,536902799, 1F23C000,522436608,2
1130,A0007C87,-1610580857, 1F21C000,522305536, 0000000A
1132,00007C7F,31871, 1F1FC000,522174464,0
1134,A0007C74,-1610580876, 1F1D0000,521994240, 0000000A
1136,00007C69,31849, 1F1A4000,521814016,0
1138,E0007C5E,-536839074, 1F178000,521633792, 0000000E
1140,00007C56,31830, 1F158000,521502720,0
1142,E0007D09,-536838903, 1F424000,524435456, 0000000E
1144,C0007D01,-1073709823, 1F404000,524304384, 0000000C
1146,C0007CF9,-1073709831, 1F3E4000,524173312, 0000000C
1148,80007CF4,-2147451660, 1F3D0000,524091392,8
1150,60007CF0,1610644720, 1F3C0000,524025856,6
1152,60007CEA,1610644714, 1F3A8000,523927552,6
1154,20007CB3,536902835, 1F2CC000,523026432,2
1156,A0007CBE,-1610580802, 1F2F8000,523206656, 0000000A
1158,60007CCB,1610644683, 1F32C000,523419648,6
1160,40007CD8,1073773784, 1F360000,523632640,4
1162,80007CE3,-2147451677, 1F38C000,523812864,8
1164,00007CEC,31980, 1F3B0000,523960320,0
1166,40007C2E,1073773614, 1F0B8000,520847360,4
1168,40007C2F,1073773615, 1F0BC000,520863744,4
1170,C0007C30,-1073710032, 1F0C0000,520880128, 0000000C
1172,40007C34,1073773620, 1F0D0000,520945664,4
1174,80007C39,-2147451847, 1F0E4000,521027584,8
1176,80007C40,-2147451840, 1F100000,521142272,8
1178,80007C48,-2147451832, 1F120000,521273344,8
1180,20007C4D,536902733, 1F134000,521355264,2
1182,40007C4A,1073773642, 1F128000,521306112,4
1184,C0007C47,-1073710009, 1F11C000,521256960, 0000000C
1186,C0007C43,-1073710013, 1F10C000,521191424, 0000000C
1188,20007C40,536902720, 1F100000,521142272,2
1190,20007C3A,536902714, 1F0E8000,521043968,2
1192,20007CE1,536902881, 1F384000,523780096,2
1194,80007CDA,-2147451686, 1F368000,523665408,8
1196,A0007CD1,-1610580783, 1F344000,523517952, 0000000A
1198,E0007CC4,-536838972, 1F310000,523304960, 0000000E
1200,80007CB6,-2147451722, 1F2D8000,523075584,8
1202,00007CA9,31913, 1F2A4000,522862592,0
1204,00007CF1,31985, 1F3C4000,524042240,0
1206,60007CF6,1610644726, 1F3D8000,524124160,6
1208,E0007CFA,-536838918, 1F3E8000,524189696, 0000000E
1210,60007CFF,1610644735, 1F3FC000,524271616,6
1212,E0007D04,-536838908, 1F410000,524353536, 0000000E
1214,40007D0A,1073773834, 1F428000,524451840,4
1216,60007D10,1610644752, 1F440000,524550144,6
1218,A0007C52,-1610580910, 1F148000,521437184, 0000000A
1220,A0007C5E,-1610580898, 1F178000,521633792, 0000000A
1222,C0007C6A,-1073709974, 1F1A8000,521830400, 0000000C
1224,20007C76,536902774, 1F1D8000,522027008,2
1226,A0007C7E,-1610580866, 1F1F8000,522158080, 0000000A
1228,40007C85,1073773701, 1F214000,522272768,4
1230,C0007C33,-1073710029, 1F0CC000,520929280, 0000000C
1232,40007C2C,1073773612, 1F0B0000,520814592,4
1234,60007C24,1610644516, 1F090000,520683520,6
1236,40007C20,1073773600, 1F080000,520617984,4
1238,60007C20,1610644512, 1F080000,520617984,6
1240,C0007C21,-1073710047, 1F084000,520634368, 0000000C
1242,80007CA3,-2147451741, 1F28C000,522764288,8
1244,00007C9C,31900, 1F270000,522649600,0
1246,40007C96,1073773718, 1F258000,522551296,4
1248,20007C91,536902801, 1F244000,522469376,2
1250,80007C8B,-2147451765, 1F22C000,522371072,8
1252,20007C83,536902787, 1F20C000,522240000,2
1254,E0007C79,-536839047, 1F1E4000,522076160, 0000000E
1256,40007D15,1073773845, 1F454000,524632064,4
1258,E0007D15,-536838891, 1F454000,524632064, 0000000E
1260,40007D13,1073773843, 1F44C000,524599296,4
1262,C0007D0E,-1073709810, 1F438000,524517376, 0000000C
1264,C0007D07,-1073709817, 1F41C000,524402688, 0000000C
1266,40007CFF,1073773823, 1F3FC000,524271616,4
1268,E0007C90,-536839024, 1F240000,522452992, 0000000E
1270,60007C98,1610644632, 1F260000,522584064,6
1272,A0007CA0,-1610580832, 1F280000,522715136, 0000000A
1274,C0007CAA,-1073709910, 1F2A8000,522878976, 0000000C
1276,00007CB6,31926, 1F2D8000,523075584,0
1278,80007CC2,-2147451710, 1F308000,523272192,8
1280,40007CCF,1073773775, 1F33C000,523485184,4
1282,80007C27,-2147451865, 1F09C000,520732672,8
1284,A0007C2B,-1610580949, 1F0AC000,520798208, 0000000A
1286,A0007C2F,-1610580945, 1F0BC000,520863744, 0000000A
1288,C0007C31,-1073710031, 1F0C4000,520896512, 0000000C
1290,00007C33,31795, 1F0CC000,520929280,0
1292,E0007C34,-536839116, 1F0D0000,520945664, 0000000E
1294,20007C6B,536902763, 1F1AC000,521846784,2
1296,40007C5F,1073773663, 1F17C000,521650176,4
1298,E0007C55,-536839083, 1F154000,521486336, 0000000E
1300,C0007C4E,-1073710002, 1F138000,521371648, 0000000C
1302,20007C4A,536902730, 1F128000,521306112,2
1304,C0007C47,-1073710009, 1F11C000,521256960, 0000000C
1306,E0007CF8,-536838920, 1F3E0000,524156928, 0000000E
1308,E0007CF4,-536838924, 1F3D0000,524091392, 0000000E
1310,C0007CF0,-1073709840, 1F3C0000,524025856, 0000000C
1312,00007CEB,31979, 1F3AC000,523943936,0
1314,A0007CE4,-1610580764, 1F390000,523829248, 0000000A
1316,A0007CDC,-1610580772, 1F370000,523698176, 0000000A
1318,40007CD2,1073773778, 1F348000,523534336,4
1320,60007CD8,1610644696, 1F360000,523632640,6
1322,A0007CE1,-1610580767, 1F384000,523780096, 0000000A
1324,80007CE8,-2147451672, 1F3A0000,523894784,8
1326,80007CEE,-2147451666, 1F3B8000,523993088,8
1328,40007CF3,1073773811, 1F3CC000,524075008,4
1330,E0007CF7,-536838921, 1F3DC000,524140544, 0000000E
1332,A0007C36,-1610580938, 1F0D8000,520978432, 0000000A
1334,40007C3C,1073773628, 1F0F0000,521076736,4
1336,E0007C43,-536839101, 1F10C000,521191424, 0000000E
1338,C0007C4C,-1073710004, 1F130000,521338880, 0000000C
1340,E0007C56,-536839082, 1F158000,521502720, 0000000E
1342,20007C63,536902755, 1F18C000,521715712,2
1344,60007C48,1610644552, 1F120000,521273344,6
1346,40007C44,1073773636, 1F110000,521207808,4
1348,80007C3F,-2147451841, 1F0FC000,521125888,8
1350,40007C38,1073773624, 1F0E0000,521011200,4
1352,40007C2F,1073773615, 1F0BC000,520863744,4
1354,80007C28,-2147451864, 1F0A0000,520749056,8
1356,20007CD1,536902865, 1F344000,523517952,2
1358,80007CC4,-2147451708, 1F310000,523304960,8
1360,20007CB7,536902839, 1F2DC000,523091968,2
1362,A0007CAB,-1610580821, 1F2AC000,522895360, 0000000A
1364,60007CA2,1610644642, 1F288000,522747904,6
1366,80007C9B,-2147451749, 1F26C000,522633216,8
1368,C0007C96,-1073709930, 1F258000,522551296, 0000000C
1370,60007D01,1610644737, 1F404000,524304384,6
1372,A0007D06,-1610580730, 1F418000,524386304, 0000000A
1374,00007D0C,32012, 1F430000,524484608,0
1376,60007D10,1610644752, 1F440000,524550144,6
1378,40007D13,1073773843, 1F44C000,524599296,4
1380,E0007D13,-536838893, 1F44C000,524599296, 0000000E
1382,20007C70,536902768, 1F1C0000,521928704,2
1384,00007C7A,31866, 1F1E8000,522092544,0
1386,20007C81,536902785, 1F204000,522207232,2
1388,20007C88,536902792, 1F220000,522321920,2
1390,A0007C8E,-1610580850, 1F238000,522420224, 0000000A
1392,80007C95,-2147451755, 1F254000,522534912,8
1394,00007C9F,31903, 1F27C000,522698752,0
1396,60007C24,1610644516, 1F090000,520683520,6
1398,40007C23,1073773603, 1F08C000,520667136,4
1400,E0007C25,-536839131, 1F094000,520699904, 0000000E
1402,A0007C2A,-1610580950, 1F0A8000,520781824, 0000000A
1404,40007C2E,1073773614, 1F0B8000,520847360,4
1406,60007C32,1610644530, 1F0C8000,520912896,6
1408,80007C90,-2147451760, 1F240000,522452992,8
1410,00007C8A,31882, 1F228000,522354688,0
1412,80007C81,-2147451775, 1F204000,522207232,8
1414,40007C77,1073773687, 1F1DC000,522043392,4
1416,C0007C6B,-1073709973, 1F1AC000,521846784, 0000000C
1418,20007C60,536902752, 1F180000,521666560,2
1420,E0007D0C,-536838900, 1F430000,524484608, 0000000E
1422,E0007D06,-536838906, 1F418000,524386304, 0000000E
1424,60007CFF,1610644735, 1F3FC000,524271616,6
1426,20007CF8,536902904, 1F3E0000,524156928,2
1428,E0007CF2,-536838926, 1F3C8000,524058624, 0000000E
1430,A0007CEE,-1610580754, 1F3B8000,523993088, 0000000A
1432,00007CEA,31978, 1F3A8000,523927552,0
1434,E0007CAA,-536838998, 1F2A8000,522878976, 0000000E
1436,C0007CB6,-1073709898, 1F2D8000,523075584, 0000000C
1438,20007CC3,536902851, 1F30C000,523288576,2
1440,40007CCF,1073773775, 1F33C000,523485184,4
1442,E0007CDA,-536838950, 1F368000,523665408, 0000000E
1444,80007CE4,-2147451676, 1F390000,523829248,8
1446,00007C30,31792, 1F0C0000,520880128,0
1448,80007C31,-2147451855, 1F0C4000,520896512,8
1450,60007C32,1610644530, 1F0C8000,520912896,6
1452,40007C35,1073773621, 1F0D4000,520962048,4
1454,80007C3A,-2147451846, 1F0E8000,521043968,8
1456,C0007C40,-1073710016, 1F100000,521142272, 0000000C
1458,60007C48,1610644552, 1F120000,521273344,6
1460,40007C4D,1073773645, 1F134000,521355264,4
1462,40007C49,1073773641, 1F124000,521289728,4
1464,40007C47,1073773639, 1F11C000,521256960,4
1466,80007C42,-2147451838, 1F108000,521175040,8
1468,A0007C3E,-1610580930, 1F0F8000,521109504, 0000000A
1470,00007C3B,31803, 1F0EC000,521060352,0
1472,C0007CE3,-1073709853, 1F38C000,523812864, 0000000C
1474,80007CDD,-2147451683, 1F374000,523714560,8
1476,80007CD5,-2147451691, 1F354000,523583488,8
1478,40007CCA,1073773770, 1F328000,523403264,4
1480,00007CBD,31933, 1F2F4000,523190272,0
1482,A0007CB0,-1610580816, 1F2C0000,522977280, 0000000A
1484,80007CEB,-2147451669, 1F3AC000,523943936,8
1486,60007CF1,1610644721, 1F3C4000,524042240,6
1488,80007CF5,-2147451659, 1F3D4000,524107776,8
1490,C0007CF8,-1073709832, 1F3E0000,524156928, 0000000C
1492,00007CFE,31998, 1F3F8000,524255232,0
1494,00007D04,32004, 1F410000,524353536,0
1496,40007D09,1073773833, 1F424000,524435456,4
1498,E0007C57,-536839081, 1F15C000,521519104, 0000000E
1500,80007C63,-2147451805, 1F18C000,521715712,8
1502,20007C6F,536902767, 1F1BC000,521912320,2
1504,A0007C79,-1610580871, 1F1E4000,522076160, 0000000A
1506,40007C83,1073773699, 1F20C000,522240000,4
1508,60007C8A,1610644618, 1F228000,522354688,6
1510,C0007C36,-1073710026, 1F0D8000,520978432, 0000000C
1512,60007C2D,1610644525, 1F0B4000,520830976,6
1514,80007C27,-2147451865, 1F09C000,520732672,8
1516,20007C24,536902692, 1F090000,520683520,2
1518,C0007C21,-1073710047, 1F084000,520634368, 0000000C
1520,A0007C21,-1610580959, 1F084000,520634368, 0000000A
1522,A0007CA4,-1610580828, 1F290000,522780672, 0000000A
1524,40007C9C,1073773724, 1F270000,522649600,4
1526,20007C97,536902807, 1F25C000,522567680,2
1528,60007C93,1610644627, 1F24C000,522502144,6
1530,A0007C8D,-1610580851, 1F234000,522403840, 0000000A
1532,80007C87,-2147451769, 1F21C000,522305536,8
1534,60007C7F,1610644607, 1F1FC000,522174464,6
1536,00007D12,32018, 1F448000,524582912,0
1538,20007D14,536902932, 1F450000,524615680,2
1540,60007D12,1610644754, 1F448000,524582912,6
1542,A0007D0D,-1610580723, 1F434000,524500992, 0000000A
1544,80007D07,-2147451641, 1F41C000,524402688,8
1546,00007D00,32000, 1F400000,524288000,0
1548,20007C8D,536902797, 1F234000,522403840,2
1550,00007C95,31893, 1F254000,522534912,0
1552,E0007C9C,-536839012, 1F270000,522649600, 0000000E
1554,40007CA6,1073773734, 1F298000,522813440,4
1556,E0007CB0,-536838992, 1F2C0000,522977280, 0000000E
1558,00007CBD,31933, 1F2F4000,523190272,0
1560,00007CCA,31946, 1F328000,523403264,0
1562,E0007C24,-536839132, 1F090000,520683520, 0000000E
1564,40007C29,1073773609, 1F0A4000,520765440,4
1566,A0007C2D,-1610580947, 1F0B4000,520830976, 0000000A
1568,60007C30,1610644528, 1F0C0000,520880128,6
1570,C0007C31,-1073710031, 1F0C4000,520896512, 0000000C
1572,40007C33,1073773619, 1F0CC000,520929280,4
1574,C0007C70,-1073709968, 1F1C0000,521928704, 0000000C
1576,80007C65,-2147451803, 1F194000,521748480,8
1578,40007C5A,1073773658, 1F168000,521568256,4
1580,80007C52,-2147451822, 1F148000,521437184,8
1582,00007C4C,31820, 1F130000,521338880,0
1584,60007C48,1610644552, 1F120000,521273344,6
1586,C0007CFC,-1073709828, 1F3F0000,524222464, 0000000C
1588,A0007CF7,-1610580745, 1F3DC000,524140544, 0000000A
1590,20007CF4,536902900, 1F3D0000,524091392,2
1592,C0007CEF,-1073709841, 1F3BC000,524009472, 0000000C
1594,20007CE9,536902889, 1F3A4000,523911168,2
1596,40007CE1,1073773793, 1F384000,523780096,4
1598,20007CD8,536902872, 1F360000,523632640,2
1600,E0007CD9,-536838951, 1F364000,523649024, 0000000E
1602,20007CE5,536902885, 1F394000,523845632,2
1604,80007CEC,-2147451668, 1F3B0000,523960320,8
1606,20007CF2,536902898, 1F3C8000,524058624,2
1608,80007CF7,-2147451657, 1F3DC000,524140544,8
1610,20007CFB,536902907, 1F3EC000,524206080,2
1612,E0007C3B,-536839109, 1F0EC000,521060352, 0000000E
1614,E0007C41,-536839103, 1F104000,521158656, 0000000E
1616,A0007C48,-1610580920, 1F120000,521273344, 0000000A
1618,60007C50,1610644560, 1F140000,521404416,6
1620,00007C5A,31834, 1F168000,521568256,0
1622,A0007C64,-1610580892, 1F190000,521732096, 0000000A
1624,20007C70,536902768, 1F1C0000,521928704,2
1626,80007C43,-2147451837, 1F10C000,521191424,8
1628,60007C3E,1610644542, 1F0F8000,521109504,6
1630,E0007C38,-536839112, 1F0E0000,521011200, 0000000E
1632,A0007C31,-1610580943, 1F0C4000,520896512, 0000000A
1634,C0007C29,-1073710039, 1F0A4000,520765440, 0000000C
1636,80007C24,-2147451868, 1F090000,520683520,8
1638,60007CC5,1610644677, 1F314000,523321344,6
1640,C0007CB8,-1073709896, 1F2E0000,523108352, 0000000C
1642,A0007CAC,-1610580820, 1F2B0000,522911744, 0000000A
1644,A0007CA2,-1610580830, 1F288000,522747904, 0000000A
1646,C0007C9B,-1073709925, 1F26C000,522633216, 0000000C
1648,80007C96,-2147451754, 1F258000,522551296,8
1650,80007D00,-2147451648, 1F400000,524288000,8
1652,80007D05,-2147451643, 1F414000,524369920,8
1654,60007D0A,1610644746, 1F428000,524451840,6
1656,C0007D0E,-1073709810, 1F438000,524517376, 0000000C
1658,00007D13,32019, 1F44C000,524599296,0
1660,00007D15,32021, 1F454000,524632064,0
1662,E0007D12,-536838894, 1F448000,524582912, 0000000E
1664,00007C7C,31868, 1F1F0000,522125312,0
1666,E0007C83,-536839037, 1F20C000,522240000, 0000000E
1668,80007C8A,-2147451766, 1F228000,522354688,8
1670,E0007C91,-536839023, 1F244000,522469376, 0000000E
1672,60007C99,1610644633, 1F264000,522600448,6
1674,40007CA2,1073773730, 1F288000,522747904,4
1676,60007C22,1610644514, 1F088000,520650752,6
1678,00007C22,31778, 1F088000,520650752,0
1680,E0007C23,-536839133, 1F08C000,520667136, 0000000E
1682,20007C27,536902695, 1F09C000,520732672,2
1684,20007C2B,536902699, 1F0AC000,520798208,2
1686,20007C2F,536902703, 1F0BC000,520863744,2
1688,A0007C8F,-1610580849, 1F23C000,522436608, 0000000A
1690,40007C8A,1073773706, 1F228000,522354688,4
1692,40007C82,1073773698, 1F208000,522223616,4
1694,60007C79,1610644601, 1F1E4000,522076160,6
1696,80007C6F,-2147451793, 1F1BC000,521912320,8
1698,40007C63,1073773667, 1F18C000,521715712,4
1700,00007C5A,31834, 1F168000,521568256,0
1702,20007D0D,536902925, 1F434000,524500992,2
1704,E0007D05,-536838907, 1F414000,524369920, 0000000E
1706,E0007CFE,-536838914, 1F3F8000,524255232, 0000000E
1708,A0007CF8,-1610580744, 1F3E0000,524156928, 0000000A
1710,40007CF4,1073773812, 1F3D0000,524091392,4
1712,C0007CEF,-1073709841, 1F3BC000,524009472, 0000000C
1714,60007CAC,1610644652, 1F2B0000,522911744,6
1716,20007CB7,536902839, 1F2DC000,523091968,2
1718,00007CC4,31940, 1F310000,523304960,0
1720,E0007CD0,-536838960, 1F340000,523501568, 0000000E
1722,C0007CDC,-1073709860, 1F370000,523698176, 0000000C
1724,40007CE6,1073773798, 1F398000,523862016,4
1726,E0007CEC,-536838932, 1F3B0000,523960320, 0000000E
1728,00007C32,31794, 1F0C8000,520912896,0
1730,00007C33,31795, 1F0CC000,520929280,0
1732,80007C35,-2147451851, 1F0D4000,520962048,8
1734,40007C3A,1073773626, 1F0E8000,521043968,4
1736,60007C40,1610644544, 1F100000,521142272,6
1738,40007C47,1073773639, 1F11C000,521256960,4
1740,80007C50,-2147451824, 1F140000,521404416,8
1742,E0007C4B,-536839093, 1F12C000,521322496, 0000000E
1744,20007C48,536902728, 1F120000,521273344,2
1746,C0007C45,-1073710011, 1F114000,521224192, 0000000C
1748,E0007C42,-536839102, 1F108000,521175040, 0000000E
1750,00007C3E,31806, 1F0F8000,521109504,0
1752,80007CE4,-2147451676, 1F390000,523829248,8
1754,E0007CDD,-536838947, 1F374000,523714560, 0000000E
1756,40007CD6,1073773782, 1F358000,523599872,4
1758,80007CCC,-2147451700, 1F330000,523436032,8
1760,60007CBF,1610644671, 1F2FC000,523223040,6
1762,80007CB2,-2147451726, 1F2C8000,523010048,8
1764,E0007CA6,-536839002, 1F298000,522813440, 0000000E
1766,00007CF3,31987, 1F3CC000,524075008,0
1768,40007CF7,1073773815, 1F3DC000,524140544,4
1770,20007CFB,536902907, 1F3EC000,524206080,2
1772,00007D00,32000, 1F400000,524288000,0
1774,E0007D05,-536838907, 1F414000,524369920, 0000000E
1776,A0007D0A,-1610580726, 1F428000,524451840, 0000000A
1778,E0007C50,-536839088, 1F140000,521404416, 0000000E
1780,C0007C5B,-1073709989, 1F16C000,521584640, 0000000C
1782,80007C67,-2147451801, 1F19C000,521781248,8
1784,00007C73,31859, 1F1CC000,521977856,0
1786,80007C7C,-2147451780, 1F1F0000,522125312,8
1788,20007C83,536902787, 1F20C000,522240000,2
1790,A0007C89,-1610580855, 1F224000,522338304, 0000000A
1792,60007C2F,1610644527, 1F0BC000,520863744,6
1794,40007C28,1073773608, 1F0A0000,520749056,4
1796,00007C24,31780, 1F090000,520683520,0
1798,00007C22,31778, 1F088000,520650752,0
1800,80007C22,-2147451870, 1F088000,520650752,8
1802,80007C24,-2147451868, 1F090000,520683520,8
1804,E0007C9A,-536839014, 1F268000,522616832, 0000000E
1806,E0007C95,-536839019, 1F254000,522534912, 0000000E
1808,20007C91,536902801, 1F244000,522469376,2
1810,C0007C8B,-1073709941, 1F22C000,522371072, 0000000C
1812,A0007C85,-1610580859, 1F214000,522272768, 0000000A
1814,60007C7D,1610644605, 1F1F4000,522141696,6
1816,20007D14,536902932, 1F450000,524615680,2
1818,E0007D15,-536838891, 1F454000,524632064, 0000000E
1820,60007D15,1610644757, 1F454000,524632064,6
1822,A0007D11,-1610580719, 1F444000,524566528, 0000000A
1824,60007D0B,1610644747, 1F42C000,524468224,6
1826,20007D04,536902916, 1F410000,524353536,2
1828,E0007CFC,-536838916, 1F3F0000,524222464, 0000000E
1830,80007C93,-2147451757, 1F24C000,522502144,8
1832,E0007C9B,-536839013, 1F26C000,522633216, 0000000E
1834,40007CA4,1073773732, 1F290000,522780672,4
1836,60007CAD,1610644653, 1F2B4000,522928128,6
1838,E0007CB8,-536838984, 1F2E0000,523108352, 0000000E
1840,C0007CC5,-1073709883, 1F314000,523321344, 0000000C
1842,A0007C24,-1610580956, 1F090000,520683520, 0000000A
1844,40007C29,1073773609, 1F0A4000,520765440,4
1846,C0007C2D,-1073710035, 1F0B4000,520830976, 0000000C
1848,80007C30,-2147451856, 1F0C0000,520880128,8
1850,E0007C31,-536839119, 1F0C4000,520896512, 0000000E
1852,60007C33,1610644531, 1F0CC000,520929280,6
1854,40007C77,1073773687, 1F1DC000,522043392,4
1856,80007C6B,-2147451797, 1F1AC000,521846784,8
1858,80007C5F,-2147451809, 1F17C000,521650176,8
1860,60007C57,1610644567, 1F15C000,521519104,6
1862,C0007C50,-1073710000, 1F140000,521404416, 0000000C
1864,00007C4C,31820, 1F130000,521338880,0
1866,00007C4B,31819, 1F12C000,521322496,0
1868,80007CF3,-2147451661, 1F3CC000,524075008,8
1870,C0007CEE,-1073709842, 1F3B8000,523993088, 0000000C
1872,E0007CE9,-536838935, 1F3A4000,523911168, 0000000E
1874,20007CE4,536902884, 1F390000,523829248,2
1876,E0007CDC,-536838948, 1F370000,523698176, 0000000E
1878,60007CD4,1610644692, 1F350000,523567104,6
1880,80007CD4,-2147451692, 1F350000,523567104,8
1882,60007CDF,1610644703, 1F37C000,523747328,6
1884,C0007CE7,-1073709849, 1F39C000,523878400, 0000000C
1886,E0007CED,-536838931, 1F3B4000,523976704, 0000000E
1888,40007CF3,1073773811, 1F3CC000,524075008,4
1890,E0007CF6,-536838922, 1F3D8000,524124160, 0000000E
1892,C0007C35,-1073710027, 1F0D4000,520962048, 0000000C
1894,E0007C3A,-536839110, 1F0E8000,521043968, 0000000E
1896,60007C40,1610644544, 1F100000,521142272,6
1898,40007C47,1073773639, 1F11C000,521256960,4
1900,C0007C51,-1073709999, 1F144000,521420800, 0000000C
1902,C0007C5C,-1073709988, 1F170000,521601024, 0000000C
1904,20007C68,536902760, 1F1A0000,521797632,2
1906,A0007C48,-1610580920, 1F120000,521273344, 0000000A
1908,80007C43,-2147451837, 1F10C000,521191424,8
1910,C0007C3F,-1073710017, 1F0FC000,521125888, 0000000C
1912,E0007C3A,-536839110, 1F0E8000,521043968, 0000000E
1914,20007C31,536902705, 1F0C4000,520896512,2
1916,00007C29,31785, 1F0A4000,520765440,0
1918,20007CC8,536902856, 1F320000,523370496,2
1920,C0007CBA,-1073709894, 1F2E8000,523141120, 0000000C
1922,40007CAE,1073773742, 1F2B8000,522944512,4
1924,00007CA4,31908, 1F290000,522780672,0
1926,A0007C9C,-1610580836, 1F270000,522649600, 0000000A
1928,40007C97,1073773719, 1F25C000,522567680,4
1930,C0007C92,-1073709934, 1F248000,522485760, 0000000C
1932,80007D04,-2147451644, 1F410000,524353536,8
1934,80007D09,-2147451639, 1F424000,524435456,8
1936,20007D0E,536902926, 1F438000,524517376,2
1938,A0007D12,-1610580718, 1F448000,524582912, 0000000A
1940,40007D14,1073773844, 1F450000,524615680,4
1942,20007D12,536902930, 1F448000,524582912,2
1944,C0007C76,-1073709962, 1F1D8000,522027008, 0000000C
1946,E0007C7F,-536839041, 1F1FC000,522174464, 0000000E
1948,80007C86,-2147451770, 1F218000,522289152,8
1950,C0007C8D,-1073709939, 1F234000,522403840, 0000000C
1952,C0007C95,-1073709931, 1F254000,522534912, 0000000C
1954,A0007C9D,-1610580835, 1F274000,522665984, 0000000A
1956,60007C25,1610644517, 1F094000,520699904,6
1958,00007C24,31780, 1F090000,520683520,0
1960,60007C24,1610644516, 1F090000,520683520,6
1962,C0007C26,-1073710042, 1F098000,520716288, 0000000C
1964,80007C2A,-2147451862, 1F0A8000,520781824,8
1966,00007C2F,31791, 1F0BC000,520863744,0
1968,C0007C31,-1073710031, 1F0C4000,520896512, 0000000C
1970,20007C8B,536902795, 1F22C000,522371072,2
1972,40007C84,1073773700, 1F210000,522256384,4
1974,E0007C7C,-536839044, 1F1F0000,522125312, 0000000E
1976,C0007C72,-1073709966, 1F1C8000,521961472, 0000000C
1978,80007C66,-2147451802, 1F198000,521764864,8
1980,00007C5D,31837, 1F174000,521617408,0
1982,E0007D0D,-536838899, 1F434000,524500992, 0000000E
1984,E0007D06,-536838906, 1F418000,524386304, 0000000E
1986,00007CFF,31999, 1F3FC000,524271616,0
1988,80007CF7,-2147451657, 1F3DC000,524140544,8
1990,20007CF1,536902897, 1F3C4000,524042240,2
1992,60007CEC,1610644716, 1F3B0000,523960320,6
1994,C0007CA6,-1073709914, 1F298000,522813440, 0000000C
1996,40007CB1,1073773745, 1F2C4000,522993664,4
1998,C0007CBD,-1073709891, 1F2F4000,523190272, 0000000C
