1,8000,32768,20000000,536870912,0
3,8000,32768,20000000,536870912,0
5,8000,32768,20000000,536870912,0
7,8000,32768,20000000,536870912,0
9,8000,32768,20000000,536870912,0
11,8000,32768,20000000,536870912,0
13,8000,32768,20000000,536870912,0
15,8000,32768,20000000,536870912,0
17,8000,32768,20000000,536870912,0
19,8000,32768,20000000,536870912,0
21,8000,32768,20000000,536870912,0
23,8000,32768,20000000,536870912,0
25,8000,32768,20000000,536870912,0
27,8000,32768,20000000,536870912,0
29,8000,32768,20000000,536870912,0
31,8000,32768,20000000,536870912,0
33,8000,32768,20000000,536870912,0
35,8000,32768,20000000,536870912,0
37,8000,32768,20000000,536870912,0
39,8000,32768,20000000,536870912,0
41,8000,32768,20000000,536870912,0
43,8000,32768,20000000,536870912,0
45,8000,32768,20000000,536870912,0
47,8000,32768,20000000,536870912,0
49,8000,32768,20000000,536870912,0
51,8000,32768,20000000,536870912,0
53,8000,32768,20000000,536870912,0
55,8000,32768,20000000,536870912,0
57,8000,32768,20000000,536870912,0
59,8000,32768,20000000,536870912,0
61,8000,32768,20000000,536870912,0
63,8000,32768,20000000,536870912,0
65,8000,32768,20000000,536870912,0
67,8000,32768,20000000,536870912,0
69,8000,32768,20000000,536870912,0
71,8000,32768,20000000,536870912,0
73,8000,32768,20000000,536870912,0
75,8000,32768,20000000,536870912,0
77,8000,32768,20000000,536870912,0
79,8000,32768,20000000,536870912,0
81,8000,32768,20000000,536870912,0
83,8000,32768,20000000,536870912,0
85,8000,32768,20000000,536870912,0
87,8000,32768,20000000,536870912,0
89,8000,32768,20000000,536870912,0
91,8000,32768,20000000,536870912,0
93,8000,32768,20000000,536870912,0
95,8000,32768,20000000,536870912,0
97,8000,32768,20000000,536870912,0
99,8000,32768,20000000,536870912,0
101,8000,32768,20000000,536870912,0
103,8000,32768,20000000,536870912,0
105,8000,32768,20000000,536870912,0
107,8000,32768,20000000,536870912,0
109,8000,32768,20000000,536870912,0
111,8000,32768,20000000,536870912,0
113,8000,32768,20000000,536870912,0
115,8000,32768,20000000,536870912,0
117,8000,32768,20000000,536870912,0
119,8000,32768,20000000,536870912,0
121,8000,32768,20000000,536870912,0
123,8000,32768,20000000,536870912,0
125,8000,32768,20000000,536870912,0
127,8000,32768,20000000,536870912,0
129,8000,32768,20000000,536870912,0
131,8000,32768,20000000,536870912,0
133,8000,32768,20000000,536870912,0
135,8000,32768,20000000,536870912,0
137,8000,32768,20000000,536870912,0
139,8000,32768,20000000,536870912,0
141,8000,32768,20000000,536870912,0
143,8000,32768,20000000,536870912,0
145,8000,32768,20000000,536870912,0
147,8000,32768,20000000,536870912,0
149,8000,32768,20000000,536870912,0
151,8000,32768,20000000,536870912,0
153,8000,32768,20000000,536870912,0
155,8000,32768,20000000,536870912,0
157,8000,32768,20000000,536870912,0
159,8000,32768,20000000,536870912,0
161,8000,32768,20000000,536870912,0
163,8000,32768,20000000,536870912,0
165,8000,32768,20000000,536870912,0
167,8000,32768,20000000,536870912,0
169,8000,32768,20000000,536870912,0
171,8000,32768,20000000,536870912,0
173,8000,32768,20000000,536870912,0
175,8000,32768,20000000,536870912,0
177,8000,32768,20000000,536870912,0
179,8000,32768,20000000,536870912,0
181,8000,32768,20000000,536870912,0
183,8000,32768,20000000,536870912,0
185,8000,32768,20000000,536870912,0
187,8000,32768,20000000,536870912,0
189,8000,32768,20000000,536870912,0
191,8000,32768,20000000,536870912,0
193,8000,32768,20000000,536870912,0
195,8000,32768,20000000,536870912,0
197,8000,32768,20000000,536870912,0
199,8000,32768,20000000,536870912,0
201,8000,32768,20000000,536870912,0
203,8000,32768,20000000,536870912,0
205,8000,32768,20000000,536870912,0
207,8000,32768,20000000,536870912,0
209,8000,32768,20000000,536870912,0
211,8000,32768,20000000,536870912,0
213,8000,32768,20000000,536870912,0
215,8000,32768,20000000,536870912,0
217,8000,32768,20000000,536870912,0
219,8000,32768,20000000,536870912,0
221,8000,32768,20000000,536870912,0
223,8000,32768,20000000,536870912,0
225,8000,32768,20000000,536870912,0
227,8000,32768,20000000,536870912,0
229,8000,32768,20000000,536870912,0
231,8000,32768,20000000,536870912,0
233,8000,32768,20000000,536870912,0
235,8000,32768,20000000,536870912,0
237,8000,32768,20000000,536870912,0
239,8000,32768,20000000,536870912,0
241,8000,32768,20000000,536870912,0
243,8000,32768,20000000,536870912,0
245,8000,32768,20000000,536870912,0
247,8000,32768,20000000,536870912,0
249,8000,32768,20000000,536870912,0
251,8000,32768,20000000,536870912,0
253,8000,32768,20000000,536870912,0
255,8000,32768,20000000,536870912,0
257,8000,32768,20000000,536870912,0
259,8000,32768,20000000,536870912,0
261,8000,32768,20000000,536870912,0
263,8000,32768,20000000,536870912,0
265,8000,32768,20000000,536870912,0
267,8000,32768,20000000,536870912,0
269,8000,32768,20000000,536870912,0
271,8000,32768,20000000,536870912,0
273,8000,32768,20000000,536870912,0
275,8000,32768,20000000,536870912,0
277,8000,32768,20000000,536870912,0
279,8000,32768,20000000,536870912,0
281,8000,32768,20000000,536870912,0
283,8000,32768,20000000,536870912,0
285,8000,32768,20000000,536870912,0
287,8000,32768,20000000,536870912,0
289,8000,32768,20000000,536870912,0
291,8000,32768,20000000,536870912,0
293,8000,32768,20000000,536870912,0
295,8000,32768,20000000,536870912,0
297,8000,32768,20000000,536870912,0
299,8000,32768,20000000,536870912,0
301,8000,32768,20000000,536870912,0
303,8000,32768,20000000,536870912,0
305,8000,32768,20000000,536870912,0
307,8000,32768,20000000,536870912,0
309,8000,32768,20000000,536870912,0
311,8000,32768,20000000,536870912,0
313,8000,32768,20000000,536870912,0
315,8000,32768,20000000,536870912,0
317,8000,32768,20000000,536870912,0
319,8000,32768,20000000,536870912,0
321,8000,32768,20000000,536870912,0
323,8000,32768,20000000,536870912,0
325,8000,32768,20000000,536870912,0
327,8000,32768,20000000,536870912,0
329,8000,32768,20000000,536870912,0
331,8000,32768,20000000,536870912,0
333,8000,32768,20000000,536870912,0
335,8000,32768,20000000,536870912,0
337,8000,32768,20000000,536870912,0
339,8000,32768,20000000,536870912,0
341,8000,32768,20000000,536870912,0
343,8000,32768,20000000,536870912,0
345,8000,32768,20000000,536870912,0
347,8000,32768,20000000,536870912,0
349,8000,32768,20000000,536870912,0
351,8000,32768,20000000,536870912,0
353,8000,32768,20000000,536870912,0
355,8000,32768,20000000,536870912,0
357,8000,32768,20000000,536870912,0
359,8000,32768,20000000,536870912,0
361,8000,32768,20000000,536870912,0
363,8000,32768,20000000,536870912,0
365,8000,32768,20000000,536870912,0
367,8000,32768,20000000,536870912,0
369,8000,32768,20000000,536870912,0
371,8000,32768,20000000,536870912,0
373,8000,32768,20000000,536870912,0
375,8000,32768,20000000,536870912,0
377,8000,32768,20000000,536870912,0
379,8000,32768,20000000,536870912,0
381,8000,32768,20000000,536870912,0
383,8000,32768,20000000,536870912,0
385,8000,32768,20000000,536870912,0
387,8000,32768,20000000,536870912,0
389,8000,32768,20000000,536870912,0
391,8000,32768,20000000,536870912,0
393,8000,32768,20000000,536870912,0
395,8000,32768,20000000,536870912,0
397,8000,32768,20000000,536870912,0
399,8000,32768,20000000,536870912,0
401,8000,32768,20000000,536870912,0
403,8000,32768,20000000,536870912,0
405,8000,32768,20000000,536870912,0
407,8000,32768,20000000,536870912,0
409,8000,32768,20000000,536870912,0
411,8000,32768,20000000,536870912,0
413,8000,32768,20000000,536870912,0
415,8000,32768,20000000,536870912,0
417,8000,32768,20000000,536870912,0
419,8000,32768,20000000,536870912,0
421,8000,32768,20000000,536870912,0
423,8000,32768,20000000,536870912,0
425,8000,32768,20000000,536870912,0
427,8000,32768,20000000,536870912,0
429,8000,32768,20000000,536870912,0
431,8000,32768,20000000,536870912,0
433,8000,32768,20000000,536870912,0
435,8000,32768,20000000,536870912,0
437,8000,32768,20000000,536870912,0
439,8000,32768,20000000,536870912,0
441,8000,32768,20000000,536870912,0
443,8000,32768,20000000,536870912,0
445,8000,32768,20000000,536870912,0
447,8000,32768,20000000,536870912,0
449,8000,32768,20000000,536870912,0
451,8000,32768,20000000,536870912,0
453,8000,32768,20000000,536870912,0
455,8000,32768,20000000,536870912,0
457,8000,32768,20000000,536870912,0
459,8000,32768,20000000,536870912,0
461,8000,32768,20000000,536870912,0
463,8000,32768,20000000,536870912,0
465,8000,32768,20000000,536870912,0
467,8000,32768,20000000,536870912,0
469,8000,32768,20000000,536870912,0
471,8000,32768,20000000,536870912,0
473,8000,32768,20000000,536870912,0
475,8000,32768,20000000,536870912,0
477,8000,32768,20000000,536870912,0
479,8000,32768,20000000,536870912,0
481,8000,32768,20000000,536870912,0
483,8000,32768,20000000,536870912,0
485,8000,32768,20000000,536870912,0
487,8000,32768,20000000,536870912,0
489,8000,32768,20000000,536870912,0
491,8000,32768,20000000,536870912,0
493,8000,32768,20000000,536870912,0
495,8000,32768,20000000,536870912,0
497,8000,32768,20000000,536870912,0
499,8000,32768,20000000,536870912,0
501,8000,32768,20000000,536870912,0
503,8000,32768,20000000,536870912,0
505,8000,32768,20000000,536870912,0
507,8000,32768,20000000,536870912,0
509,8000,32768,20000000,536870912,0
511,8000,32768,20000000,536870912,0
513,8000,32768,20000000,536870912,0
515,8000,32768,20000000,536870912,0
517,8000,32768,20000000,536870912,0
519,8000,32768,20000000,536870912,0
521,8000,32768,20000000,536870912,0
523,8000,32768,20000000,536870912,0
525,8000,32768,20000000,536870912,0
527,8000,32768,20000000,536870912,0
529,8000,32768,20000000,536870912,0
531,8000,32768,20000000,536870912,0
533,8000,32768,20000000,536870912,0
535,8000,32768,20000000,536870912,0
537,8000,32768,20000000,536870912,0
539,8000,32768,20000000,536870912,0
541,8000,32768,20000000,536870912,0
543,8000,32768,20000000,536870912,0
545,8000,32768,20000000,536870912,0
547,8000,32768,20000000,536870912,0
549,8000,32768,20000000,536870912,0
551,8000,32768,20000000,536870912,0
553,8000,32768,20000000,536870912,0
555,8000,32768,20000000,536870912,0
557,8000,32768,20000000,536870912,0
559,8000,32768,20000000,536870912,0
561,8000,32768,20000000,536870912,0
563,8000,32768,20000000,536870912,0
565,8000,32768,20000000,536870912,0
567,8000,32768,20000000,536870912,0
569,8000,32768,20000000,536870912,0
571,8000,32768,20000000,536870912,0
573,8000,32768,20000000,536870912,0
575,8000,32768,20000000,536870912,0
577,8000,32768,20000000,536870912,0
579,8000,32768,20000000,536870912,0
581,8000,32768,20000000,536870912,0
583,8000,32768,20000000,536870912,0
585,8000,32768,20000000,536870912,0
587,8000,32768,20000000,536870912,0
589,8000,32768,20000000,536870912,0
591,8000,32768,20000000,536870912,0
593,8000,32768,20000000,536870912,0
595,8000,32768,20000000,536870912,0
597,8000,32768,20000000,536870912,0
599,8000,32768,20000000,536870912,0
601,8000,32768,20000000,536870912,0
603,8000,32768,20000000,536870912,0
605,8000,32768,20000000,536870912,0
607,8000,32768,20000000,536870912,0
609,8000,32768,20000000,536870912,0
611,8000,32768,20000000,536870912,0
613,8000,32768,20000000,536870912,0
615,8000,32768,20000000,536870912,0
617,8000,32768,20000000,536870912,0
619,8000,32768,20000000,536870912,0
621,8000,32768,20000000,536870912,0
623,8000,32768,20000000,536870912,0
625,8000,32768,20000000,536870912,0
627,8000,32768,20000000,536870912,0
629,8000,32768,20000000,536870912,0
631,8000,32768,20000000,536870912,0
633,8000,32768,20000000,536870912,0
635,8000,32768,20000000,536870912,0
637,8000,32768,20000000,536870912,0
639,8000,32768,20000000,536870912,0
641,8000,32768,20000000,536870912,0
643,8000,32768,20000000,536870912,0
645,8000,32768,20000000,536870912,0
647,8000,32768,20000000,536870912,0
649,8000,32768,20000000,536870912,0
651,8000,32768,20000000,536870912,0
653,8000,32768,20000000,536870912,0
655,8000,32768,20000000,536870912,0
657,8000,32768,20000000,536870912,0
659,8000,32768,20000000,536870912,0
661,8000,32768,20000000,536870912,0
663,8000,32768,20000000,536870912,0
665,8000,32768,20000000,536870912,0
667,8000,32768,20000000,536870912,0
669,8000,32768,20000000,536870912,0
671,8000,32768,20000000,536870912,0
673,8000,32768,20000000,536870912,0
675,8000,32768,20000000,536870912,0
677,8000,32768,20000000,536870912,0
679,8000,32768,20000000,536870912,0
681,8000,32768,20000000,536870912,0
683,8000,32768,20000000,536870912,0
685,8000,32768,20000000,536870912,0
687,8000,32768,20000000,536870912,0
689,8000,32768,20000000,536870912,0
691,8000,32768,20000000,536870912,0
693,8000,32768,20000000,536870912,0
695,8000,32768,20000000,536870912,0
697,8000,32768,20000000,536870912,0
699,8000,32768,20000000,536870912,0
701,8000,32768,20000000,536870912,0
703,8000,32768,20000000,536870912,0
705,8000,32768,20000000,536870912,0
707,8000,32768,20000000,536870912,0
709,8000,32768,20000000,536870912,0
711,8000,32768,20000000,536870912,0
713,8000,32768,20000000,536870912,0
715,8000,32768,20000000,536870912,0
717,8000,32768,20000000,536870912,0
719,8000,32768,20000000,536870912,0
721,8000,32768,20000000,536870912,0
723,8000,32768,20000000,536870912,0
725,8000,32768,20000000,536870912,0
727,8000,32768,20000000,536870912,0
729,8000,32768,20000000,536870912,0
731,8000,32768,20000000,536870912,0
733,8000,32768,20000000,536870912,0
735,8000,32768,20000000,536870912,0
737,8000,32768,20000000,536870912,0
739,8000,32768,20000000,536870912,0
741,8000,32768,20000000,536870912,0
743,8000,32768,20000000,536870912,0
745,8000,32768,20000000,536870912,0
747,8000,32768,20000000,536870912,0
749,8000,32768,20000000,536870912,0
751,8000,32768,20000000,536870912,0
753,8000,32768,20000000,536870912,0
755,8000,32768,20000000,536870912,0
757,8000,32768,20000000,536870912,0
759,8000,32768,20000000,536870912,0
761,8000,32768,20000000,536870912,0
763,8000,32768,20000000,536870912,0
765,8000,32768,20000000,536870912,0
767,8000,32768,20000000,536870912,0
769,8000,32768,20000000,536870912,0
771,8000,32768,20000000,536870912,0
773,8000,32768,20000000,536870912,0
775,8000,32768,20000000,536870912,0
777,8000,32768,20000000,536870912,0
779,8000,32768,20000000,536870912,0
781,8000,32768,20000000,536870912,0
783,8000,32768,20000000,536870912,0
785,8000,32768,20000000,536870912,0
787,8000,32768,20000000,536870912,0
789,8000,32768,20000000,536870912,0
791,8000,32768,20000000,536870912,0
793,8000,32768,20000000,536870912,0
795,8000,32768,20000000,536870912,0
797,8000,32768,20000000,536870912,0
799,8000,32768,20000000,536870912,0
801,8000,32768,20000000,536870912,0
803,8000,32768,20000000,536870912,0
805,8000,32768,20000000,536870912,0
807,8000,32768,20000000,536870912,0
809,8000,32768,20000000,536870912,0
811,8000,32768,20000000,536870912,0
813,8000,32768,20000000,536870912,0
815,8000,32768,20000000,536870912,0
817,8000,32768,20000000,536870912,0
819,8000,32768,20000000,536870912,0
821,8000,32768,20000000,536870912,0
823,8000,32768,20000000,536870912,0
825,8000,32768,20000000,536870912,0
827,8000,32768,20000000,536870912,0
829,8000,32768,20000000,536870912,0
831,8000,32768,20000000,536870912,0
833,8000,32768,20000000,536870912,0
835,8000,32768,20000000,536870912,0
837,8000,32768,20000000,536870912,0
839,8000,32768,20000000,536870912,0
841,8000,32768,20000000,536870912,0
843,8000,32768,20000000,536870912,0
845,8000,32768,20000000,536870912,0
847,8000,32768,20000000,536870912,0
849,8000,32768,20000000,536870912,0
851,8000,32768,20000000,536870912,0
853,8000,32768,20000000,536870912,0
855,8000,32768,20000000,536870912,0
857,8000,32768,20000000,536870912,0
859,8000,32768,20000000,536870912,0
861,8000,32768,20000000,536870912,0
863,8000,32768,20000000,536870912,0
865,8000,32768,20000000,536870912,0
867,8000,32768,20000000,536870912,0
869,8000,32768,20000000,536870912,0
871,8000,32768,20000000,536870912,0
873,8000,32768,20000000,536870912,0
875,8000,32768,20000000,536870912,0
877,8000,32768,20000000,536870912,0
879,8000,32768,20000000,536870912,0
881,8000,32768,20000000,536870912,0
883,8000,32768,20000000,536870912,0
885,8000,32768,20000000,536870912,0
887,8000,32768,20000000,536870912,0
889,8000,32768,20000000,536870912,0
891,8000,32768,20000000,536870912,0
893,8000,32768,20000000,536870912,0
895,8000,32768,20000000,536870912,0
897,8000,32768,20000000,536870912,0
899,8000,32768,20000000,536870912,0
901,8000,32768,20000000,536870912,0
903,8000,32768,20000000,536870912,0
905,8000,32768,20000000,536870912,0
907,8000,32768,20000000,536870912,0
909,8000,32768,20000000,536870912,0
911,8000,32768,20000000,536870912,0
913,8000,32768,20000000,536870912,0
915,8000,32768,20000000,536870912,0
917,8000,32768,20000000,536870912,0
919,8000,32768,20000000,536870912,0
921,8000,32768,20000000,536870912,0
923,8000,32768,20000000,536870912,0
925,8000,32768,20000000,536870912,0
927,8000,32768,20000000,536870912,0
929,8000,32768,20000000,536870912,0
931,8000,32768,20000000,536870912,0
933,8000,32768,20000000,536870912,0
935,8000,32768,20000000,536870912,0
937,8000,32768,20000000,536870912,0
939,8000,32768,20000000,536870912,0
941,8000,32768,20000000,536870912,0
943,8000,32768,20000000,536870912,0
945,8000,32768,20000000,536870912,0
947,8000,32768,20000000,536870912,0
949,8000,32768,20000000,536870912,0
951,8000,32768,20000000,536870912,0
953,8000,32768,20000000,536870912,0
955,8000,32768,20000000,536870912,0
957,8000,32768,20000000,536870912,0
959,8000,32768,20000000,536870912,0
961,8000,32768,20000000,536870912,0
963,8000,32768,20000000,536870912,0
965,8000,32768,20000000,536870912,0
967,8000,32768,20000000,536870912,0
969,8000,32768,20000000,536870912,0
971,8000,32768,20000000,536870912,0
973,8000,32768,20000000,536870912,0
975,8000,32768,20000000,536870912,0
977,8000,32768,20000000,536870912,0
979,8000,32768,20000000,536870912,0
981,8000,32768,20000000,536870912,0
983,8000,32768,20000000,536870912,0
985,8000,32768,20000000,536870912,0
987,8000,32768,20000000,536870912,0
989,8000,32768,20000000,536870912,0
991,8000,32768,20000000,536870912,0
993,8000,32768,20000000,536870912,0
995,8000,32768,20000000,536870912,0
997,8000,32768,20000000,536870912,0
999,8000,32768,20000000,536870912,0
1001,8000,32768,20000000,536870912,0
1003,8000,32768,20000000,536870912,0
1005,8000,32768,20000000,536870912,0
1007,8000,32768,20000000,536870912,0
1009,8000,32768,20000000,536870912,0
1011,8000,32768,20000000,536870912,0
1013,8000,32768,20000000,536870912,0
1015,8000,32768,20000000,536870912,0
1017,8000,32768,20000000,536870912,0
1019,8000,32768,20000000,536870912,0
1021,8000,32768,20000000,536870912,0
1023,8000,32768,20000000,536870912,0
1025,8000,32768,20000000,536870912,0
1027,8000,32768,20000000,536870912,0
1029,8000,32768,20000000,536870912,0
1031,8000,32768,20000000,536870912,0
1033,8000,32768,20000000,536870912,0
1035,8000,32768,20000000,536870912,0
1037,8000,32768,20000000,536870912,0
1039,8000,32768,20000000,536870912,0
1041,8000,32768,20000000,536870912,0
1043,8000,32768,20000000,536870912,0
1045,8000,32768,20000000,536870912,0
1047,8000,32768,20000000,536870912,0
1049,8000,32768,20000000,536870912,0
1051,8000,32768,20000000,536870912,0
1053,8000,32768,20000000,536870912,0
1055,8000,32768,20000000,536870912,0
1057,8000,32768,20000000,536870912,0
1059,8000,32768,20000000,536870912,0
1061,8000,32768,20000000,536870912,0
1063,8000,32768,20000000,536870912,0
1065,8000,32768,20000000,536870912,0
1067,8000,32768,20000000,536870912,0
1069,8000,32768,20000000,536870912,0
1071,8000,32768,20000000,536870912,0
1073,8000,32768,20000000,536870912,0
1075,8000,32768,20000000,536870912,0
1077,8000,32768,20000000,536870912,0
1079,8000,32768,20000000,536870912,0
1081,8000,32768,20000000,536870912,0
1083,8000,32768,20000000,536870912,0
1085,8000,32768,20000000,536870912,0
1087,8000,32768,20000000,536870912,0
1089,8000,32768,20000000,536870912,0
1091,8000,32768,20000000,536870912,0
1093,8000,32768,20000000,536870912,0
1095,8000,32768,20000000,536870912,0
1097,8000,32768,20000000,536870912,0
1099,8000,32768,20000000,536870912,0
1101,8000,32768,20000000,536870912,0
1103,8000,32768,20000000,536870912,0
1105,8000,32768,20000000,536870912,0
1107,8000,32768,20000000,536870912,0
1109,8000,32768,20000000,536870912,0
1111,8000,32768,20000000,536870912,0
1113,8000,32768,20000000,536870912,0
1115,8000,32768,20000000,536870912,0
1117,8000,32768,20000000,536870912,0
1119,8000,32768,20000000,536870912,0
1121,8000,32768,20000000,536870912,0
1123,8000,32768,20000000,536870912,0
1125,8000,32768,20000000,536870912,0
1127,8000,32768,20000000,536870912,0
1129,8000,32768,20000000,536870912,0
1131,8000,32768,20000000,536870912,0
1133,8000,32768,20000000,536870912,0
1135,8000,32768,20000000,536870912,0
1137,8000,32768,20000000,536870912,0
1139,8000,32768,20000000,536870912,0
1141,8000,32768,20000000,536870912,0
1143,8000,32768,20000000,536870912,0
1145,8000,32768,20000000,536870912,0
1147,8000,32768,20000000,536870912,0
1149,8000,32768,20000000,536870912,0
1151,8000,32768,20000000,536870912,0
1153,8000,32768,20000000,536870912,0
1155,8000,32768,20000000,536870912,0
1157,8000,32768,20000000,536870912,0
1159,8000,32768,20000000,536870912,0
1161,8000,32768,20000000,536870912,0
1163,8000,32768,20000000,536870912,0
1165,8000,32768,20000000,536870912,0
1167,8000,32768,20000000,536870912,0
1169,8000,32768,20000000,536870912,0
1171,8000,32768,20000000,536870912,0
1173,8000,32768,20000000,536870912,0
1175,8000,32768,20000000,536870912,0
1177,8000,32768,20000000,536870912,0
1179,8000,32768,20000000,536870912,0
1181,8000,32768,20000000,536870912,0
1183,8000,32768,20000000,536870912,0
1185,8000,32768,20000000,536870912,0
1187,8000,32768,20000000,536870912,0
1189,8000,32768,20000000,536870912,0
1191,8000,32768,20000000,536870912,0
1193,8000,32768,20000000,536870912,0
1195,8000,32768,20000000,536870912,0
1197,8000,32768,20000000,536870912,0
1199,8000,32768,20000000,536870912,0
1201,8000,32768,20000000,536870912,0
1203,8000,32768,20000000,536870912,0
1205,8000,32768,20000000,536870912,0
1207,8000,32768,20000000,536870912,0
1209,8000,32768,20000000,536870912,0
1211,8000,32768,20000000,536870912,0
1213,8000,32768,20000000,536870912,0
1215,8000,32768,20000000,536870912,0
1217,8000,32768,20000000,536870912,0
1219,8000,32768,20000000,536870912,0
1221,8000,32768,20000000,536870912,0
1223,8000,32768,20000000,536870912,0
1225,8000,32768,20000000,536870912,0
1227,8000,32768,20000000,536870912,0
1229,8000,32768,20000000,536870912,0
1231,8000,32768,20000000,536870912,0
1233,8000,32768,20000000,536870912,0
1235,8000,32768,20000000,536870912,0
1237,8000,32768,20000000,536870912,0
1239,8000,32768,20000000,536870912,0
1241,8000,32768,20000000,536870912,0
1243,8000,32768,20000000,536870912,0
1245,8000,32768,20000000,536870912,0
1247,8000,32768,20000000,536870912,0
1249,8000,32768,20000000,536870912,0
1251,8000,32768,20000000,536870912,0
1253,8000,32768,20000000,536870912,0
1255,8000,32768,20000000,536870912,0
1257,8000,32768,20000000,536870912,0
1259,8000,32768,20000000,536870912,0
1261,8000,32768,20000000,536870912,0
1263,8000,32768,20000000,536870912,0
1265,8000,32768,20000000,536870912,0
1267,8000,32768,20000000,536870912,0
1269,8000,32768,20000000,536870912,0
1271,8000,32768,20000000,536870912,0
1273,8000,32768,20000000,536870912,0
1275,8000,32768,20000000,536870912,0
1277,8000,32768,20000000,536870912,0
1279,8000,32768,20000000,536870912,0
1281,8000,32768,20000000,536870912,0
1283,8000,32768,20000000,536870912,0
1285,8000,32768,20000000,536870912,0
1287,8000,32768,20000000,536870912,0
1289,8000,32768,20000000,536870912,0
1291,8000,32768,20000000,536870912,0
1293,8000,32768,20000000,536870912,0
1295,8000,32768,20000000,536870912,0
1297,8000,32768,20000000,536870912,0
1299,8000,32768,20000000,536870912,0
1301,8000,32768,20000000,536870912,0
1303,8000,32768,20000000,536870912,0
1305,8000,32768,20000000,536870912,0
1307,8000,32768,20000000,536870912,0
1309,8000,32768,20000000,536870912,0
1311,8000,32768,20000000,536870912,0
1313,8000,32768,20000000,536870912,0
1315,8000,32768,20000000,536870912,0
1317,8000,32768,20000000,536870912,0
1319,8000,32768,20000000,536870912,0
1321,8000,32768,20000000,536870912,0
1323,8000,32768,20000000,536870912,0
1325,8000,32768,20000000,536870912,0
1327,8000,32768,20000000,536870912,0
1329,8000,32768,20000000,536870912,0
1331,8000,32768,20000000,536870912,0
1333,8000,32768,20000000,536870912,0
1335,8000,32768,20000000,536870912,0
1337,8000,32768,20000000,536870912,0
1339,8000,32768,20000000,536870912,0
1341,8000,32768,20000000,536870912,0
1343,8000,32768,20000000,536870912,0
1345,8000,32768,20000000,536870912,0
1347,8000,32768,20000000,536870912,0
1349,8000,32768,20000000,536870912,0
1351,8000,32768,20000000,536870912,0
1353,8000,32768,20000000,536870912,0
1355,8000,32768,20000000,536870912,0
1357,8000,32768,20000000,536870912,0
1359,8000,32768,20000000,536870912,0
1361,8000,32768,20000000,536870912,0
1363,8000,32768,20000000,536870912,0
1365,8000,32768,20000000,536870912,0
1367,8000,32768,20000000,536870912,0
1369,8000,32768,20000000,536870912,0
1371,8000,32768,20000000,536870912,0
1373,8000,32768,20000000,536870912,0
1375,8000,32768,20000000,536870912,0
1377,8000,32768,20000000,536870912,0
1379,8000,32768,20000000,536870912,0
1381,8000,32768,20000000,536870912,0
1383,8000,32768,20000000,536870912,0
1385,8000,32768,20000000,536870912,0
1387,8000,32768,20000000,536870912,0
1389,8000,32768,20000000,536870912,0
1391,8000,32768,20000000,536870912,0
1393,8000,32768,20000000,536870912,0
1395,8000,32768,20000000,536870912,0
1397,8000,32768,20000000,536870912,0
1399,8000,32768,20000000,536870912,0
1401,8000,32768,20000000,536870912,0
1403,8000,32768,20000000,536870912,0
1405,8000,32768,20000000,536870912,0
1407,8000,32768,20000000,536870912,0
1409,8000,32768,20000000,536870912,0
1411,8000,32768,20000000,536870912,0
1413,8000,32768,20000000,536870912,0
1415,8000,32768,20000000,536870912,0
1417,8000,32768,20000000,536870912,0
1419,8000,32768,20000000,536870912,0
1421,8000,32768,20000000,536870912,0
1423,8000,32768,20000000,536870912,0
1425,8000,32768,20000000,536870912,0
1427,8000,32768,20000000,536870912,0
1429,8000,32768,20000000,536870912,0
1431,8000,32768,20000000,536870912,0
1433,8000,32768,20000000,536870912,0
1435,8000,32768,20000000,536870912,0
1437,8000,32768,20000000,536870912,0
1439,8000,32768,20000000,536870912,0
1441,8000,32768,20000000,536870912,0
1443,8000,32768,20000000,536870912,0
1445,8000,32768,20000000,536870912,0
1447,8000,32768,20000000,536870912,0
1449,8000,32768,20000000,536870912,0
1451,8000,32768,20000000,536870912,0
1453,8000,32768,20000000,536870912,0
1455,8000,32768,20000000,536870912,0
1457,8000,32768,20000000,536870912,0
1459,8000,32768,20000000,536870912,0
1461,8000,32768,20000000,536870912,0
1463,8000,32768,20000000,536870912,0
1465,8000,32768,20000000,536870912,0
1467,8000,32768,20000000,536870912,0
1469,8000,32768,20000000,536870912,0
1471,8000,32768,20000000,536870912,0
1473,8000,32768,20000000,536870912,0
1475,8000,32768,20000000,536870912,0
1477,8000,32768,20000000,536870912,0
1479,8000,32768,20000000,536870912,0
1481,8000,32768,20000000,536870912,0
1483,8000,32768,20000000,536870912,0
1485,8000,32768,20000000,536870912,0
1487,8000,32768,20000000,536870912,0
1489,8000,32768,20000000,536870912,0
1491,8000,32768,20000000,536870912,0
1493,8000,32768,20000000,536870912,0
1495,8000,32768,20000000,536870912,0
1497,8000,32768,20000000,536870912,0
1499,8000,32768,20000000,536870912,0
1501,8000,32768,20000000,536870912,0
1503,8000,32768,20000000,536870912,0
1505,8000,32768,20000000,536870912,0
1507,8000,32768,20000000,536870912,0
1509,8000,32768,20000000,536870912,0
1511,8000,32768,20000000,536870912,0
1513,8000,32768,20000000,536870912,0
1515,8000,32768,20000000,536870912,0
1517,8000,32768,20000000,536870912,0
1519,8000,32768,20000000,536870912,0
1521,8000,32768,20000000,536870912,0
1523,8000,32768,20000000,536870912,0
1525,8000,32768,20000000,536870912,0
1527,8000,32768,20000000,536870912,0
1529,8000,32768,20000000,536870912,0
1531,8000,32768,20000000,536870912,0
1533,8000,32768,20000000,536870912,0
1535,8000,32768,20000000,536870912,0
1537,8000,32768,20000000,536870912,0
1539,8000,32768,20000000,536870912,0
1541,8000,32768,20000000,536870912,0
1543,8000,32768,20000000,536870912,0
1545,8000,32768,20000000,536870912,0
1547,8000,32768,20000000,536870912,0
1549,8000,32768,20000000,536870912,0
1551,8000,32768,20000000,536870912,0
1553,8000,32768,20000000,536870912,0
1555,8000,32768,20000000,536870912,0
1557,8000,32768,20000000,536870912,0
1559,8000,32768,20000000,536870912,0
1561,8000,32768,20000000,536870912,0
1563,8000,32768,20000000,536870912,0
1565,8000,32768,20000000,536870912,0
1567,8000,32768,20000000,536870912,0
1569,8000,32768,20000000,536870912,0
1571,8000,32768,20000000,536870912,0
1573,8000,32768,20000000,536870912,0
1575,8000,32768,20000000,536870912,0
1577,8000,32768,20000000,536870912,0
1579,8000,32768,20000000,536870912,0
1581,8000,32768,20000000,536870912,0
1583,8000,32768,20000000,536870912,0
1585,8000,32768,20000000,536870912,0
1587,8000,32768,20000000,536870912,0
1589,8000,32768,20000000,536870912,0
1591,8000,32768,20000000,536870912,0
1593,8000,32768,20000000,536870912,0
1595,8000,32768,20000000,536870912,0
1597,8000,32768,20000000,536870912,0
1599,8000,32768,20000000,536870912,0
1601,8000,32768,20000000,536870912,0
1603,8000,32768,20000000,536870912,0
1605,8000,32768,20000000,536870912,0
1607,8000,32768,20000000,536870912,0
1609,8000,32768,20000000,536870912,0
1611,8000,32768,20000000,536870912,0
1613,8000,32768,20000000,536870912,0
1615,8000,32768,20000000,536870912,0
1617,8000,32768,20000000,536870912,0
1619,8000,32768,20000000,536870912,0
1621,8000,32768,20000000,536870912,0
1623,8000,32768,20000000,536870912,0
1625,8000,32768,20000000,536870912,0
1627,8000,32768,20000000,536870912,0
1629,8000,32768,20000000,536870912,0
1631,8000,32768,20000000,536870912,0
1633,8000,32768,20000000,536870912,0
1635,8000,32768,20000000,536870912,0
1637,8000,32768,20000000,536870912,0
1639,8000,32768,20000000,536870912,0
1641,8000,32768,20000000,536870912,0
1643,8000,32768,20000000,536870912,0
1645,8000,32768,20000000,536870912,0
1647,8000,32768,20000000,536870912,0
1649,8000,32768,20000000,536870912,0
1651,8000,32768,20000000,536870912,0
1653,8000,32768,20000000,536870912,0
1655,8000,32768,20000000,536870912,0
1657,8000,32768,20000000,536870912,0
1659,8000,32768,20000000,536870912,0
1661,8000,32768,20000000,536870912,0
1663,8000,32768,20000000,536870912,0
1665,8000,32768,20000000,536870912,0
1667,8000,32768,20000000,536870912,0
1669,8000,32768,20000000,536870912,0
1671,8000,32768,20000000,536870912,0
1673,8000,32768,20000000,536870912,0
1675,8000,32768,20000000,536870912,0
1677,8000,32768,20000000,536870912,0
1679,8000,32768,20000000,536870912,0
1681,8000,32768,20000000,536870912,0
1683,8000,32768,20000000,536870912,0
1685,8000,32768,20000000,536870912,0
1687,8000,32768,20000000,536870912,0
1689,8000,32768,20000000,536870912,0
1691,8000,32768,20000000,536870912,0
1693,8000,32768,20000000,536870912,0
1695,8000,32768,20000000,536870912,0
1697,8000,32768,20000000,536870912,0
1699,8000,32768,20000000,536870912,0
1701,8000,32768,20000000,536870912,0
1703,8000,32768,20000000,536870912,0
1705,8000,32768,20000000,536870912,0
1707,8000,32768,20000000,536870912,0
1709,8000,32768,20000000,536870912,0
1711,8000,32768,20000000,536870912,0
1713,8000,32768,20000000,536870912,0
1715,8000,32768,20000000,536870912,0
1717,8000,32768,20000000,536870912,0
1719,8000,32768,20000000,536870912,0
1721,8000,32768,20000000,536870912,0
1723,8000,32768,20000000,536870912,0
1725,8000,32768,20000000,536870912,0
1727,8000,32768,20000000,536870912,0
1729,8000,32768,20000000,536870912,0
1731,8000,32768,20000000,536870912,0
1733,8000,32768,20000000,536870912,0
1735,8000,32768,20000000,536870912,0
1737,8000,32768,20000000,536870912,0
1739,8000,32768,20000000,536870912,0
1741,8000,32768,20000000,536870912,0
1743,8000,32768,20000000,536870912,0
1745,8000,32768,20000000,536870912,0
1747,8000,32768,20000000,536870912,0
1749,8000,32768,20000000,536870912,0
1751,8000,32768,20000000,536870912,0
1753,8000,32768,20000000,536870912,0
1755,8000,32768,20000000,536870912,0
1757,8000,32768,20000000,536870912,0
1759,8000,32768,20000000,536870912,0
1761,8000,32768,20000000,536870912,0
1763,8000,32768,20000000,536870912,0
1765,8000,32768,20000000,536870912,0
1767,8000,32768,20000000,536870912,0
1769,8000,32768,20000000,536870912,0
1771,8000,32768,20000000,536870912,0
1773,8000,32768,20000000,536870912,0
1775,8000,32768,20000000,536870912,0
1777,8000,32768,20000000,536870912,0
1779,8000,32768,20000000,536870912,0
1781,8000,32768,20000000,536870912,0
1783,8000,32768,20000000,536870912,0
1785,8000,32768,20000000,536870912,0
1787,8000,32768,20000000,536870912,0
1789,8000,32768,20000000,536870912,0
1791,8000,32768,20000000,536870912,0
1793,8000,32768,20000000,536870912,0
1795,8000,32768,20000000,536870912,0
1797,8000,32768,20000000,536870912,0
1799,8000,32768,20000000,536870912,0
1801,8000,32768,20000000,536870912,0
1803,8000,32768,20000000,536870912,0
1805,8000,32768,20000000,536870912,0
1807,8000,32768,20000000,536870912,0
1809,8000,32768,20000000,536870912,0
1811,8000,32768,20000000,536870912,0
1813,8000,32768,20000000,536870912,0
1815,8000,32768,20000000,536870912,0
1817,8000,32768,20000000,536870912,0
1819,8000,32768,20000000,536870912,0
1821,8000,32768,20000000,536870912,0
1823,8000,32768,20000000,536870912,0
1825,8000,32768,20000000,536870912,0
1827,8000,32768,20000000,536870912,0
1829,8000,32768,20000000,536870912,0
1831,8000,32768,20000000,536870912,0
1833,8000,32768,20000000,536870912,0
1835,8000,32768,20000000,536870912,0
1837,8000,32768,20000000,536870912,0
1839,8000,32768,20000000,536870912,0
1841,8000,32768,20000000,536870912,0
1843,8000,32768,20000000,536870912,0
1845,8000,32768,20000000,536870912,0
1847,8000,32768,20000000,536870912,0
1849,8000,32768,20000000,536870912,0
1851,8000,32768,20000000,536870912,0
1853,8000,32768,20000000,536870912,0
1855,8000,32768,20000000,536870912,0
1857,8000,32768,20000000,536870912,0
1859,8000,32768,20000000,536870912,0
1861,8000,32768,20000000,536870912,0
1863,8000,32768,20000000,536870912,0
1865,8000,32768,20000000,536870912,0
1867,8000,32768,20000000,536870912,0
1869,8000,32768,20000000,536870912,0
1871,8000,32768,20000000,536870912,0
1873,8000,32768,20000000,536870912,0
1875,8000,32768,20000000,536870912,0
1877,8000,32768,20000000,536870912,0
1879,8000,32768,20000000,536870912,0
1881,8000,32768,20000000,536870912,0
1883,8000,32768,20000000,536870912,0
1885,8000,32768,20000000,536870912,0
1887,8000,32768,20000000,536870912,0
1889,8000,32768,20000000,536870912,0
1891,8000,32768,20000000,536870912,0
1893,8000,32768,20000000,536870912,0
1895,8000,32768,20000000,536870912,0
1897,8000,32768,20000000,536870912,0
1899,8000,32768,20000000,536870912,0
1901,8000,32768,20000000,536870912,0
1903,8000,32768,20000000,536870912,0
1905,8000,32768,20000000,536870912,0
1907,8000,32768,20000000,536870912,0
1909,8000,32768,20000000,536870912,0
1911,8000,32768,20000000,536870912,0
1913,8000,32768,20000000,536870912,0
1915,8000,32768,20000000,536870912,0
1917,8000,32768,20000000,536870912,0
1919,8000,32768,20000000,536870912,0
1921,8000,32768,20000000,536870912,0
1923,8000,32768,20000000,536870912,0
1925,8000,32768,20000000,536870912,0
1927,8000,32768,20000000,536870912,0
1929,8000,32768,20000000,536870912,0
1931,8000,32768,20000000,536870912,0
1933,8000,32768,20000000,536870912,0
1935,8000,32768,20000000,536870912,0
1937,8000,32768,20000000,536870912,0
1939,8000,32768,20000000,536870912,0
1941,8000,32768,20000000,536870912,0
1943,8000,32768,20000000,536870912,0
1945,8000,32768,20000000,536870912,0
1947,8000,32768,20000000,536870912,0
1949,8000,32768,20000000,536870912,0
1951,8000,32768,20000000,536870912,0
1953,8000,32768,20000000,536870912,0
1955,8000,32768,20000000,536870912,0
1957,8000,32768,20000000,536870912,0
1959,8000,32768,20000000,536870912,0
1961,8000,32768,20000000,536870912,0
1963,8000,32768,20000000,536870912,0
1965,8000,32768,20000000,536870912,0
1967,8000,32768,20000000,536870912,0
1969,8000,32768,20000000,536870912,0
1971,8000,32768,20000000,536870912,0
1973,8000,32768,20000000,536870912,0
1975,8000,32768,20000000,536870912,0
1977,8000,32768,20000000,536870912,0
1979,8000,32768,20000000,536870912,0
1981,8000,32768,20000000,536870912,0
1983,8000,32768,20000000,536870912,0
1985,8000,32768,20000000,536870912,0
1987,8000,32768,20000000,536870912,0
1989,8000,32768,20000000,536870912,0
1991,8000,32768,20000000,536870912,0
1993,8000,32768,20000000,536870912,0
1995,8000,32768,20000000,536870912,0
1997,8000,32768,20000000,536870912,0
1999,8000,32768,20000000,536870912,0
