0,-1073710017, C0007C3F, C,0,0,0,7, C,3, F 
2,1610644531, 60007C33,6,0,0,0,7, C,3,3
4,1073773606, 40007C26,4,0,0,0,7, C,2,6
6,536902684, 20007C1C,2,0,0,0,7, C,1, C 
8,1073773588, 40007C14,4,0,0,0,7, C,1,4
10,1073773579, 40007C0B,4,0,0,0,7, C,0, B 
12,31747, 00007C03,0,0,0,0,7, C,0,3
14,1610644744, 60007D08,6,0,0,0,7, D,0,8
16,-2147451652, 80007CFC,8,0,0,0,7, C, F, C 
18,-2147451665, 80007CEF,8,0,0,0,7, C, E, F 
20,-536838944, E0007CE0, E,0,0,0,7, C, E,0
22,31955, 00007CD3,0,0,0,0,7, C, D,3
24,536902853, 20007CC5,2,0,0,0,7, C, C,5
26,-536838988, E0007CB4, E,0,0,0,7, C, B,4
28,-2147451626, 80007D16,8,0,0,0,7, D,1,6
30,-536838880, E0007D20, E,0,0,0,7, D,2,0
32,536902954, 20007D2A,2,0,0,0,7, D,2, A 
34,32050, 00007D32,0,0,0,0,7, D,3,2
36,32056, 00007D38,0,0,0,0,7, D,3,8
38,32061, 00007D3D,0,0,0,0,7, D,3, D 
40,536902977, 20007D41,2,0,0,0,7, D,4,1
42,-1610580668, A0007D44, A,0,0,0,7, D,4,4
44,-2147451842, 80007C3E,8,0,0,0,7, C,3, E 
46,-1610580913, A0007C4F, A,0,0,0,7, C,4, F 
48,536902753, 20007C61,2,0,0,0,7, C,6,1
50,1073773681, 40007C71,4,0,0,0,7, C,7,1
52,536902783, 20007C7F,2,0,0,0,7, C,7, F 
54,1610644619, 60007C8B,6,0,0,0,7, C,8, B 
56,-2147451754, 80007C96,8,0,0,0,7, C,9,6
58,1073773540, 40007BE4,4,0,0,0,7, B, E,4
60,-536839201, E0007BDF, E,0,0,0,7, B, D, F 
62,1073773532, 40007BDC,4,0,0,0,7, B, D, C 
64,-2147451942, 80007BDA,8,0,0,0,7, B, D, A 
66,-2147451942, 80007BDA,8,0,0,0,7, B, D, A 
68,-1073710115, C0007BDD, C,0,0,0,7, B, D, D 
70,31715, 00007BE3,0,0,0,0,7, B, E,3
72,-1610580862, A0007C82, A,0,0,0,7, C,8,2
74,-2147451783, 80007C79,8,0,0,0,7, C,7,9
76,1610644592, 60007C70,6,0,0,0,7, C,7,0
78,-536839068, E0007C64, E,0,0,0,7, C,6,4
80,1073773654, 40007C56,4,0,0,0,7, C,5,6
82,31816, 00007C48,0,0,0,0,7, C,4,8
84,-1610580931, A0007C3D, A,0,0,0,7, C,3, D 
86,-1610580942, A0007C32, A,0,0,0,7, C,3,2
88,-1073709761, C0007D3F, C,0,0,0,7, D,3, F 
90,-1610580686, A0007D32, A,0,0,0,7, D,3,2
92,-2147451609, 80007D27,8,0,0,0,7, D,2,7
94,-1610580706, A0007D1E, A,0,0,0,7, D,1, E 
96,32022, 00007D16,0,0,0,0,7, D,1,6
98,-1073709812, C0007D0C, C,0,0,0,7, D,0, C 
100,1610644736, 60007D00,6,0,0,0,7, D,0,0
102,1610644689, 60007CD1,6,0,0,0,7, C, D,1
104,-536838944, E0007CE0, E,0,0,0,7, C, E,0
106,1073773809, 40007CF1,4,0,0,0,7, C, F,1
108,1610644738, 60007D02,6,0,0,0,7, D,0,2
110,32018, 00007D12,0,0,0,0,7, D,1,2
112,-1073709794, C0007D1E, C,0,0,0,7, D,1, E 
114,-2147451608, 80007D28,8,0,0,0,7, D,2,8
116,-1073710085, C0007BFB, C,0,0,0,7, B, F, B 
118,1073773571, 40007C03,4,0,0,0,7, C,0,3
120,31757, 00007C0D,0,0,0,0,7, C,0, D 
122,-2147451880, 80007C18,8,0,0,0,7, C,1,8
124,-1610580958, A0007C22, A,0,0,0,7, C,2,2
126,536902701, 20007C2D,2,0,0,0,7, C,2, D 
128,-2147451845, 80007C3B,8,0,0,0,7, C,3, B 
130,-1073710067, C0007C0D, C,0,0,0,7, C,0, D 
132,-1073710075, C0007C05, C,0,0,0,7, C,0,5
134,1610644478, 60007BFE,6,0,0,0,7, B, F, E 
136,-2147451913, 80007BF7,8,0,0,0,7, B, F,7
138,-1073710097, C0007BEF, C,0,0,0,7, B, E, F 
140,31721, 00007BE9,0,0,0,0,7, B, E,9
142,1610644453, 60007BE5,6,0,0,0,7, B, E,5
144,-2147451693, 80007CD3,8,0,0,0,7, C, D,3
146,1610644675, 60007CC3,6,0,0,0,7, C, C,3
148,536902834, 20007CB2,2,0,0,0,7, C, B,2
150,1610644641, 60007CA1,6,0,0,0,7, C, A,1
152,-536839023, E0007C91, E,0,0,0,7, C,9,1
154,31879, 00007C87,0,0,0,0,7, C,8,7
156,1073773694, 40007C7E,4,0,0,0,7, C,7, E 
158,1610644794, 60007D3A,6,0,0,0,7, D,3, A 
160,32064, 00007D40,0,0,0,0,7, D,4,0
162,-536838844, E0007D44, E,0,0,0,7, D,4,4
164,32073, 00007D49,0,0,0,0,7, D,4,9
166,1610644812, 60007D4C,6,0,0,0,7, D,4, C 
168,-536838836, E0007D4C, E,0,0,0,7, D,4, C 
170,-1073709753, C0007D47, C,0,0,0,7, D,4,7
172,1073773885, 40007D3D,4,0,0,0,7, D,3, D 
174,-2147451773, 80007C83,8,0,0,0,7, C,8,3
176,31887, 00007C8F,0,0,0,0,7, C,8, F 
178,-1610580838, A0007C9A, A,0,0,0,7, C,9, A 
180,-536839001, E0007CA7, E,0,0,0,7, C, A,7
182,-536838987, E0007CB5, E,0,0,0,7, C, B,5
184,-1073709885, C0007CC3, C,0,0,0,7, C, C,3
186,-1073709871, C0007CD1, C,0,0,0,7, C, D,1
188,1073773532, 40007BDC,4,0,0,0,7, B, D, C 
190,31712, 00007BE0,0,0,0,0,7, B, E,0
192,1610644454, 60007BE6,6,0,0,0,7, B, E,6
194,-2147451922, 80007BEE,8,0,0,0,7, B, E, E 
196,536902646, 20007BF6,2,0,0,0,7, B, F,6
198,1073773564, 40007BFC,4,0,0,0,7, B, F, C 
200,-1610580990, A0007C02, A,0,0,0,7, C,0,2
202,-2147451824, 80007C50,8,0,0,0,7, C,5,0
204,-1073710012, C0007C44, C,0,0,0,7, C,4,4
206,-1610580935, A0007C39, A,0,0,0,7, C,3,9
208,-1610580947, A0007C2D, A,0,0,0,7, C,2, D 
210,-536839134, E0007C22, E,0,0,0,7, C,2,2
212,31769, 00007C19,0,0,0,0,7, C,1,9
214,1610644495, 60007C0F,6,0,0,0,7, C,0, F 
216,-1073709796, C0007D1C, C,0,0,0,7, D,1, C 
218,-1073709805, C0007D13, C,0,0,0,7, D,1,3
220,-536838904, E0007D08, E,0,0,0,7, D,0,8
222,1073773819, 40007CFB,4,0,0,0,7, C, F, B 
224,-1610580756, A0007CEC, A,0,0,0,7, C, E, C 
226,-1610580770, A0007CDE, A,0,0,0,7, C, D, E 
228,-536838960, E0007CD0, E,0,0,0,7, C, D,0
230,-536838909, E0007D03, E,0,0,0,7, D,0,3
232,32019, 00007D13,0,0,0,0,7, D,1,3
234,1610644766, 60007D1E,6,0,0,0,7, D,1, E 
236,1610644775, 60007D27,6,0,0,0,7, D,2,7
238,-2147451600, 80007D30,8,0,0,0,7, D,3,0
240,536902968, 20007D38,2,0,0,0,7, D,3,8
242,1073773886, 40007D3E,4,0,0,0,7, D,3, E 
244,1073773597, 40007C1D,4,0,0,0,7, C,1, D 
246,31784, 00007C28,0,0,0,0,7, C,2,8
248,-536839117, E0007C33, E,0,0,0,7, C,3,3
250,-536839101, E0007C43, E,0,0,0,7, C,4,3
252,-1073709993, C0007C57, C,0,0,0,7, C,5,7
254,536902762, 20007C6A,2,0,0,0,7, C,6, A 
256,31865, 00007C79,0,0,0,0,7, C,7,9
258,31877, 00007C85,0,0,0,0,7, C,8,5
260,-1073710098, C0007BEE, C,0,0,0,7, B, E, E 
262,-1610581016, A0007BE8, A,0,0,0,7, B, E,8
264,-1073710108, C0007BE4, C,0,0,0,7, B, E,4
266,1610644446, 60007BDE,6,0,0,0,7, B, D, E 
268,1610644442, 60007BDA,6,0,0,0,7, B, D, A 
270,536902617, 20007BD9,2,0,0,0,7, B, D,9
272,-1073710119, C0007BD9, C,0,0,0,7, B, D,9
274,1073773713, 40007C91,4,0,0,0,7, C,9,1
276,1073773702, 40007C86,4,0,0,0,7, C,8,6
278,536902781, 20007C7D,2,0,0,0,7, C,7, D 
280,1610644597, 60007C75,6,0,0,0,7, C,7,5
282,-536839062, E0007C6A, E,0,0,0,7, C,6, A 
284,-1610580899, A0007C5D, A,0,0,0,7, C,5, D 
286,31826, 00007C52,0,0,0,0,7, C,5,2
288,1073773903, 40007D4F,4,0,0,0,7, D,4, F 
290,1610644812, 60007D4C,6,0,0,0,7, D,4, C 
292,1610644804, 60007D44,6,0,0,0,7, D,4,4
294,1073773881, 40007D39,4,0,0,0,7, D,3,9
296,-536838867, E0007D2D, E,0,0,0,7, D,2, D 
298,536902948, 20007D24,2,0,0,0,7, D,2,4
300,-536838885, E0007D1B, E,0,0,0,7, D,1, B 
302,-536838999, E0007CA9, E,0,0,0,7, C, A,9
304,1073773751, 40007CB7,4,0,0,0,7, C, B,7
306,1610644677, 60007CC5,6,0,0,0,7, C, C,5
308,-2147451693, 80007CD3,8,0,0,0,7, C, D,3
310,31971, 00007CE3,0,0,0,0,7, C, E,3
312,1073773813, 40007CF5,4,0,0,0,7, C, F,5
314,-536838905, E0007D07, E,0,0,0,7, D,0,7
316,-1073710100, C0007BEC, C,0,0,0,7, B, E, C 
318,-1073710092, C0007BF4, C,0,0,0,7, B, F,4
320,31739, 00007BFB,0,0,0,0,7, B, F, B 
322,536902657, 20007C01,2,0,0,0,7, C,0,1
324,-2147451895, 80007C09,8,0,0,0,7, C,0,9
326,1610644500, 60007C14,6,0,0,0,7, C,1,4
328,1073773598, 40007C1E,4,0,0,0,7, C,1, E 
330,1610644524, 60007C2C,6,0,0,0,7, C,2, C 
332,536902688, 20007C20,2,0,0,0,7, C,2,0
334,-1610580970, A0007C16, A,0,0,0,7, C,1,6
336,536902671, 20007C0F,2,0,0,0,7, C,0, F 
338,536902663, 20007C07,2,0,0,0,7, C,0,7
340,1073773566, 40007BFE,4,0,0,0,7, B, F, E 
342,536902646, 20007BF6,2,0,0,0,7, B, F,6
344,-1610580746, A0007CF6, A,0,0,0,7, C, F,6
346,536902888, 20007CE8,2,0,0,0,7, C, E,8
348,-1073709862, C0007CDA, C,0,0,0,7, C, D, A 
350,536902860, 20007CCC,2,0,0,0,7, C, C, C 
352,-1073709892, C0007CBC, C,0,0,0,7, C, B, C 
354,-536838996, E0007CAC, E,0,0,0,7, C, A, C 
356,1610644637, 60007C9D,6,0,0,0,7, C,9, D 
358,-1610580848, A0007C90, A,0,0,0,7, C,9,0
360,1073773872, 40007D30,4,0,0,0,7, D,3,0
362,-2147451593, 80007D37,8,0,0,0,7, D,3,7
364,-2147451588, 80007D3C,8,0,0,0,7, D,3, C 
366,-1073709760, C0007D40, C,0,0,0,7, D,4,0
368,-536838844, E0007D44, E,0,0,0,7, D,4,4
370,-536838841, E0007D47, E,0,0,0,7, D,4,7
372,1073773897, 40007D49,4,0,0,0,7, D,4,9
374,-536839076, E0007C5C, E,0,0,0,7, C,5, C 
376,1610644590, 60007C6E,6,0,0,0,7, C,6, E 
378,-1610580869, A0007C7B, A,0,0,0,7, C,7, B 
380,536902791, 20007C87,2,0,0,0,7, C,8,7
382,536902802, 20007C92,2,0,0,0,7, C,9,2
384,-2147451747, 80007C9D,8,0,0,0,7, C,9, D 
386,31916, 00007CAC,0,0,0,0,7, C, A, C 
388,-536839204, E0007BDC, E,0,0,0,7, B, D, C 
390,-1610581032, A0007BD8, A,0,0,0,7, B, D,8
392,-1610581035, A0007BD5, A,0,0,0,7, B, D,5
394,-2147451944, 80007BD8,8,0,0,0,7, B, D,8
396,-1073710114, C0007BDE, C,0,0,0,7, B, D, E 
398,-1073710108, C0007BE4, C,0,0,0,7, B, E,4
400,536902637, 20007BED,2,0,0,0,7, B, E, D 
402,-1073709970, C0007C6E, C,0,0,0,7, C,6, E 
404,31843, 00007C63,0,0,0,0,7, C,6,3
406,31831, 00007C57,0,0,0,0,7, C,5,7
408,-2147451831, 80007C49,8,0,0,0,7, C,4,9
410,31805, 00007C3D,0,0,0,0,7, C,3, D 
412,1610644531, 60007C33,6,0,0,0,7, C,3,3
414,1610644519, 60007C27,6,0,0,0,7, C,2,7
416,-1073709774, C0007D32, C,0,0,0,7, D,3,2
418,1610644775, 60007D27,6,0,0,0,7, D,2,7
420,1610644766, 60007D1E,6,0,0,0,7, D,1, E 
422,-536838891, E0007D15, E,0,0,0,7, D,1,5
424,536902924, 20007D0C,2,0,0,0,7, D,0, C 
426,32000, 00007D00,0,0,0,0,7, D,0,0
428,-1610580750, A0007CF2, A,0,0,0,7, C, F,2
430,-2147451687, 80007CD9,8,0,0,0,7, C, D,9
432,1073773801, 40007CE9,4,0,0,0,7, C, E,9
434,31994, 00007CFA,0,0,0,0,7, C, F, A 
436,1610644746, 60007D0A,6,0,0,0,7, D,0, A 
438,-2147451625, 80007D17,8,0,0,0,7, D,1,7
440,536902946, 20007D22,2,0,0,0,7, D,2,2
442,-1610580693, A0007D2B, A,0,0,0,7, D,2, B 
444,1073773570, 40007C02,4,0,0,0,7, C,0,2
446,1610644491, 60007C0B,6,0,0,0,7, C,0, B 
448,1073773590, 40007C16,4,0,0,0,7, C,1,6
450,-1073710049, C0007C1F, C,0,0,0,7, C,1, F 
452,1610644522, 60007C2A,6,0,0,0,7, C,2, A 
454,1610644536, 60007C38,6,0,0,0,7, C,3,8
456,-1610580919, A0007C49, A,0,0,0,7, C,4,9
458,536902670, 20007C0E,2,0,0,0,7, C,0, E 
460,31750, 00007C06,0,0,0,0,7, C,0,6
462,-1073710084, C0007BFC, C,0,0,0,7, B, F, C 
464,536902644, 20007BF4,2,0,0,0,7, B, F,4
466,-536839188, E0007BEC, E,0,0,0,7, B, E, C 
468,-1073710105, C0007BE7, C,0,0,0,7, B, E,7
470,536902628, 20007BE4,2,0,0,0,7, B, E,4
472,31713, 00007BE1,0,0,0,0,7, B, E,1
474,1073773750, 40007CB6,4,0,0,0,7, C, B,6
476,-536839003, E0007CA5, E,0,0,0,7, C, A,5
478,536902807, 20007C97,2,0,0,0,7, C,9,7
480,1073773707, 40007C8B,4,0,0,0,7, C,8, B 
482,31874, 00007C82,0,0,0,0,7, C,8,2
484,1610644601, 60007C79,6,0,0,0,7, C,7,9
486,536902768, 20007C70,2,0,0,0,7, C,7,0
488,32068, 00007D44,0,0,0,0,7, D,4,4
490,536902983, 20007D47,2,0,0,0,7, D,4,7
492,1073773897, 40007D49,4,0,0,0,7, D,4,9
494,-1073709751, C0007D49, C,0,0,0,7, D,4,9
496,32070, 00007D46,0,0,0,0,7, D,4,6
498,-2147451588, 80007D3C,8,0,0,0,7, D,3, C 
500,1610644784, 60007D30,6,0,0,0,7, D,3,0
502,-536839032, E0007C88, E,0,0,0,7, C,8,8
504,-1073709934, C0007C92, C,0,0,0,7, C,9,2
506,-2147451745, 80007C9F,8,0,0,0,7, C,9, F 
508,1610644654, 60007CAE,6,0,0,0,7, C, A, E 
510,1610644668, 60007CBC,6,0,0,0,7, C, B, C 
512,-2147451701, 80007CCB,8,0,0,0,7, C, C, B 
514,-1073709863, C0007CD9, C,0,0,0,7, C, D,9
516,1073773535, 40007BDF,4,0,0,0,7, B, D, F 
518,-2147451932, 80007BE4,8,0,0,0,7, B, E,4
520,536902635, 20007BEB,2,0,0,0,7, B, E, B 
522,536902643, 20007BF3,2,0,0,0,7, B, F,3
524,536902650, 20007BFA,2,0,0,0,7, B, F, A 
526,-1610580994, A0007BFE, A,0,0,0,7, B, F, E 
528,1610644485, 60007C05,6,0,0,0,7, C,0,5
530,-536839096, E0007C48, E,0,0,0,7, C,4,8
532,536902718, 20007C3E,2,0,0,0,7, C,3, E 
534,31794, 00007C32,0,0,0,0,7, C,3,2
536,-2147451866, 80007C26,8,0,0,0,7, C,2,6
538,-536839138, E0007C1E, E,0,0,0,7, C,1, E 
540,-2147451882, 80007C16,8,0,0,0,7, C,1,6
542,1073773580, 40007C0C,4,0,0,0,7, C,0, C 
544,1073773572, 40007C04,4,0,0,0,7, C,0,4
546,-1610580726, A0007D0A, A,0,0,0,7, D,0, A 
548,-2147451651, 80007CFD,8,0,0,0,7, C, F, D 
550,-536838930, E0007CEE, E,0,0,0,7, C, E, E 
552,536902881, 20007CE1,2,0,0,0,7, C, E,1
554,-536838957, E0007CD3, E,0,0,0,7, C, D,3
556,-2147451708, 80007CC4,8,0,0,0,7, C, C,4
558,-2147451725, 80007CB3,8,0,0,0,7, C, B,3
560,-1073709800, C0007D18, C,0,0,0,7, D,1,8
562,536902946, 20007D22,2,0,0,0,7, D,2,2
564,1073773867, 40007D2B,4,0,0,0,7, D,2, B 
566,-536838862, E0007D32, E,0,0,0,7, D,3,2
568,32057, 00007D39,0,0,0,0,7, D,3,9
570,536902975, 20007D3F,2,0,0,0,7, D,3, F 
572,-2147451581, 80007D43,8,0,0,0,7, D,4,3
574,31794, 00007C32,0,0,0,0,7, C,3,2
576,-1073710015, C0007C41, C,0,0,0,7, C,4,1
578,-2147451822, 80007C52,8,0,0,0,7, C,5,2
580,31845, 00007C65,0,0,0,0,7, C,6,5
582,-2147451787, 80007C75,8,0,0,0,7, C,7,5
584,-536839038, E0007C82, E,0,0,0,7, C,8,2
586,1073773710, 40007C8E,4,0,0,0,7, C,8, E 
588,-1073710101, C0007BEB, C,0,0,0,7, B, E, B 
590,-1073710106, C0007BE6, C,0,0,0,7, B, E,6
592,31715, 00007BE3,0,0,0,0,7, B, E,3
594,1610644447, 60007BDF,6,0,0,0,7, B, D, F 
596,536902620, 20007BDC,2,0,0,0,7, B, D, C 
598,-2147451941, 80007BDB,8,0,0,0,7, B, D, B 
600,1610644447, 60007BDF,6,0,0,0,7, B, D, F 
602,-2147451770, 80007C86,8,0,0,0,7, C,8,6
604,1610644605, 60007C7D,6,0,0,0,7, C,7, D 
606,-1610580876, A0007C74, A,0,0,0,7, C,7,4
608,31851, 00007C6B,0,0,0,0,7, C,6, B 
610,-2147451809, 80007C5F,8,0,0,0,7, C,5, F 
612,-2147451822, 80007C52,8,0,0,0,7, C,5,2
614,31814, 00007C46,0,0,0,0,7, C,4,6
616,536902987, 20007D4B,2,0,0,0,7, D,4, B 
618,1073773892, 40007D44,4,0,0,0,7, D,4,4
620,536902969, 20007D39,2,0,0,0,7, D,3,9
622,-2147451603, 80007D2D,8,0,0,0,7, D,2, D 
624,1073773859, 40007D23,4,0,0,0,7, D,2,3
626,32027, 00007D1B,0,0,0,0,7, D,1, B 
628,1610644754, 60007D12,6,0,0,0,7, D,1,2
630,-2147451641, 80007D07,8,0,0,0,7, D,0,7
632,31942, 00007CC6,0,0,0,0,7, C, C,6
634,536902867, 20007CD3,2,0,0,0,7, C, D,3
636,536902881, 20007CE1,2,0,0,0,7, C, E,1
638,1610644723, 60007CF3,6,0,0,0,7, C, F,3
640,1073773830, 40007D06,4,0,0,0,7, D,0,6
642,-1073709803, C0007D15, C,0,0,0,7, D,1,5
644,1073773857, 40007D21,4,0,0,0,7, D,2,1
646,1610644473, 60007BF9,6,0,0,0,7, B, F,9
648,-536839169, E0007BFF, E,0,0,0,7, B, F, F 
650,-1610580985, A0007C07, A,0,0,0,7, C,0,7
652,536902674, 20007C12,2,0,0,0,7, C,1,2
654,-2147451876, 80007C1C,8,0,0,0,7, C,1, C 
656,536902694, 20007C26,2,0,0,0,7, C,2,6
658,536902706, 20007C32,2,0,0,0,7, C,3,2
660,-1073710056, C0007C18, C,0,0,0,7, C,1,8
662,31760, 00007C10,0,0,0,0,7, C,1,0
664,31751, 00007C07,0,0,0,0,7, C,0,7
666,536902654, 20007BFE,2,0,0,0,7, B, F, E 
668,31734, 00007BF6,0,0,0,0,7, B, F,6
670,-1073710097, C0007BEF, C,0,0,0,7, B, E, F 
672,-2147451927, 80007BE9,8,0,0,0,7, B, E,9
674,31965, 00007CDD,0,0,0,0,7, C, D, D 
676,31952, 00007CD0,0,0,0,0,7, C, D,0
678,1610644671, 60007CBF,6,0,0,0,7, C, B, F 
680,536902830, 20007CAE,2,0,0,0,7, C, A, E 
682,1073773726, 40007C9E,4,0,0,0,7, C,9, E 
684,-2147451759, 80007C91,8,0,0,0,7, C,9,1
686,-1073709945, C0007C87, C,0,0,0,7, C,8,7
688,-1073709769, C0007D37, C,0,0,0,7, D,3,7
690,-1610580675, A0007D3D, A,0,0,0,7, D,3, D 
692,32067, 00007D43,0,0,0,0,7, D,4,3
694,-1610580665, A0007D47, A,0,0,0,7, D,4,7
696,1073773899, 40007D4B,4,0,0,0,7, D,4, B 
698,1610644812, 60007D4C,6,0,0,0,7, D,4, C 
700,-1610580663, A0007D49, A,0,0,0,7, D,4,9
702,-1610580671, A0007D41, A,0,0,0,7, D,4,1
704,-2147451781, 80007C7B,8,0,0,0,7, C,7, B 
706,-2147451770, 80007C86,8,0,0,0,7, C,8,6
708,-536839024, E0007C90, E,0,0,0,7, C,9,0
710,-1610580836, A0007C9C, A,0,0,0,7, C,9, C 
712,31915, 00007CAB,0,0,0,0,7, C, A, B 
714,-536838983, E0007CB9, E,0,0,0,7, C, B,9
716,-2147451704, 80007CC8,8,0,0,0,7, C, C,8
718,-2147451942, 80007BDA,8,0,0,0,7, B, D, A 
720,-536839205, E0007BDB, E,0,0,0,7, B, D, B 
722,-2147451935, 80007BE1,8,0,0,0,7, B, E,1
724,-1610581017, A0007BE7, A,0,0,0,7, B, E,7
726,536902640, 20007BF0,2,0,0,0,7, B, F,0
728,-1610581000, A0007BF8, A,0,0,0,7, B, F,8
730,-2147451907, 80007BFD,8,0,0,0,7, B, F, D 
732,-1073709987, C0007C5D, C,0,0,0,7, C,5, D 
734,-2147451823, 80007C51,8,0,0,0,7, C,5,1
736,-2147451836, 80007C44,8,0,0,0,7, C,4,4
738,-1610580935, A0007C39, A,0,0,0,7, C,3,9
740,-1073710033, C0007C2F, C,0,0,0,7, C,2, F 
742,1073773604, 40007C24,4,0,0,0,7, C,2,4
744,1073773594, 40007C1A,4,0,0,0,7, C,1, A 
746,-2147451617, 80007D1F,8,0,0,0,7, D,1, F 
748,536902935, 20007D17,2,0,0,0,7, D,1,7
750,536902925, 20007D0D,2,0,0,0,7, D,0, D 
752,536902914, 20007D02,2,0,0,0,7, D,0,2
754,536902901, 20007CF5,2,0,0,0,7, C, F,5
756,-536838938, E0007CE6, E,0,0,0,7, C, E,6
758,-1610580775, A0007CD9, A,0,0,0,7, C, D,9
760,-1610580746, A0007CF6, A,0,0,0,7, C, F,6
762,-1610580729, A0007D07, A,0,0,0,7, D,0,7
764,536902934, 20007D16,2,0,0,0,7, D,1,6
766,32031, 00007D1F,0,0,0,0,7, D,1, F 
768,-536838874, E0007D26, E,0,0,0,7, D,2,6
770,536902959, 20007D2F,2,0,0,0,7, D,2, F 
772,32053, 00007D35,0,0,0,0,7, D,3,5
774,-2147451883, 80007C15,8,0,0,0,7, C,1,5
776,536902687, 20007C1F,2,0,0,0,7, C,1, F 
778,1610644521, 60007C29,6,0,0,0,7, C,2,9
780,-2147451850, 80007C36,8,0,0,0,7, C,3,6
782,1610644551, 60007C47,6,0,0,0,7, C,4,7
784,-2147451814, 80007C5A,8,0,0,0,7, C,5, A 
786,31852, 00007C6C,0,0,0,0,7, C,6, C 
788,1073773565, 40007BFD,4,0,0,0,7, B, F, D 
790,-536839180, E0007BF4, E,0,0,0,7, B, F,4
792,536902636, 20007BEC,2,0,0,0,7, B, E, C 
794,536902631, 20007BE7,2,0,0,0,7, B, E,7
796,1073773539, 40007BE3,4,0,0,0,7, B, E,3
798,1610644445, 60007BDD,6,0,0,0,7, B, D, D 
800,536902618, 20007BDA,2,0,0,0,7, B, D, A 
802,1073773735, 40007CA7,4,0,0,0,7, C, A,7
804,1610644633, 60007C99,6,0,0,0,7, C,9,9
806,1073773710, 40007C8E,4,0,0,0,7, C,8, E 
808,1610644611, 60007C83,6,0,0,0,7, C,8,3
810,-1610580871, A0007C79, A,0,0,0,7, C,7,9
812,-1073709968, C0007C70, C,0,0,0,7, C,7,0
814,536902757, 20007C65,2,0,0,0,7, C,6,5
816,536902986, 20007D4A,2,0,0,0,7, D,4, A 
818,-1073709748, C0007D4C, C,0,0,0,7, D,4, C 
820,32077, 00007D4D,0,0,0,0,7, D,4, D 
822,-1610580664, A0007D48, A,0,0,0,7, D,4,8
824,536902975, 20007D3F,2,0,0,0,7, D,3, F 
826,1610644786, 60007D32,6,0,0,0,7, D,3,2
828,32039, 00007D27,0,0,0,0,7, D,2,7
830,1073773854, 40007D1E,4,0,0,0,7, D,1, E 
832,-536839009, E0007C9F, E,0,0,0,7, C,9, F 
834,-1610580818, A0007CAE, A,0,0,0,7, C, A, E 
836,-1610580802, A0007CBE, A,0,0,0,7, C, B, E 
838,-536838964, E0007CCC, E,0,0,0,7, C, C, C 
840,1610644699, 60007CDB,6,0,0,0,7, C, D, B 
842,536902891, 20007CEB,2,0,0,0,7, C, E, B 
844,-2147451653, 80007CFB,8,0,0,0,7, C, F, B 
846,1610644456, 60007BE8,6,0,0,0,7, B, E,8
848,-536839184, E0007BF0, E,0,0,0,7, B, F,0
850,-536839178, E0007BF6, E,0,0,0,7, B, F,6
852,536902652, 20007BFC,2,0,0,0,7, B, F, C 
854,1610644483, 60007C03,6,0,0,0,7, C,0,3
856,536902667, 20007C0B,2,0,0,0,7, C,0, B 
858,-2147451883, 80007C15,8,0,0,0,7, C,1,5
860,-536839116, E0007C34, E,0,0,0,7, C,3,4
862,1073773605, 40007C25,4,0,0,0,7, C,2,5
864,31772, 00007C1C,0,0,0,0,7, C,1, C 
866,1073773589, 40007C15,4,0,0,0,7, C,1,5
868,-1073710069, C0007C0B, C,0,0,0,7, C,0, B 
870,-1610580989, A0007C03, A,0,0,0,7, C,0,3
872,536902653, 20007BFD,2,0,0,0,7, B, F, D 
874,-1610580739, A0007CFD, A,0,0,0,7, C, F, D 
876,-2147451665, 80007CEF,8,0,0,0,7, C, E, F 
878,-536838942, E0007CE2, E,0,0,0,7, C, E,2
880,-1610580779, A0007CD5, A,0,0,0,7, C, D,5
882,-1073709883, C0007CC5, C,0,0,0,7, C, C,5
884,-536838988, E0007CB4, E,0,0,0,7, C, B,4
886,-536839004, E0007CA4, E,0,0,0,7, C, A,4
888,1610644772, 60007D24,6,0,0,0,7, D,2,4
890,-536838867, E0007D2D, E,0,0,0,7, D,2, D 
892,-1610580685, A0007D33, A,0,0,0,7, D,3,3
894,-1610580680, A0007D38, A,0,0,0,7, D,3,8
896,1073773887, 40007D3F,4,0,0,0,7, D,3, F 
898,1073773892, 40007D44,4,0,0,0,7, D,4,4
900,-536838841, E0007D47, E,0,0,0,7, D,4,7
902,-1073710019, C0007C3D, C,0,0,0,7, C,3, D 
904,-2147451826, 80007C4E,8,0,0,0,7, C,4, E 
906,-1610580895, A0007C61, A,0,0,0,7, C,6,1
908,1610644595, 60007C73,6,0,0,0,7, C,7,3
910,1073773697, 40007C81,4,0,0,0,7, C,8,1
912,1610644620, 60007C8C,6,0,0,0,7, C,8, C 
914,1073773719, 40007C97,4,0,0,0,7, C,9,7
916,-1610581016, A0007BE8, A,0,0,0,7, B, E,8
918,-536839197, E0007BE3, E,0,0,0,7, B, E,3
920,536902625, 20007BE1,2,0,0,0,7, B, E,1
922,1610644448, 60007BE0,6,0,0,0,7, B, E,0
924,-2147451937, 80007BDF,8,0,0,0,7, B, D, F 
926,1610644448, 60007BE0,6,0,0,0,7, B, E,0
928,-536839196, E0007BE4, E,0,0,0,7, B, E,4
930,-1610580865, A0007C7F, A,0,0,0,7, C,7, F 
932,31863, 00007C77,0,0,0,0,7, C,7,7
934,-2147451795, 80007C6D,8,0,0,0,7, C,6, D 
936,-2147451805, 80007C63,8,0,0,0,7, C,6,3
938,536902744, 20007C58,2,0,0,0,7, C,5,8
940,-1610580919, A0007C49, A,0,0,0,7, C,4,9
942,-536839108, E0007C3C, E,0,0,0,7, C,3, C 
944,1610644806, 60007D46,6,0,0,0,7, D,4,6
946,32060, 00007D3C,0,0,0,0,7, D,3, C 
948,-2147451601, 80007D2F,8,0,0,0,7, D,2, F 
950,536902949, 20007D25,2,0,0,0,7, D,2,5
952,-2147451620, 80007D1C,8,0,0,0,7, D,1, C 
954,-1610580717, A0007D13, A,0,0,0,7, D,1,3
956,1073773833, 40007D09,4,0,0,0,7, D,0,9
958,536902848, 20007CC0,2,0,0,0,7, C, C,0
960,-1610580786, A0007CCE, A,0,0,0,7, C, C, E 
962,-1610580771, A0007CDD, A,0,0,0,7, C, D, D 
964,1610644718, 60007CEE,6,0,0,0,7, C, E, E 
966,-2147451649, 80007CFF,8,0,0,0,7, C, F, F 
968,-536838897, E0007D0F, E,0,0,0,7, D,0, F 
970,32028, 00007D1C,0,0,0,0,7, D,1, C 
972,32037, 00007D25,0,0,0,0,7, D,2,5
974,-1610580994, A0007BFE, A,0,0,0,7, B, F, E 
976,1073773574, 40007C06,4,0,0,0,7, C,0,6
978,1073773583, 40007C0F,4,0,0,0,7, C,0, F 
980,536902682, 20007C1A,2,0,0,0,7, C,1, A 
982,-536839133, E0007C23, E,0,0,0,7, C,2,3
984,-1073710034, C0007C2E, C,0,0,0,7, C,2, E 
986,-1073710018, C0007C3E, C,0,0,0,7, C,3, E 
988,-1610580973, A0007C13, A,0,0,0,7, C,1,3
990,536902667, 20007C0B,2,0,0,0,7, C,0, B 
992,-536839163, E0007C05, E,0,0,0,7, C,0,5
994,31741, 00007BFD,0,0,0,0,7, B, F, D 
996,1610644467, 60007BF3,6,0,0,0,7, B, F,3
998,31725, 00007BED,0,0,0,0,7, B, E, D 
1000,-536839194, E0007BE6, E,0,0,0,7, B, E,6
1002,-1610580784, A0007CD0, A,0,0,0,7, C, D,0
1004,-1610580799, A0007CC1, A,0,0,0,7, C, C,1
1006,1610644656, 60007CB0,6,0,0,0,7, C, B,0
1008,-1610580832, A0007CA0, A,0,0,0,7, C, A,0
1010,1610644627, 60007C93,6,0,0,0,7, C,9,3
1012,31880, 00007C88,0,0,0,0,7, C,8,8
1014,-536839042, E0007C7E, E,0,0,0,7, C,7, E 
1016,-536838856, E0007D38, E,0,0,0,7, D,3,8
1018,-1610580674, A0007D3E, A,0,0,0,7, D,3, E 
1020,536902980, 20007D44,2,0,0,0,7, D,4,4
1022,536902985, 20007D49,2,0,0,0,7, D,4,9
1024,536902988, 20007D4C,2,0,0,0,7, D,4, C 
1026,1610644811, 60007D4B,6,0,0,0,7, D,4, B 
1028,32070, 00007D46,0,0,0,0,7, D,4,6
1030,1073773687, 40007C77,4,0,0,0,7, C,7,7
1032,1610644612, 60007C84,6,0,0,0,7, C,8,4
1034,536902800, 20007C90,2,0,0,0,7, C,9,0
1036,1073773723, 40007C9B,4,0,0,0,7, C,9, B 
1038,-1073709913, C0007CA7, C,0,0,0,7, C, A,7
1040,-2147451722, 80007CB6,8,0,0,0,7, C, B,6
1042,-1610580796, A0007CC4, A,0,0,0,7, C, C,4
1044,-2147451938, 80007BDE,8,0,0,0,7, B, D, E 
1046,-2147451940, 80007BDC,8,0,0,0,7, B, D, C 
1048,-2147451936, 80007BE0,8,0,0,0,7, B, E,0
1050,1610644454, 60007BE6,6,0,0,0,7, B, E,6
1052,1610644462, 60007BEE,6,0,0,0,7, B, E, E 
1054,-1073710089, C0007BF7, C,0,0,0,7, B, F,7
1056,31741, 00007BFD,0,0,0,0,7, B, F, D 
1058,31841, 00007C61,0,0,0,0,7, C,6,1
1060,-1610580909, A0007C53, A,0,0,0,7, C,5,3
1062,31815, 00007C47,0,0,0,0,7, C,4,7
1064,1610644542, 60007C3E,6,0,0,0,7, C,3, E 
1066,-2147451854, 80007C32,8,0,0,0,7, C,3,2
1068,-1073710043, C0007C25, C,0,0,0,7, C,2,5
1070,1073773597, 40007C1D,4,0,0,0,7, C,1, D 
1072,-1610580703, A0007D21, A,0,0,0,7, D,2,1
1074,-1610580712, A0007D18, A,0,0,0,7, D,1,8
1076,1073773840, 40007D10,4,0,0,0,7, D,1,0
1078,-536838907, E0007D05, E,0,0,0,7, D,0,5
1080,536902905, 20007CF9,2,0,0,0,7, C, F,9
1082,536902891, 20007CEB,2,0,0,0,7, C, E, B 
1084,-2147451683, 80007CDD,8,0,0,0,7, C, D, D 
1086,1610644721, 60007CF1,6,0,0,0,7, C, F,1
1088,-1610580734, A0007D02, A,0,0,0,7, D,0,2
1090,-1073709807, C0007D11, C,0,0,0,7, D,1,1
1092,-2147451620, 80007D1C,8,0,0,0,7, D,1, C 
1094,32037, 00007D25,0,0,0,0,7, D,2,5
1096,32045, 00007D2D,0,0,0,0,7, D,2, D 
1098,1073773876, 40007D34,4,0,0,0,7, D,3,4
1100,1073773589, 40007C15,4,0,0,0,7, C,1,5
1102,-536839139, E0007C1D, E,0,0,0,7, C,1, D 
1104,31785, 00007C29,0,0,0,0,7, C,2,9
1106,1610644533, 60007C35,6,0,0,0,7, C,3,5
1108,-2147451836, 80007C44,8,0,0,0,7, C,4,4
1110,-1610580906, A0007C56, A,0,0,0,7, C,5,6
1112,1073773673, 40007C69,4,0,0,0,7, C,6,9
1114,31750, 00007C06,0,0,0,0,7, C,0,6
1116,1073773565, 40007BFD,4,0,0,0,7, B, F, D 
1118,-1073710091, C0007BF5, C,0,0,0,7, B, F,5
1120,-2147451923, 80007BED,8,0,0,0,7, B, E, D 
1122,-1073710105, C0007BE7, C,0,0,0,7, B, E,7
1124,-2147451931, 80007BE5,8,0,0,0,7, B, E,5
1126,-2147451933, 80007BE3,8,0,0,0,7, B, E,3
1128,31915, 00007CAB,0,0,0,0,7, C, A, B 
1130,536902812, 20007C9C,2,0,0,0,7, C,9, C 
1132,536902799, 20007C8F,2,0,0,0,7, C,8, F 
1134,-2147451771, 80007C85,8,0,0,0,7, C,8,5
1136,536902781, 20007C7D,2,0,0,0,7, C,7, D 
1138,1610644596, 60007C74,6,0,0,0,7, C,7,4
1140,-2147451799, 80007C69,8,0,0,0,7, C,6,9
1142,1610644805, 60007D45,6,0,0,0,7, D,4,5
1144,1610644808, 60007D48,6,0,0,0,7, D,4,8
1146,1073773898, 40007D4A,4,0,0,0,7, D,4, A 
1148,-536838841, E0007D47, E,0,0,0,7, D,4,7
1150,1610644799, 60007D3F,6,0,0,0,7, D,3, F 
1152,536902964, 20007D34,2,0,0,0,7, D,3,4
1154,-1610580695, A0007D29, A,0,0,0,7, D,2,9
1156,1610644626, 60007C92,6,0,0,0,7, C,9,2
1158,1073773725, 40007C9D,4,0,0,0,7, C,9, D 
1160,-1073709911, C0007CA9, C,0,0,0,7, C, A,9
1162,536902839, 20007CB7,2,0,0,0,7, C, B,7
1164,-2147451707, 80007CC5,8,0,0,0,7, C, C,5
1166,31957, 00007CD5,0,0,0,0,7, C, D,5
1168,-1073709854, C0007CE2, C,0,0,0,7, C, E,2
1170,1610644453, 60007BE5,6,0,0,0,7, B, E,5
1172,1610644461, 60007BED,6,0,0,0,7, B, E, D 
1174,1073773556, 40007BF4,4,0,0,0,7, B, F,4
1176,1610644475, 60007BFB,6,0,0,0,7, B, F, B 
1178,-1610580992, A0007C00, A,0,0,0,7, C,0,0
1180,-536839162, E0007C06, E,0,0,0,7, C,0,6
1182,-536839154, E0007C0E, E,0,0,0,7, C,0, E 
1184,-1073710013, C0007C43, C,0,0,0,7, C,4,3
1186,-1073710025, C0007C37, C,0,0,0,7, C,3,7
1188,1610644524, 60007C2C,6,0,0,0,7, C,2, C 
1190,-1610580958, A0007C22, A,0,0,0,7, C,2,2
1192,-1073710055, C0007C19, C,0,0,0,7, C,1,9
1194,-1610580975, A0007C11, A,0,0,0,7, C,1,1
1196,-1610580982, A0007C0A, A,0,0,0,7, C,0, A 
1198,536902924, 20007D0C,2,0,0,0,7, D,0, C 
1200,32000, 00007D00,0,0,0,0,7, D,0,0
1202,-1610580750, A0007CF2, A,0,0,0,7, C, F,2
1204,1073773797, 40007CE5,4,0,0,0,7, C, E,5
1206,-1610580777, A0007CD7, A,0,0,0,7, C, D,7
1208,-1610580792, A0007CC8, A,0,0,0,7, C, C,8
1210,-2147451720, 80007CB8,8,0,0,0,7, C, B,8
1212,-1610580716, A0007D14, A,0,0,0,7, D,1,4
1214,32030, 00007D1E,0,0,0,0,7, D,1, E 
1216,1073773862, 40007D26,4,0,0,0,7, D,2,6
1218,536902958, 20007D2E,2,0,0,0,7, D,2, E 
1220,-1073709772, C0007D34, C,0,0,0,7, D,3,4
1222,536902970, 20007D3A,2,0,0,0,7, D,3, A 
1224,-536838850, E0007D3E, E,0,0,0,7, D,3, E 
1226,1610644524, 60007C2C,6,0,0,0,7, C,2, C 
1228,-1073710023, C0007C39, C,0,0,0,7, C,3,9
1230,-536839094, E0007C4A, E,0,0,0,7, C,4, A 
1232,1610644574, 60007C5E,6,0,0,0,7, C,5, E 
1234,1073773680, 40007C70,4,0,0,0,7, C,7,0
1236,-1610580866, A0007C7E, A,0,0,0,7, C,7, E 
1238,1073773707, 40007C8B,4,0,0,0,7, C,8, B 
1240,1073773554, 40007BF2,4,0,0,0,7, B, F,2
1242,1610644461, 60007BED,6,0,0,0,7, B, E, D 
1244,-2147451928, 80007BE8,8,0,0,0,7, B, E,8
1246,-1073710108, C0007BE4, C,0,0,0,7, B, E,4
1248,1073773538, 40007BE2,4,0,0,0,7, B, E,2
1250,-536839202, E0007BDE, E,0,0,0,7, B, D, E 
1252,-1073710113, C0007BDF, C,0,0,0,7, B, D, F 
1254,1073773712, 40007C90,4,0,0,0,7, C,9,0
1256,-536839034, E0007C86, E,0,0,0,7, C,8,6
1258,1610644605, 60007C7D,6,0,0,0,7, C,7, D 
1260,31859, 00007C73,0,0,0,0,7, C,7,3
1262,536902760, 20007C68,2,0,0,0,7, C,6,8
1264,1073773660, 40007C5C,4,0,0,0,7, C,5, C 
1266,1073773647, 40007C4F,4,0,0,0,7, C,4, F 
1268,-1610580665, A0007D47, A,0,0,0,7, D,4,7
1270,-1073709757, C0007D43, C,0,0,0,7, D,4,3
1272,-2147451589, 80007D3B,8,0,0,0,7, D,3, B 
1274,-1073709777, C0007D2F, C,0,0,0,7, D,2, F 
1276,-536838876, E0007D24, E,0,0,0,7, D,2,4
1278,-1073709796, C0007D1C, C,0,0,0,7, D,1, C 
1280,-1073709804, C0007D14, C,0,0,0,7, D,1,4
1282,536902828, 20007CAC,2,0,0,0,7, C, A, C 
1284,-536838982, E0007CBA, E,0,0,0,7, C, B, A 
1286,-2147451703, 80007CC9,8,0,0,0,7, C, C,9
1288,-2147451688, 80007CD8,8,0,0,0,7, C, D,8
1290,-536838937, E0007CE7, E,0,0,0,7, C, E,7
1292,536902905, 20007CF9,2,0,0,0,7, C, F,9
1294,1073773833, 40007D09,4,0,0,0,7, D,0,9
1296,-2147451916, 80007BF4,8,0,0,0,7, B, F,4
1298,-2147451910, 80007BFA,8,0,0,0,7, B, F, A 
1300,536902655, 20007BFF,2,0,0,0,7, B, F, F 
1302,-1073710075, C0007C05, C,0,0,0,7, C,0,5
1304,1073773582, 40007C0E,4,0,0,0,7, C,0, E 
1306,1610644503, 60007C17,6,0,0,0,7, C,1,7
1308,-1073710026, C0007C36, C,0,0,0,7, C,3,6
1310,-2147451862, 80007C2A,8,0,0,0,7, C,2, A 
1312,31777, 00007C21,0,0,0,0,7, C,2,1
1314,1073773594, 40007C1A,4,0,0,0,7, C,1, A 
1316,-2147451886, 80007C12,8,0,0,0,7, C,1,2
1318,-1073710070, C0007C0A, C,0,0,0,7, C,0, A 
1320,-536839166, E0007C02, E,0,0,0,7, C,0,2
1322,-1610580741, A0007CFB, A,0,0,0,7, C, F, B 
1324,-1610580754, A0007CEE, A,0,0,0,7, C, E, E 
1326,-1610580767, A0007CE1, A,0,0,0,7, C, E,1
1328,536902868, 20007CD4,2,0,0,0,7, C, D,4
1330,536902853, 20007CC5,2,0,0,0,7, C, C,5
1332,-536838988, E0007CB4, E,0,0,0,7, C, B,4
1334,-1073709916, C0007CA4, C,0,0,0,7, C, A,4
1336,1610644769, 60007D21,6,0,0,0,7, D,2,1
1338,32042, 00007D2A,0,0,0,0,7, D,2, A 
1340,32050, 00007D32,0,0,0,0,7, D,3,2
1342,-1073709769, C0007D37, C,0,0,0,7, D,3,7
1344,-2147451587, 80007D3D,8,0,0,0,7, D,3, D 
1346,-536838847, E0007D41, E,0,0,0,7, D,4,1
1348,1610644805, 60007D45,6,0,0,0,7, D,4,5
1350,1610644543, 60007C3F,6,0,0,0,7, C,3, F 
1352,31825, 00007C51,0,0,0,0,7, C,5,1
1354,536902756, 20007C64,2,0,0,0,7, C,6,4
1356,1610644597, 60007C75,6,0,0,0,7, C,7,5
1358,-1610580861, A0007C83, A,0,0,0,7, C,8,3
1360,-1610580850, A0007C8E, A,0,0,0,7, C,8, E 
1362,-2147451752, 80007C98,8,0,0,0,7, C,9,8
1364,1073773545, 40007BE9,4,0,0,0,7, B, E,9
1366,1073773541, 40007BE5,4,0,0,0,7, B, E,5
1368,536902626, 20007BE2,2,0,0,0,7, B, E,2
1370,536902623, 20007BDF,2,0,0,0,7, B, D, F 
1372,31709, 00007BDD,0,0,0,0,7, B, D, D 
1374,-536839201, E0007BDF, E,0,0,0,7, B, D, F 
1376,-2147451931, 80007BE5,8,0,0,0,7, B, E,5
1378,31724, 00007BEC,0,0,0,0,7, B, E, C 
1380,-2147451784, 80007C78,8,0,0,0,7, C,7,8
1382,536902766, 20007C6E,2,0,0,0,7, C,6, E 
1384,1610644578, 60007C62,6,0,0,0,7, C,6,2
1386,-1610580906, A0007C56, A,0,0,0,7, C,5,6
1388,-1073710007, C0007C49, C,0,0,0,7, C,4,9
1390,1610644543, 60007C3F,6,0,0,0,7, C,3, F 
1392,-536839116, E0007C34, E,0,0,0,7, C,3,4
1394,-2147451594, 80007D36,8,0,0,0,7, D,3,6
1396,-1610580694, A0007D2A, A,0,0,0,7, D,2, A 
1398,-536838880, E0007D20, E,0,0,0,7, D,2,0
1400,32025, 00007D19,0,0,0,0,7, D,1,9
1402,-536838896, E0007D10, E,0,0,0,7, D,1,0
1404,-1073709818, C0007D06, C,0,0,0,7, D,0,6
1406,-536838919, E0007CF9, E,0,0,0,7, C, F,9
1408,1610644688, 60007CD0,6,0,0,0,7, C, D,0
1410,-2147451683, 80007CDD,8,0,0,0,7, C, D, D 
1412,-1610580755, A0007CED, A,0,0,0,7, C, E, D 
1414,1073773823, 40007CFF,4,0,0,0,7, C, F, F 
1416,536902926, 20007D0E,2,0,0,0,7, D,0, E 
1418,1073773849, 40007D19,4,0,0,0,7, D,1,9
1420,-1610580995, A0007BFD, A,0,0,0,7, B, F, D 
1422,-1610580990, A0007C02, A,0,0,0,7, C,0,2
1424,31754, 00007C0A,0,0,0,0,7, C,0, A 
1426,1610644498, 60007C12,6,0,0,0,7, C,1,2
1428,1610644507, 60007C1B,6,0,0,0,7, C,1, B 
1430,-1073710044, C0007C24, C,0,0,0,7, C,2,4
1432,-1073710032, C0007C30, C,0,0,0,7, C,3,0
1434,31773, 00007C1D,0,0,0,0,7, C,1, D 
1436,536902679, 20007C17,2,0,0,0,7, C,1,7
1438,536902671, 20007C0F,2,0,0,0,7, C,0, F 
1440,-2147451897, 80007C07,8,0,0,0,7, C,0,7
1442,1610644479, 60007BFF,6,0,0,0,7, B, F, F 
1444,536902646, 20007BF6,2,0,0,0,7, B, F,6
1446,1073773550, 40007BEE,4,0,0,0,7, B, E, E 
1448,-536839193, E0007BE7, E,0,0,0,7, B, E,7
1450,-1073709873, C0007CCF, C,0,0,0,7, C, C, F 
1452,1610644672, 60007CC0,6,0,0,0,7, C, C,0
1454,-1073709905, C0007CAF, C,0,0,0,7, C, A, F 
1456,-1073709921, C0007C9F, C,0,0,0,7, C,9, F 
1458,-2147451758, 80007C92,8,0,0,0,7, C,9,2
1460,31880, 00007C88,0,0,0,0,7, C,8,8
1462,-1610580683, A0007D35, A,0,0,0,7, D,3,5
1464,-1610580677, A0007D3B, A,0,0,0,7, D,3, B 
1466,1073773889, 40007D41,4,0,0,0,7, D,4,1
1468,32069, 00007D45,0,0,0,0,7, D,4,5
1470,-1610580664, A0007D48, A,0,0,0,7, D,4,8
1472,-1073709749, C0007D4B, C,0,0,0,7, D,4, B 
1474,32075, 00007D4B,0,0,0,0,7, D,4, B 
1476,-1610580668, A0007D44, A,0,0,0,7, D,4,4
1478,1073773687, 40007C77,4,0,0,0,7, C,7,7
1480,1073773700, 40007C84,4,0,0,0,7, C,8,4
1482,1610644623, 60007C8F,6,0,0,0,7, C,8, F 
1484,1073773722, 40007C9A,4,0,0,0,7, C,9, A 
1486,-2147451737, 80007CA7,8,0,0,0,7, C, A,7
1488,-1073709899, C0007CB5, C,0,0,0,7, C, B,5
1490,1073773538, 40007BE2,4,0,0,0,7, B, E,2
1492,-536839202, E0007BDE, E,0,0,0,7, B, D, E 
1494,536902622, 20007BDE,2,0,0,0,7, B, D, E 
1496,-536839197, E0007BE3, E,0,0,0,7, B, E,3
1498,-536839190, E0007BEA, E,0,0,0,7, B, E, A 
1500,-1073710096, C0007BF0, C,0,0,0,7, B, F,0
1502,31737, 00007BF9,0,0,0,0,7, B, F,9
1504,1610644479, 60007BFF,6,0,0,0,7, B, F, F 
1506,-2147451809, 80007C5F,8,0,0,0,7, C,5, F 
1508,-536839087, E0007C51, E,0,0,0,7, C,5,1
1510,-536839101, E0007C43, E,0,0,0,7, C,4,3
1512,-536839111, E0007C39, E,0,0,0,7, C,3,9
1514,536902702, 20007C2E,2,0,0,0,7, C,2, E 
1516,536902690, 20007C22,2,0,0,0,7, C,2,2
1518,32043, 00007D2B,0,0,0,0,7, D,2, B 
1520,536902946, 20007D22,2,0,0,0,7, D,2,2
1522,-1610580711, A0007D19, A,0,0,0,7, D,1,9
1524,-1610580720, A0007D10, A,0,0,0,7, D,1,0
1526,1073773829, 40007D05,4,0,0,0,7, D,0,5
1528,536902904, 20007CF8,2,0,0,0,7, C, F,8
1530,-1610580759, A0007CE9, A,0,0,0,7, C, E,9
1532,31964, 00007CDC,0,0,0,0,7, C, D, C 
1534,-2147451660, 80007CF4,8,0,0,0,7, C, F,4
1536,-2147451643, 80007D05,8,0,0,0,7, D,0,5
1538,32020, 00007D14,0,0,0,0,7, D,1,4
1540,536902941, 20007D1D,2,0,0,0,7, D,1, D 
1542,32037, 00007D25,0,0,0,0,7, D,2,5
1544,-1073709779, C0007D2D, C,0,0,0,7, D,2, D 
1546,-1610580684, A0007D34, A,0,0,0,7, D,3,4
1548,1610644500, 60007C14,6,0,0,0,7, C,1,4
1550,31773, 00007C1D,0,0,0,0,7, C,1, D 
1552,-1610580953, A0007C27, A,0,0,0,7, C,2,7
1554,31799, 00007C37,0,0,0,0,7, C,3,7
1556,1073773639, 40007C47,4,0,0,0,7, C,4,7
1558,-1073709992, C0007C58, C,0,0,0,7, C,5,8
1560,-536839061, E0007C6B, E,0,0,0,7, C,6, B 
1562,-2147451901, 80007C03,8,0,0,0,7, C,0,3
1564,-1610580996, A0007BFC, A,0,0,0,7, B, F, C 
1566,31733, 00007BF5,0,0,0,0,7, B, F,5
1568,31726, 00007BEE,0,0,0,0,7, B, E, E 
1570,536902632, 20007BE8,2,0,0,0,7, B, E,8
1572,1073773540, 40007BE4,4,0,0,0,7, B, E,4
1574,-1073710111, C0007BE1, C,0,0,0,7, B, E,1
1576,-2147451734, 80007CAA,8,0,0,0,7, C, A, A 
1578,-1073709926, C0007C9A, C,0,0,0,7, C,9, A 
1580,-1610580852, A0007C8C, A,0,0,0,7, C,8, C 
1582,-2147451774, 80007C82,8,0,0,0,7, C,8,2
1584,31866, 00007C7A,0,0,0,0,7, C,7, A 
1586,536902769, 20007C71,2,0,0,0,7, C,7,1
1588,1073773671, 40007C67,4,0,0,0,7, C,6,7
1590,-536838847, E0007D41, E,0,0,0,7, D,4,1
1592,-2147451579, 80007D45,8,0,0,0,7, D,4,5
1594,-536838842, E0007D46, E,0,0,0,7, D,4,6
1596,-1610580669, A0007D43, A,0,0,0,7, D,4,3
1598,-2147451589, 80007D3B,8,0,0,0,7, D,3, B 
1600,-1073709777, C0007D2F, C,0,0,0,7, D,2, F 
1602,1610644773, 60007D25,6,0,0,0,7, D,2,5
1604,31889, 00007C91,0,0,0,0,7, C,9,1
1606,536902813, 20007C9D,2,0,0,0,7, C,9, D 
1608,-1610580820, A0007CAC, A,0,0,0,7, C, A, C 
1610,-2147451718, 80007CBA,8,0,0,0,7, C, B, A 
1612,-1073709882, C0007CC6, C,0,0,0,7, C, C,6
1614,-2147451692, 80007CD4,8,0,0,0,7, C, D,4
1616,-536838941, E0007CE3, E,0,0,0,7, C, E,3
1618,-1610581018, A0007BE6, A,0,0,0,7, B, E,6
1620,1073773549, 40007BED,4,0,0,0,7, B, E, D 
1622,536902645, 20007BF5,2,0,0,0,7, B, F,5
1624,536902652, 20007BFC,2,0,0,0,7, B, F, C 
1626,-1073710079, C0007C01, C,0,0,0,7, C,0,1
1628,-1610580984, A0007C08, A,0,0,0,7, C,0,8
1630,1073773584, 40007C10,4,0,0,0,7, C,1,0
1632,-1610580927, A0007C41, A,0,0,0,7, C,4,1
1634,1610644536, 60007C38,6,0,0,0,7, C,3,8
1636,1610644525, 60007C2D,6,0,0,0,7, C,2, D 
1638,-2147451870, 80007C22,8,0,0,0,7, C,2,2
1640,-536839144, E0007C18, E,0,0,0,7, C,1,8
1642,-1073710062, C0007C12, C,0,0,0,7, C,1,2
1644,536902668, 20007C0C,2,0,0,0,7, C,0, C 
1646,1610644748, 60007D0C,6,0,0,0,7, D,0, C 
1648,1073773824, 40007D00,4,0,0,0,7, D,0,0
1650,-2147451662, 80007CF2,8,0,0,0,7, C, F,2
1652,31973, 00007CE5,0,0,0,0,7, C, E,5
1654,-2147451689, 80007CD7,8,0,0,0,7, C, D,7
1656,-536838968, E0007CC8, E,0,0,0,7, C, C,8
1658,1073773753, 40007CB9,4,0,0,0,7, C, B,9
1660,1073773846, 40007D16,4,0,0,0,7, D,1,6
1662,-2147451617, 80007D1F,8,0,0,0,7, D,1, F 
1664,536902952, 20007D28,2,0,0,0,7, D,2,8
1666,536902959, 20007D2F,2,0,0,0,7, D,2, F 
1668,1610644789, 60007D35,6,0,0,0,7, D,3,5
1670,1610644795, 60007D3B,6,0,0,0,7, D,3, B 
1672,-1610580673, A0007D3F, A,0,0,0,7, D,3, F 
1674,-2147451857, 80007C2F,8,0,0,0,7, C,2, F 
1676,1073773629, 40007C3D,4,0,0,0,7, C,3, D 
1678,1073773646, 40007C4E,4,0,0,0,7, C,4, E 
1680,31842, 00007C62,0,0,0,0,7, C,6,2
1682,1073773683, 40007C73,4,0,0,0,7, C,7,3
1684,-1610580864, A0007C80, A,0,0,0,7, C,8,0
1686,1073773708, 40007C8C,4,0,0,0,7, C,8, C 
1688,-536839182, E0007BF2, E,0,0,0,7, B, F,2
1690,1073773549, 40007BED,4,0,0,0,7, B, E, D 
1692,-2147451927, 80007BE9,8,0,0,0,7, B, E,9
1694,1073773540, 40007BE4,4,0,0,0,7, B, E,4
1696,536902625, 20007BE1,2,0,0,0,7, B, E,1
1698,-1073710112, C0007BE0, C,0,0,0,7, B, E,0
1700,1073773718, 40007C96,4,0,0,0,7, C,9,6
1702,-1073709942, C0007C8A, C,0,0,0,7, C,8, A 
1704,1073773696, 40007C80,4,0,0,0,7, C,8,0
1706,-1073709961, C0007C77, C,0,0,0,7, C,7,7
1708,1610644590, 60007C6E,6,0,0,0,7, C,6, E 
1710,-1610580894, A0007C62, A,0,0,0,7, C,6,2
1712,-1610580907, A0007C55, A,0,0,0,7, C,5,5
1714,1073773894, 40007D46,4,0,0,0,7, D,4,6
1716,-1610580667, A0007D45, A,0,0,0,7, D,4,5
1718,-536838848, E0007D40, E,0,0,0,7, D,4,0
1720,-1073709769, C0007D37, C,0,0,0,7, D,3,7
1722,1073773868, 40007D2C,4,0,0,0,7, D,2, C 
1724,-1610580703, A0007D21, A,0,0,0,7, D,2,1
1726,-2147451623, 80007D19,8,0,0,0,7, D,1,9
1728,-2147451744, 80007CA0,8,0,0,0,7, C, A,0
1730,1610644655, 60007CAF,6,0,0,0,7, C, A, F 
1732,536902845, 20007CBD,2,0,0,0,7, C, B, D 
1734,536902859, 20007CCB,2,0,0,0,7, C, C, B 
1736,1073773786, 40007CDA,4,0,0,0,7, C, D, A 
1738,1073773801, 40007CE9,4,0,0,0,7, C, E,9
1740,1073773817, 40007CF9,4,0,0,0,7, C, F,9
1742,536902638, 20007BEE,2,0,0,0,7, B, E, E 
1744,-1073710092, C0007BF4, C,0,0,0,7, B, F,4
1746,536902651, 20007BFB,2,0,0,0,7, B, F, B 
1748,-1073710081, C0007BFF, C,0,0,0,7, B, F, F 
1750,-1073710075, C0007C05, C,0,0,0,7, C,0,5
1752,-1073710066, C0007C0E, C,0,0,0,7, C,0, E 
1754,1610644504, 60007C18,6,0,0,0,7, C,1,8
1756,-2147451855, 80007C31,8,0,0,0,7, C,3,1
1758,536902695, 20007C27,2,0,0,0,7, C,2,7
1760,536902686, 20007C1E,2,0,0,0,7, C,1, E 
1762,1610644500, 60007C14,6,0,0,0,7, C,1,4
1764,1610644491, 60007C0B,6,0,0,0,7, C,0, B 
1766,536902661, 20007C05,2,0,0,0,7, C,0,5
1768,1073773566, 40007BFE,4,0,0,0,7, B, F, E 
1770,536902906, 20007CFA,2,0,0,0,7, C, F, A 
1772,-2147451668, 80007CEC,8,0,0,0,7, C, E, C 
1774,-2147451681, 80007CDF,8,0,0,0,7, C, D, F 
1776,-2147451693, 80007CD3,8,0,0,0,7, C, D,3
1778,-1073709884, C0007CC4, C,0,0,0,7, C, C,4
1780,1073773748, 40007CB4,4,0,0,0,7, C, B,4
1782,536902820, 20007CA4,2,0,0,0,7, C, A,4
1784,1073773858, 40007D22,4,0,0,0,7, D,2,2
1786,-2147451606, 80007D2A,8,0,0,0,7, D,2, A 
1788,32049, 00007D31,0,0,0,0,7, D,3,1
1790,-2147451594, 80007D36,8,0,0,0,7, D,3,6
1792,536902972, 20007D3C,2,0,0,0,7, D,3, C 
1794,32064, 00007D40,0,0,0,0,7, D,4,0
1796,-536838845, E0007D43, E,0,0,0,7, D,4,3
1798,1073773633, 40007C41,4,0,0,0,7, C,4,1
1800,1610644562, 60007C52,6,0,0,0,7, C,5,2
1802,-1073709980, C0007C64, C,0,0,0,7, C,6,4
1804,536902772, 20007C74,2,0,0,0,7, C,7,4
1806,-1610580863, A0007C81, A,0,0,0,7, C,8,1
1808,1073773710, 40007C8E,4,0,0,0,7, C,8, E 
1810,-2147451751, 80007C99,8,0,0,0,7, C,9,9
1812,1610644460, 60007BEC,6,0,0,0,7, B, E, C 
1814,-2147451929, 80007BE7,8,0,0,0,7, B, E,7
1816,-2147451932, 80007BE4,8,0,0,0,7, B, E,4
1818,-2147451934, 80007BE2,8,0,0,0,7, B, E,2
1820,536902626, 20007BE2,2,0,0,0,7, B, E,2
1822,536902630, 20007BE6,2,0,0,0,7, B, E,6
1824,1610644459, 60007BEB,6,0,0,0,7, B, E, B 
1826,-536839042, E0007C7E, E,0,0,0,7, C,7, E 
1828,536902775, 20007C77,2,0,0,0,7, C,7,7
1830,1073773678, 40007C6E,4,0,0,0,7, C,6, E 
1832,31841, 00007C61,0,0,0,0,7, C,6,1
1834,-2147451821, 80007C53,8,0,0,0,7, C,5,3
1836,536902727, 20007C47,2,0,0,0,7, C,4,7
1838,-1610580932, A0007C3C, A,0,0,0,7, C,3, C 
1840,-536838849, E0007D3F, E,0,0,0,7, D,3, F 
1842,-1610580684, A0007D34, A,0,0,0,7, D,3,4
1844,-2147451608, 80007D28,8,0,0,0,7, D,2,8
1846,-1073709794, C0007D1E, C,0,0,0,7, D,1, E 
1848,-536838890, E0007D16, E,0,0,0,7, D,1,6
1850,-1610580722, A0007D0E, A,0,0,0,7, D,0, E 
1852,-2147451644, 80007D04,8,0,0,0,7, D,0,4
1854,-1073709884, C0007CC4, C,0,0,0,7, C, C,4
1856,-1073709870, C0007CD2, C,0,0,0,7, C, D,2
1858,-1610580767, A0007CE1, A,0,0,0,7, C, E,1
1860,1610644722, 60007CF2,6,0,0,0,7, C, F,2
1862,-2147451645, 80007D03,8,0,0,0,7, D,0,3
1864,-536838895, E0007D11, E,0,0,0,7, D,1,1
1866,-1610580708, A0007D1C, A,0,0,0,7, D,1, C 
1868,-2147451907, 80007BFD,8,0,0,0,7, B, F, D 
1870,-1073710077, C0007C03, C,0,0,0,7, C,0,3
1872,-1610580981, A0007C0B, A,0,0,0,7, C,0, B 
1874,-1610580974, A0007C12, A,0,0,0,7, C,1,2
1876,31772, 00007C1C,0,0,0,0,7, C,1, C 
1878,-1610580953, A0007C27, A,0,0,0,7, C,2,7
1880,-2147451852, 80007C34,8,0,0,0,7, C,3,4
1882,-1610580965, A0007C1B, A,0,0,0,7, C,1, B 
1884,-2147451885, 80007C13,8,0,0,0,7, C,1,3
1886,-2147451892, 80007C0C,8,0,0,0,7, C,0, C 
1888,-1073710078, C0007C02, C,0,0,0,7, C,0,2
1890,1073773561, 40007BF9,4,0,0,0,7, B, F,9
1892,-1610581006, A0007BF2, A,0,0,0,7, B, F,2
1894,1073773549, 40007BED,4,0,0,0,7, B, E, D 
1896,1073773786, 40007CDA,4,0,0,0,7, C, D, A 
1898,-536838964, E0007CCC, E,0,0,0,7, C, C, C 
1900,-2147451715, 80007CBD,8,0,0,0,7, C, B, D 
1902,536902830, 20007CAE,2,0,0,0,7, C, A, E 
1904,536902814, 20007C9E,2,0,0,0,7, C,9, E 
1906,-536839025, E0007C8F, E,0,0,0,7, C,8, F 
1908,536902790, 20007C86,2,0,0,0,7, C,8,6
1910,-1073709771, C0007D35, C,0,0,0,7, D,3,5
1912,32059, 00007D3B,0,0,0,0,7, D,3, B 
1914,1610644800, 60007D40,6,0,0,0,7, D,4,0
1916,536902980, 20007D44,2,0,0,0,7, D,4,4
1918,-536838841, E0007D47, E,0,0,0,7, D,4,7
1920,-536838838, E0007D4A, E,0,0,0,7, D,4, A 
1922,-1073709751, C0007D49, C,0,0,0,7, D,4,9
1924,-2147451798, 80007C6A,8,0,0,0,7, C,6, A 
1926,1610644601, 60007C79,6,0,0,0,7, C,7,9
1928,1610644613, 60007C85,6,0,0,0,7, C,8,5
1930,-1073709937, C0007C8F, C,0,0,0,7, C,8, F 
1932,-2147451749, 80007C9B,8,0,0,0,7, C,9, B 
1934,31913, 00007CA9,0,0,0,0,7, C, A,9
1936,1073773750, 40007CB6,4,0,0,0,7, C, B,6
1938,31712, 00007BE0,0,0,0,0,7, B, E,0
1940,-1610581026, A0007BDE, A,0,0,0,7, B, D, E 
1942,-2147451938, 80007BDE,8,0,0,0,7, B, D, E 
1944,-536839197, E0007BE3, E,0,0,0,7, B, E,3
1946,1610644458, 60007BEA,6,0,0,0,7, B, E, A 
1948,1073773554, 40007BF2,4,0,0,0,7, B, F,2
1950,1073773562, 40007BFA,4,0,0,0,7, B, F, A 
1952,31851, 00007C6B,0,0,0,0,7, C,6, B 
1954,1610644574, 60007C5E,6,0,0,0,7, C,5, E 
1956,536902737, 20007C51,2,0,0,0,7, C,5,1
1958,-536839100, E0007C44, E,0,0,0,7, C,4,4
1960,1610644537, 60007C39,6,0,0,0,7, C,3,9
1962,536902702, 20007C2E,2,0,0,0,7, C,2, E 
1964,-1610580957, A0007C23, A,0,0,0,7, C,2,3
1966,-1073709786, C0007D26, C,0,0,0,7, D,2,6
1968,-1073709795, C0007D1D, C,0,0,0,7, D,1, D 
1970,-536838891, E0007D15, E,0,0,0,7, D,1,5
1972,-536838900, E0007D0C, E,0,0,0,7, D,0, C 
1974,536902914, 20007D02,2,0,0,0,7, D,0,2
1976,-2147451660, 80007CF4,8,0,0,0,7, C, F,4
1978,-1610580762, A0007CE6, A,0,0,0,7, C, E,6
1980,1610644708, 60007CE4,6,0,0,0,7, C, E,4
1982,-536838923, E0007CF5, E,0,0,0,7, C, F,5
1984,1610644743, 60007D07,6,0,0,0,7, D,0,7
1986,1073773845, 40007D15,4,0,0,0,7, D,1,5
1988,-1073709794, C0007D1E, C,0,0,0,7, D,1, E 
1990,-1073709786, C0007D26, C,0,0,0,7, D,2,6
1992,-1610580985, A0007C07, A,0,0,0,7, C,0,7
1994,-1073710067, C0007C0D, C,0,0,0,7, C,0, D 
1996,536902677, 20007C15,2,0,0,0,7, C,1,5
1998,1073773599, 40007C1F,4,0,0,0,7, C,1, F 
