0,31678,00007BBE,0,0,0,0,7,B,B,E,0,0,0,0,111,1011,1011,1110
2,1073773495,40007BB7,4,0,0,0,7,B,B,7,100,0,0,0,111,1011,1011,111
4,31672,00007BB8,0,0,0,0,7,B,B,8,0,0,0,0,111,1011,1011,1000
6,-1073710151,C0007BB9,C,0,0,0,7,B,B,9,1100,0,0,0,111,1011,1011,1001
8,31903,00007C9F,0,0,0,0,7,C,9,F,0,0,0,0,111,1100,1001,1111
10,1073773711,40007C8F,4,0,0,0,7,C,8,F,100,0,0,0,111,1100,1000,1111
12,-2147451772,80007C84,8,0,0,0,7,C,8,4,1000,0,0,0,111,1100,1000,100
14,-1610580868,A0007C7C,A,0,0,0,7,C,7,C,1010,0,0,0,111,1100,111,1100
16,536902773,20007C75,2,0,0,0,7,C,7,5,10,0,0,0,111,1100,111,101
18,-1073709975,C0007C69,C,0,0,0,7,C,6,9,1100,0,0,0,111,1100,110,1001
20,-536839077,E0007C5B,E,0,0,0,7,C,5,B,1110,0,0,0,111,1100,101,1011
22,-1073709713,C0007D6F,C,0,0,0,7,D,6,F,1100,0,0,0,111,1101,110,1111
24,1073773937,40007D71,4,0,0,0,7,D,7,1,100,0,0,0,111,1101,111,1
26,-2147451540,80007D6C,8,0,0,0,7,D,6,C,1000,0,0,0,111,1101,110,1100
28,-536838815,E0007D61,E,0,0,0,7,D,6,1,1110,0,0,0,111,1101,110,1
30,-536838830,E0007D52,E,0,0,0,7,D,5,2,1110,0,0,0,111,1101,101,10
32,-1073709757,C0007D43,C,0,0,0,7,D,4,3,1100,0,0,0,111,1101,100,11
34,32057,00007D39,0,0,0,0,7,D,3,9,0,0,0,0,111,1101,11,1001
36,-1073709922,C0007C9E,C,0,0,0,7,C,9,E,1100,0,0,0,111,1100,1001,1110
38,536902832,20007CB0,2,0,0,0,7,C,B,0,10,0,0,0,111,1100,1011,0
40,-2147451709,80007CC3,8,0,0,0,7,C,C,3,1000,0,0,0,111,1100,1100,11
42,1610644693,60007CD5,6,0,0,0,7,C,D,5,110,0,0,0,111,1100,1101,101
44,1610644711,60007CE7,6,0,0,0,7,C,E,7,110,0,0,0,111,1100,1110,111
46,1073773818,40007CFA,4,0,0,0,7,C,F,A,100,0,0,0,111,1100,1111,1010
48,-1610580720,A0007D10,A,0,0,0,7,D,1,0,1010,0,0,0,111,1101,1,0
50,31695,00007BCF,0,0,0,0,7,B,C,F,0,0,0,0,111,1011,1100,1111
52,-536839209,E0007BD7,E,0,0,0,7,B,D,7,1110,0,0,0,111,1011,1101,111
54,-1610581025,A0007BDF,A,0,0,0,7,B,D,F,1010,0,0,0,111,1011,1101,1111
56,-2147451934,80007BE2,8,0,0,0,7,B,E,2,1000,0,0,0,111,1011,1110,10
58,-2147451930,80007BE6,8,0,0,0,7,B,E,6,1000,0,0,0,111,1011,1110,110
60,-1610581008,A0007BF0,A,0,0,0,7,B,F,0,1010,0,0,0,111,1011,1111,0
62,-2147451907,80007BFD,8,0,0,0,7,B,F,D,1000,0,0,0,111,1011,1111,1101
64,536902668,20007C0C,2,0,0,0,7,C,0,C,10,0,0,0,111,1100,0,1100
66,-536839153,E0007C0F,E,0,0,0,7,C,0,F,1110,0,0,0,111,1100,0,1111
68,31750,00007C06,0,0,0,0,7,C,0,6,0,0,0,0,111,1100,0,110
70,-1610580993,A0007BFF,A,0,0,0,7,B,F,F,1010,0,0,0,111,1011,1111,1111
72,-536839174,E0007BFA,E,0,0,0,7,B,F,A,1110,0,0,0,111,1011,1111,1010
74,1073773556,40007BF4,4,0,0,0,7,B,F,4,100,0,0,0,111,1011,1111,100
76,-1610581014,A0007BEA,A,0,0,0,7,B,E,A,1010,0,0,0,111,1011,1110,1010
78,536902624,20007BE0,2,0,0,0,7,B,E,0,10,0,0,0,111,1011,1110,0
80,-1610580719,A0007D11,A,0,0,0,7,D,1,1,1010,0,0,0,111,1101,1,1
82,-536838911,E0007D01,E,0,0,0,7,D,0,1,1110,0,0,0,111,1101,0,1
84,536902898,20007CF2,2,0,0,0,7,C,F,2,10,0,0,0,111,1100,1111,10
86,1610644703,60007CDF,6,0,0,0,7,C,D,F,110,0,0,0,111,1100,1101,1111
88,-536838968,E0007CC8,E,0,0,0,7,C,C,8,1110,0,0,0,111,1100,1100,1000
90,1073773745,40007CB1,4,0,0,0,7,C,B,1,100,0,0,0,111,1100,1011,1
92,-536839011,E0007C9D,E,0,0,0,7,C,9,D,1110,0,0,0,111,1100,1001,1101
94,1610644815,60007D4F,6,0,0,0,7,D,4,F,110,0,0,0,111,1101,100,1111
96,32087,00007D57,0,0,0,0,7,D,5,7,0,0,0,0,111,1101,101,111
98,-536838819,E0007D5D,E,0,0,0,7,D,5,D,1110,0,0,0,111,1101,101,1101
100,1610644835,60007D63,6,0,0,0,7,D,6,3,110,0,0,0,111,1101,110,11
102,32105,00007D69,0,0,0,0,7,D,6,9,0,0,0,0,111,1101,110,1001
104,1610644847,60007D6F,6,0,0,0,7,D,6,F,110,0,0,0,111,1101,110,1111
106,-1610580621,A0007D73,A,0,0,0,7,D,7,3,1010,0,0,0,111,1101,111,11
108,-2147451532,80007D74,8,0,0,0,7,D,7,4,1000,0,0,0,111,1101,111,100
110,-536839086,E0007C52,E,0,0,0,7,C,5,2,1110,0,0,0,111,1100,101,10
112,31849,00007C69,0,0,0,0,7,C,6,9,0,0,0,0,111,1100,110,1001
114,536902778,20007C7A,2,0,0,0,7,C,7,A,10,0,0,0,111,1100,111,1010
116,-1073709945,C0007C87,C,0,0,0,7,C,8,7,1100,0,0,0,111,1100,1000,111
118,-2147451755,80007C95,8,0,0,0,7,C,9,5,1000,0,0,0,111,1100,1001,101
120,1610644643,60007CA3,6,0,0,0,7,C,A,3,110,0,0,0,111,1100,1010,11
122,1073773748,40007CB4,4,0,0,0,7,C,B,4,100,0,0,0,111,1100,1011,100
124,1610644406,60007BB6,6,0,0,0,7,B,B,6,110,0,0,0,111,1011,1011,110
126,31674,00007BBA,0,0,0,0,7,B,B,A,0,0,0,0,111,1011,1011,1010
128,31674,00007BBA,0,0,0,0,7,B,B,A,0,0,0,0,111,1011,1011,1010
130,-2147451970,80007BBE,8,0,0,0,7,B,B,E,1000,0,0,0,111,1011,1011,1110
132,31690,00007BCA,0,0,0,0,7,B,C,A,0,0,0,0,111,1011,1100,1010
134,-536839217,E0007BCF,E,0,0,0,7,B,C,F,1110,0,0,0,111,1011,1100,1111
136,-2147451946,80007BD6,8,0,0,0,7,B,D,6,1000,0,0,0,111,1011,1101,110
138,-1610580881,A0007C6F,A,0,0,0,7,C,6,F,1010,0,0,0,111,1100,110,1111
140,-1073709983,C0007C61,C,0,0,0,7,C,6,1,1100,0,0,0,111,1100,110,1
142,-1073709999,C0007C51,C,0,0,0,7,C,5,1,1100,0,0,0,111,1100,101,1
144,-1073710021,C0007C3B,C,0,0,0,7,C,3,B,1100,0,0,0,111,1100,11,1011
146,536902697,20007C29,2,0,0,0,7,C,2,9,10,0,0,0,111,1100,10,1001
148,-1073710054,C0007C1A,C,0,0,0,7,C,1,A,1100,0,0,0,111,1100,1,1010
150,1610644489,60007C09,6,0,0,0,7,C,0,9,110,0,0,0,111,1100,0,1001
152,-1610580661,A0007D4B,A,0,0,0,7,D,4,B,1010,0,0,0,111,1101,100,1011
154,536902974,20007D3E,2,0,0,0,7,D,3,E,10,0,0,0,111,1101,11,1110
156,32053,00007D35,0,0,0,0,7,D,3,5,0,0,0,0,111,1101,11,101
158,1610644782,60007D2E,6,0,0,0,7,D,2,E,110,0,0,0,111,1101,10,1110
160,-536838874,E0007D26,E,0,0,0,7,D,2,6,1110,0,0,0,111,1101,10,110
162,32027,00007D1B,0,0,0,0,7,D,1,B,0,0,0,0,111,1101,1,1011
164,-536838901,E0007D0B,E,0,0,0,7,D,0,B,1110,0,0,0,111,1101,0,1011
166,-2147451664,80007CF0,8,0,0,0,7,C,F,0,1000,0,0,0,111,1100,1111,0
168,-2147451645,80007D03,8,0,0,0,7,D,0,3,1000,0,0,0,111,1101,0,11
170,1073773847,40007D17,4,0,0,0,7,D,1,7,100,0,0,0,111,1101,1,111
172,1610644778,60007D2A,6,0,0,0,7,D,2,A,110,0,0,0,111,1101,10,1010
174,-1073709768,C0007D38,C,0,0,0,7,D,3,8,1100,0,0,0,111,1101,11,1000
176,536902981,20007D45,2,0,0,0,7,D,4,5,10,0,0,0,111,1101,100,101
178,-536838833,E0007D4F,E,0,0,0,7,D,4,F,1110,0,0,0,111,1101,100,1111
180,1073773547,40007BEB,4,0,0,0,7,B,E,B,100,0,0,0,111,1011,1110,1011
182,-1610581002,A0007BF6,A,0,0,0,7,B,F,6,1010,0,0,0,111,1011,1111,110
184,-2147451902,80007C02,8,0,0,0,7,C,0,2,1000,0,0,0,111,1100,0,10
186,-2147451886,80007C12,8,0,0,0,7,C,1,2,1000,0,0,0,111,1100,1,10
188,-1073710045,C0007C23,C,0,0,0,7,C,2,3,1100,0,0,0,111,1100,10,11
190,-1610580941,A0007C33,A,0,0,0,7,C,3,3,1010,0,0,0,111,1100,11,11
192,-1610580922,A0007C46,A,0,0,0,7,C,4,6,1010,0,0,0,111,1100,100,110
194,1610644470,60007BF6,6,0,0,0,7,B,F,6,110,0,0,0,111,1011,1111,110
196,536902638,20007BEE,2,0,0,0,7,B,E,E,10,0,0,0,111,1011,1110,1110
198,536902632,20007BE8,2,0,0,0,7,B,E,8,10,0,0,0,111,1011,1110,1000
200,-536839205,E0007BDB,E,0,0,0,7,B,D,B,1110,0,0,0,111,1011,1101,1011
202,-1610581041,A0007BCF,A,0,0,0,7,B,C,F,1010,0,0,0,111,1011,1100,1111
204,-536839225,E0007BC7,E,0,0,0,7,B,C,7,1110,0,0,0,111,1011,1100,111
206,-1073710148,C0007BBC,C,0,0,0,7,B,B,C,1100,0,0,0,111,1011,1011,1100
208,1073773782,40007CD6,4,0,0,0,7,C,D,6,100,0,0,0,111,1100,1101,110
210,-536838977,E0007CBF,E,0,0,0,7,C,B,F,1110,0,0,0,111,1100,1011,1111
212,1610644649,60007CA9,6,0,0,0,7,C,A,9,110,0,0,0,111,1100,1010,1001
214,-1073709930,C0007C96,C,0,0,0,7,C,9,6,1100,0,0,0,111,1100,1001,110
216,1610644618,60007C8A,6,0,0,0,7,C,8,A,110,0,0,0,111,1100,1000,1010
218,-536839040,E0007C80,E,0,0,0,7,C,8,0,1110,0,0,0,111,1100,1000,0
220,-1073709961,C0007C77,C,0,0,0,7,C,7,7,1100,0,0,0,111,1100,111,111
222,-1610580635,A0007D65,A,0,0,0,7,D,6,5,1010,0,0,0,111,1101,110,101
224,-536838806,E0007D6A,E,0,0,0,7,D,6,A,1110,0,0,0,111,1101,110,1010
226,1610644847,60007D6F,6,0,0,0,7,D,6,F,110,0,0,0,111,1101,110,1111
228,536903028,20007D74,2,0,0,0,7,D,7,4,10,0,0,0,111,1101,111,100
230,32115,00007D73,0,0,0,0,7,D,7,3,0,0,0,0,111,1101,111,11
232,-1610580631,A0007D69,A,0,0,0,7,D,6,9,1010,0,0,0,111,1101,110,1001
234,-536838821,E0007D5B,E,0,0,0,7,D,5,B,1110,0,0,0,111,1101,101,1011
236,536902988,20007D4C,2,0,0,0,7,D,4,C,10,0,0,0,111,1101,100,1100
238,1073773709,40007C8D,4,0,0,0,7,C,8,D,100,0,0,0,111,1100,1000,1101
240,-2147451750,80007C9A,8,0,0,0,7,C,9,A,1000,0,0,0,111,1100,1001,1010
242,-1073709911,C0007CA9,C,0,0,0,7,C,A,9,1100,0,0,0,111,1100,1010,1001
244,-2147451715,80007CBD,8,0,0,0,7,C,B,D,1000,0,0,0,111,1100,1011,1101
246,-1073709872,C0007CD0,C,0,0,0,7,C,D,0,1100,0,0,0,111,1100,1101,0
248,-1610580767,A0007CE1,A,0,0,0,7,C,E,1,1010,0,0,0,111,1100,1110,1
250,-536838925,E0007CF3,E,0,0,0,7,C,F,3,1110,0,0,0,111,1100,1111,11
252,1073773506,40007BC2,4,0,0,0,7,B,C,2,100,0,0,0,111,1011,1100,10
254,31690,00007BCA,0,0,0,0,7,B,C,A,0,0,0,0,111,1011,1100,1010
256,-1073710125,C0007BD3,C,0,0,0,7,B,D,3,1100,0,0,0,111,1011,1101,11
258,1610644444,60007BDC,6,0,0,0,7,B,D,C,110,0,0,0,111,1011,1101,1100
260,-1610581024,A0007BE0,A,0,0,0,7,B,E,0,1010,0,0,0,111,1011,1110,0
262,-536839196,E0007BE4,E,0,0,0,7,B,E,4,1110,0,0,0,111,1011,1110,100
264,1610644460,60007BEC,6,0,0,0,7,B,E,C,110,0,0,0,111,1011,1110,1100
266,-536839115,E0007C35,E,0,0,0,7,C,3,5,1110,0,0,0,111,1100,11,101
268,-536839132,E0007C24,E,0,0,0,7,C,2,4,1110,0,0,0,111,1100,10,100
270,-536839150,E0007C12,E,0,0,0,7,C,1,2,1110,0,0,0,111,1100,1,10
272,-1073710075,C0007C05,C,0,0,0,7,C,0,5,1100,0,0,0,111,1100,0,101
274,-1610580995,A0007BFD,A,0,0,0,7,B,F,D,1010,0,0,0,111,1011,1111,1101
276,-1073710088,C0007BF8,C,0,0,0,7,B,F,8,1100,0,0,0,111,1011,1111,1000
278,1073773554,40007BF2,4,0,0,0,7,B,F,2,100,0,0,0,111,1011,1111,10
280,-1610580692,A0007D2C,A,0,0,0,7,D,2,C,1010,0,0,0,111,1101,10,1100
282,1073773859,40007D23,4,0,0,0,7,D,2,3,100,0,0,0,111,1101,10,11
284,536902934,20007D16,2,0,0,0,7,D,1,6,10,0,0,0,111,1101,1,110
286,32007,00007D07,0,0,0,0,7,D,0,7,0,0,0,0,111,1101,0,111
288,-536838921,E0007CF7,E,0,0,0,7,C,F,7,1110,0,0,0,111,1100,1111,111
290,-1073709849,C0007CE7,C,0,0,0,7,C,E,7,1100,0,0,0,111,1100,1110,111
292,-536838958,E0007CD2,E,0,0,0,7,C,D,2,1110,0,0,0,111,1100,1101,10
294,-2147451604,80007D2C,8,0,0,0,7,D,2,C,1000,0,0,0,111,1101,10,1100
296,-1073709765,C0007D3B,C,0,0,0,7,D,3,B,1100,0,0,0,111,1101,11,1011
298,-1073709754,C0007D46,C,0,0,0,7,D,4,6,1100,0,0,0,111,1101,100,110
300,1073773903,40007D4F,4,0,0,0,7,D,4,F,100,0,0,0,111,1101,100,1111
302,1610644822,60007D56,6,0,0,0,7,D,5,6,110,0,0,0,111,1101,101,110
304,536903004,20007D5C,2,0,0,0,7,D,5,C,10,0,0,0,111,1101,101,1100
306,1073773922,40007D62,4,0,0,0,7,D,6,2,100,0,0,0,111,1101,110,10
308,1610644504,60007C18,6,0,0,0,7,C,1,8,110,0,0,0,111,1100,1,1000
310,-536839130,E0007C26,E,0,0,0,7,C,2,6,1110,0,0,0,111,1100,10,110
312,-1610580938,A0007C36,A,0,0,0,7,C,3,6,1010,0,0,0,111,1100,11,110
314,536902732,20007C4C,2,0,0,0,7,C,4,C,10,0,0,0,111,1100,100,1100
316,31840,00007C60,0,0,0,0,7,C,6,0,0,0,0,0,111,1100,110,0
318,31857,00007C71,0,0,0,0,7,C,7,1,0,0,0,0,111,1100,111,1
320,-1610580863,A0007C81,A,0,0,0,7,C,8,1,1010,0,0,0,111,1100,1000,1
322,-2147451951,80007BD1,8,0,0,0,7,B,D,1,1000,0,0,0,111,1011,1101,1
324,536902596,20007BC4,2,0,0,0,7,B,C,4,10,0,0,0,111,1011,1100,100
326,1073773500,40007BBC,4,0,0,0,7,B,B,C,100,0,0,0,111,1011,1011,1100
328,1073773491,40007BB3,4,0,0,0,7,B,B,3,100,0,0,0,111,1011,1011,11
330,-1610581070,A0007BB2,A,0,0,0,7,B,B,2,1010,0,0,0,111,1011,1011,10
332,-2147451975,80007BB9,8,0,0,0,7,B,B,9,1000,0,0,0,111,1011,1011,1001
334,-536839237,E0007BBB,E,0,0,0,7,B,B,B,1110,0,0,0,111,1011,1011,1011
336,-2147451760,80007C90,8,0,0,0,7,C,9,0,1000,0,0,0,111,1100,1001,0
338,-1610580861,A0007C83,A,0,0,0,7,C,8,3,1010,0,0,0,111,1100,1000,11
340,1073773690,40007C7A,4,0,0,0,7,C,7,A,100,0,0,0,111,1100,111,1010
342,536902771,20007C73,2,0,0,0,7,C,7,3,10,0,0,0,111,1100,111,11
344,31849,00007C69,0,0,0,0,7,C,6,9,0,0,0,0,111,1100,110,1001
346,536902746,20007C5A,2,0,0,0,7,C,5,A,10,0,0,0,111,1100,101,1010
348,1610644551,60007C47,6,0,0,0,7,C,4,7,110,0,0,0,111,1100,100,111
350,1073773617,40007C31,4,0,0,0,7,C,3,1,100,0,0,0,111,1100,11,1
352,-1610580624,A0007D70,A,0,0,0,7,D,7,0,1010,0,0,0,111,1101,111,0
354,1073773926,40007D66,4,0,0,0,7,D,6,6,100,0,0,0,111,1101,110,110
356,-1610580650,A0007D56,A,0,0,0,7,D,5,6,1010,0,0,0,111,1101,101,110
358,-2147451577,80007D47,8,0,0,0,7,D,4,7,1000,0,0,0,111,1101,100,111
360,32060,00007D3C,0,0,0,0,7,D,3,C,0,0,0,0,111,1101,11,1100
362,536902964,20007D34,2,0,0,0,7,D,3,4,10,0,0,0,111,1101,11,100
364,536902957,20007D2D,2,0,0,0,7,D,2,D,10,0,0,0,111,1101,10,1101
366,1073773763,40007CC3,4,0,0,0,7,C,C,3,100,0,0,0,111,1100,1100,11
368,-1610580779,A0007CD5,A,0,0,0,7,C,D,5,1010,0,0,0,111,1100,1101,101
370,31975,00007CE7,0,0,0,0,7,C,E,7,0,0,0,0,111,1100,1110,111
372,-1610580742,A0007CFA,A,0,0,0,7,C,F,A,1010,0,0,0,111,1100,1111,1010
374,1073773839,40007D0F,4,0,0,0,7,D,0,F,100,0,0,0,111,1101,0,1111
376,32035,00007D23,0,0,0,0,7,D,2,3,0,0,0,0,111,1101,10,11
378,-536838860,E0007D34,E,0,0,0,7,D,3,4,1110,0,0,0,111,1101,11,100
380,1610644443,60007BDB,6,0,0,0,7,B,D,B,110,0,0,0,111,1011,1101,1011
382,-1073710113,C0007BDF,C,0,0,0,7,B,D,F,1100,0,0,0,111,1011,1101,1111
384,-536839198,E0007BE2,E,0,0,0,7,B,E,2,1110,0,0,0,111,1011,1110,10
386,-1610581011,A0007BED,A,0,0,0,7,B,E,D,1010,0,0,0,111,1011,1110,1101
388,-2147451910,80007BFA,8,0,0,0,7,B,F,A,1000,0,0,0,111,1011,1111,1010
390,-1073710073,C0007C07,C,0,0,0,7,C,0,7,1100,0,0,0,111,1100,0,111
392,1610644504,60007C18,6,0,0,0,7,C,1,8,110,0,0,0,111,1100,1,1000
394,1610644488,60007C08,6,0,0,0,7,C,0,8,110,0,0,0,111,1100,0,1000
396,-1610580988,A0007C04,A,0,0,0,7,C,0,4,1010,0,0,0,111,1100,0,100
398,-1610580996,A0007BFC,A,0,0,0,7,B,F,C,1010,0,0,0,111,1011,1111,1100
400,-1610581002,A0007BF6,A,0,0,0,7,B,F,6,1010,0,0,0,111,1011,1111,110
402,31725,00007BED,0,0,0,0,7,B,E,D,0,0,0,0,111,1011,1110,1101
404,31712,00007BE0,0,0,0,0,7,B,E,0,0,0,0,0,111,1011,1110,0
406,-2147451944,80007BD8,8,0,0,0,7,B,D,8,1000,0,0,0,111,1011,1101,1000
408,-2147451646,80007D02,8,0,0,0,7,D,0,2,1000,0,0,0,111,1101,0,10
410,-2147451662,80007CF2,8,0,0,0,7,C,F,2,1000,0,0,0,111,1100,1111,10
412,-1610580768,A0007CE0,A,0,0,0,7,C,E,0,1010,0,0,0,111,1100,1110,0
414,-1073709878,C0007CCA,C,0,0,0,7,C,C,A,1100,0,0,0,111,1100,1100,1010
416,-1073709901,C0007CB3,C,0,0,0,7,C,B,3,1100,0,0,0,111,1100,1011,11
418,536902815,20007C9F,2,0,0,0,7,C,9,F,10,0,0,0,111,1100,1001,1111
420,-1610580849,A0007C8F,A,0,0,0,7,C,8,F,1010,0,0,0,111,1100,1000,1111
422,1073773909,40007D55,4,0,0,0,7,D,5,5,100,0,0,0,111,1101,101,101
424,-2147451557,80007D5B,8,0,0,0,7,D,5,B,1000,0,0,0,111,1101,101,1011
426,-2147451552,80007D60,8,0,0,0,7,D,6,0,1000,0,0,0,111,1101,110,0
428,32102,00007D66,0,0,0,0,7,D,6,6,0,0,0,0,111,1101,110,110
430,1610644843,60007D6B,6,0,0,0,7,D,6,B,110,0,0,0,111,1101,110,1011
432,536903024,20007D70,2,0,0,0,7,D,7,0,10,0,0,0,111,1101,111,0
434,32115,00007D73,0,0,0,0,7,D,7,3,0,0,0,0,111,1101,111,11
436,1610644559,60007C4F,6,0,0,0,7,C,4,F,110,0,0,0,111,1100,100,1111
438,1073773667,40007C63,4,0,0,0,7,C,6,3,100,0,0,0,111,1100,110,11
440,1610644597,60007C75,6,0,0,0,7,C,7,5,110,0,0,0,111,1100,111,101
442,536902790,20007C86,2,0,0,0,7,C,8,6,10,0,0,0,111,1100,1000,110
444,-1073709933,C0007C93,C,0,0,0,7,C,9,3,1100,0,0,0,111,1100,1001,11
446,31905,00007CA1,0,0,0,0,7,C,A,1,0,0,0,0,111,1100,1010,1
448,1073773746,40007CB2,4,0,0,0,7,C,B,2,100,0,0,0,111,1100,1011,10
450,-536838972,E0007CC4,E,0,0,0,7,C,C,4,1110,0,0,0,111,1100,1100,100
452,-2147451976,80007BB8,8,0,0,0,7,B,B,8,1000,0,0,0,111,1011,1011,1000
454,1073773499,40007BBB,4,0,0,0,7,B,B,B,100,0,0,0,111,1011,1011,1011
456,-1610581053,A0007BC3,A,0,0,0,7,B,C,3,1010,0,0,0,111,1011,1100,11
458,-2147451958,80007BCA,8,0,0,0,7,B,C,A,1000,0,0,0,111,1011,1100,1010
460,1610644432,60007BD0,6,0,0,0,7,B,D,0,110,0,0,0,111,1011,1101,0
462,1610644441,60007BD9,6,0,0,0,7,B,D,9,110,0,0,0,111,1011,1101,1001
464,31711,00007BDF,0,0,0,0,7,B,D,F,0,0,0,0,111,1011,1101,1111
466,31846,00007C66,0,0,0,0,7,C,6,6,0,0,0,0,111,1100,110,110
468,-2147451819,80007C55,8,0,0,0,7,C,5,5,1000,0,0,0,111,1100,101,101
470,-536839104,E0007C40,E,0,0,0,7,C,4,0,1110,0,0,0,111,1100,100,0
472,536902703,20007C2F,2,0,0,0,7,C,2,F,10,0,0,0,111,1100,10,1111
474,-1610580962,A0007C1E,A,0,0,0,7,C,1,E,1010,0,0,0,111,1100,1,1110
476,-2147451891,80007C0D,8,0,0,0,7,C,0,D,1000,0,0,0,111,1100,0,1101
478,536902661,20007C05,2,0,0,0,7,C,0,5,10,0,0,0,111,1100,0,101
480,536902976,20007D40,2,0,0,0,7,D,4,0,10,0,0,0,111,1101,100,0
482,-1610580683,A0007D35,A,0,0,0,7,D,3,5,1010,0,0,0,111,1101,11,101
484,32047,00007D2F,0,0,0,0,7,D,2,F,0,0,0,0,111,1101,10,1111
486,-2147451609,80007D27,8,0,0,0,7,D,2,7,1000,0,0,0,111,1101,10,111
488,-2147451620,80007D1C,8,0,0,0,7,D,1,C,1000,0,0,0,111,1101,1,1100
490,-2147451634,80007D0E,8,0,0,0,7,D,0,E,1000,0,0,0,111,1101,0,1110
492,1073773822,40007CFE,4,0,0,0,7,C,F,E,100,0,0,0,111,1100,1111,1110
494,1073773822,40007CFE,4,0,0,0,7,C,F,E,100,0,0,0,111,1100,1111,1110
496,1610644755,60007D13,6,0,0,0,7,D,1,3,110,0,0,0,111,1101,1,11
498,-2147451610,80007D26,8,0,0,0,7,D,2,6,1000,0,0,0,111,1101,10,110
500,536902966,20007D36,2,0,0,0,7,D,3,6,10,0,0,0,111,1101,11,110
502,536902980,20007D44,2,0,0,0,7,D,4,4,10,0,0,0,111,1101,100,100
504,-1073709746,C0007D4E,C,0,0,0,7,D,4,E,1100,0,0,0,111,1101,100,1110
506,-1073709739,C0007D55,C,0,0,0,7,D,5,5,1100,0,0,0,111,1101,101,101
508,-1073710091,C0007BF5,C,0,0,0,7,B,F,5,1100,0,0,0,111,1011,1111,101
510,-2147451901,80007C03,8,0,0,0,7,C,0,3,1000,0,0,0,111,1100,0,11
512,-536839149,E0007C13,E,0,0,0,7,C,1,3,1110,0,0,0,111,1100,1,11
514,-2147451868,80007C24,8,0,0,0,7,C,2,4,1000,0,0,0,111,1100,10,100
516,-2147451854,80007C32,8,0,0,0,7,C,3,2,1000,0,0,0,111,1100,11,10
518,-1610580928,A0007C40,A,0,0,0,7,C,4,0,1010,0,0,0,111,1100,100,0
520,1610644564,60007C54,6,0,0,0,7,C,5,4,110,0,0,0,111,1100,101,100
522,-1610581006,A0007BF2,A,0,0,0,7,B,F,2,1010,0,0,0,111,1011,1111,10
524,-1610581015,A0007BE9,A,0,0,0,7,B,E,9,1010,0,0,0,111,1011,1110,1001
526,-2147451936,80007BE0,8,0,0,0,7,B,E,0,1000,0,0,0,111,1011,1110,0
528,31702,00007BD6,0,0,0,0,7,B,D,6,0,0,0,0,111,1011,1101,110
530,-536839223,E0007BC9,E,0,0,0,7,B,C,9,1110,0,0,0,111,1011,1100,1001
532,31681,00007BC1,0,0,0,0,7,B,C,1,0,0,0,0,111,1011,1100,1
534,1073773502,40007BBE,4,0,0,0,7,B,B,E,100,0,0,0,111,1011,1011,1110
536,-1610580799,A0007CC1,A,0,0,0,7,C,C,1,1010,0,0,0,111,1100,1100,1
538,-536838997,E0007CAB,E,0,0,0,7,C,A,B,1110,0,0,0,111,1100,1010,1011
540,-1073709927,C0007C99,C,0,0,0,7,C,9,9,1100,0,0,0,111,1100,1001,1001
542,1073773708,40007C8C,4,0,0,0,7,C,8,C,100,0,0,0,111,1100,1000,1100
544,1073773698,40007C82,4,0,0,0,7,C,8,2,100,0,0,0,111,1100,1000,10
546,-536839048,E0007C78,E,0,0,0,7,C,7,8,1110,0,0,0,111,1100,111,1000
548,1610644590,60007C6E,6,0,0,0,7,C,6,E,110,0,0,0,111,1100,110,1110
550,1073773930,40007D6A,4,0,0,0,7,D,6,A,100,0,0,0,111,1101,110,1010
552,1610644847,60007D6F,6,0,0,0,7,D,6,F,110,0,0,0,111,1101,110,1111
554,1610644851,60007D73,6,0,0,0,7,D,7,3,110,0,0,0,111,1101,111,11
556,1610644851,60007D73,6,0,0,0,7,D,7,3,110,0,0,0,111,1101,111,11
558,1610644844,60007D6C,6,0,0,0,7,D,6,C,110,0,0,0,111,1101,110,1100
560,-536838818,E0007D5E,E,0,0,0,7,D,5,E,1110,0,0,0,111,1101,101,1110
562,536902991,20007D4F,2,0,0,0,7,D,4,F,10,0,0,0,111,1101,100,1111
564,536902794,20007C8A,2,0,0,0,7,C,8,A,10,0,0,0,111,1100,1000,1010
566,-1073709930,C0007C96,C,0,0,0,7,C,9,6,1100,0,0,0,111,1100,1001,110
568,536902821,20007CA5,2,0,0,0,7,C,A,5,10,0,0,0,111,1100,1010,101
570,-1610580808,A0007CB8,A,0,0,0,7,C,B,8,1010,0,0,0,111,1100,1011,1000
572,536902858,20007CCA,2,0,0,0,7,C,C,A,10,0,0,0,111,1100,1100,1010
574,-1610580773,A0007CDB,A,0,0,0,7,C,D,B,1010,0,0,0,111,1100,1101,1011
576,-1073709842,C0007CEE,C,0,0,0,7,C,E,E,1100,0,0,0,111,1100,1110,1110
578,1610644737,60007D01,6,0,0,0,7,D,0,1,110,0,0,0,111,1101,0,1
580,536902602,20007BCA,2,0,0,0,7,B,C,A,10,0,0,0,111,1011,1100,1010
582,31698,00007BD2,0,0,0,0,7,B,D,2,0,0,0,0,111,1011,1101,10
584,-1073710121,C0007BD7,C,0,0,0,7,B,D,7,1100,0,0,0,111,1011,1101,111
586,-536839201,E0007BDF,E,0,0,0,7,B,D,F,1110,0,0,0,111,1011,1101,1111
588,31716,00007BE4,0,0,0,0,7,B,E,4,0,0,0,0,111,1011,1110,100
590,1073773544,40007BE8,4,0,0,0,7,B,E,8,100,0,0,0,111,1011,1110,1000
592,1073773556,40007BF4,4,0,0,0,7,B,F,4,100,0,0,0,111,1011,1111,100
594,1073773609,40007C29,4,0,0,0,7,C,2,9,100,0,0,0,111,1100,10,1001
596,-2147451880,80007C18,8,0,0,0,7,C,1,8,1000,0,0,0,111,1100,1,1000
598,-536839156,E0007C0C,E,0,0,0,7,C,0,C,1110,0,0,0,111,1100,0,1100
600,-1610580988,A0007C04,A,0,0,0,7,C,0,4,1010,0,0,0,111,1100,0,100
602,1610644477,60007BFD,6,0,0,0,7,B,F,D,110,0,0,0,111,1011,1111,1101
604,1073773560,40007BF8,4,0,0,0,7,B,F,8,100,0,0,0,111,1011,1111,1000
606,1073773553,40007BF1,4,0,0,0,7,B,F,1,100,0,0,0,111,1011,1111,1
608,-536838876,E0007D24,E,0,0,0,7,D,2,4,1110,0,0,0,111,1101,10,100
610,-536838887,E0007D19,E,0,0,0,7,D,1,9,1110,0,0,0,111,1101,1,1001
612,1073773835,40007D0B,4,0,0,0,7,D,0,B,100,0,0,0,111,1101,0,1011
614,-2147451654,80007CFA,8,0,0,0,7,C,F,A,1000,0,0,0,111,1100,1111,1010
616,-1610580759,A0007CE9,A,0,0,0,7,C,E,9,1010,0,0,0,111,1100,1110,1001
618,-2147451690,80007CD6,8,0,0,0,7,C,D,6,1000,0,0,0,111,1100,1101,110
620,1610644672,60007CC0,6,0,0,0,7,C,C,0,110,0,0,0,111,1100,1100,0
622,-1610580677,A0007D3B,A,0,0,0,7,D,3,B,1010,0,0,0,111,1101,11,1011
624,-2147451579,80007D45,8,0,0,0,7,D,4,5,1000,0,0,0,111,1101,100,101
626,536902990,20007D4E,2,0,0,0,7,D,4,E,10,0,0,0,111,1101,100,1110
628,-536838828,E0007D54,E,0,0,0,7,D,5,4,1110,0,0,0,111,1101,101,100
630,1073773915,40007D5B,4,0,0,0,7,D,5,B,100,0,0,0,111,1101,101,1011
632,-1073709727,C0007D61,C,0,0,0,7,D,6,1,1100,0,0,0,111,1101,110,1
634,-1073709721,C0007D67,C,0,0,0,7,D,6,7,1100,0,0,0,111,1101,110,111
636,-1073710044,C0007C24,C,0,0,0,7,C,2,4,1100,0,0,0,111,1100,10,100
638,-1610580940,A0007C34,A,0,0,0,7,C,3,4,1010,0,0,0,111,1100,11,100
640,1610644552,60007C48,6,0,0,0,7,C,4,8,110,0,0,0,111,1100,100,1000
642,-1610580898,A0007C5E,A,0,0,0,7,C,5,E,1010,0,0,0,111,1100,101,1110
644,-2147451792,80007C70,8,0,0,0,7,C,7,0,1000,0,0,0,111,1100,111,0
646,1610644607,60007C7F,6,0,0,0,7,C,7,F,110,0,0,0,111,1100,111,1111
648,1073773708,40007C8C,4,0,0,0,7,C,8,C,100,0,0,0,111,1100,1000,1100
650,-2147451953,80007BCF,8,0,0,0,7,B,C,F,1000,0,0,0,111,1011,1100,1111
652,1073773508,40007BC4,4,0,0,0,7,B,C,4,100,0,0,0,111,1011,1100,100
654,-2147451971,80007BBD,8,0,0,0,7,B,B,D,1000,0,0,0,111,1011,1011,1101
656,-2147451974,80007BBA,8,0,0,0,7,B,B,A,1000,0,0,0,111,1011,1011,1010
658,-1610581064,A0007BB8,A,0,0,0,7,B,B,8,1010,0,0,0,111,1011,1011,1000
660,1610644413,60007BBD,6,0,0,0,7,B,B,D,110,0,0,0,111,1011,1011,1101
662,31685,00007BC5,0,0,0,0,7,B,C,5,0,0,0,0,111,1011,1100,101
664,1610644617,60007C89,6,0,0,0,7,C,8,9,110,0,0,0,111,1100,1000,1001
666,-1073709953,C0007C7F,C,0,0,0,7,C,7,F,1100,0,0,0,111,1100,111,1111
668,-1073709964,C0007C74,C,0,0,0,7,C,7,4,1100,0,0,0,111,1100,111,100
670,-1610580885,A0007C6B,A,0,0,0,7,C,6,B,1010,0,0,0,111,1100,110,1011
672,-1073709986,C0007C5E,C,0,0,0,7,C,5,E,1100,0,0,0,111,1100,101,1110
674,-1073710006,C0007C4A,C,0,0,0,7,C,4,A,1100,0,0,0,111,1100,100,1010
676,536902710,20007C36,2,0,0,0,7,C,3,6,10,0,0,0,111,1100,11,110
678,-1610580626,A0007D6E,A,0,0,0,7,D,6,E,1010,0,0,0,111,1101,110,1110
680,536903013,20007D65,2,0,0,0,7,D,6,5,10,0,0,0,111,1101,110,101
682,-536838826,E0007D56,E,0,0,0,7,D,5,6,1110,0,0,0,111,1101,101,110
684,-1610580666,A0007D46,A,0,0,0,7,D,4,6,1010,0,0,0,111,1101,100,110
686,-1610580679,A0007D39,A,0,0,0,7,D,3,9,1010,0,0,0,111,1101,11,1001
688,-2147451598,80007D32,8,0,0,0,7,D,3,2,1000,0,0,0,111,1101,11,10
690,1073773868,40007D2C,4,0,0,0,7,D,2,C,100,0,0,0,111,1101,10,1100
692,-1610580802,A0007CBE,A,0,0,0,7,C,B,E,1010,0,0,0,111,1100,1011,1110
694,1610644689,60007CD1,6,0,0,0,7,C,D,1,110,0,0,0,111,1100,1101,1
696,-2147451678,80007CE2,8,0,0,0,7,C,E,2,1000,0,0,0,111,1100,1110,10
698,536902900,20007CF4,2,0,0,0,7,C,F,4,10,0,0,0,111,1100,1111,100
700,32007,00007D07,0,0,0,0,7,D,0,7,0,0,0,0,111,1101,0,111
702,-536838885,E0007D1B,E,0,0,0,7,D,1,B,1110,0,0,0,111,1101,1,1011
704,-1610580690,A0007D2E,A,0,0,0,7,D,2,E,1010,0,0,0,111,1101,10,1110
706,31711,00007BDF,0,0,0,0,7,B,D,F,0,0,0,0,111,1011,1101,1111
708,31716,00007BE4,0,0,0,0,7,B,E,4,0,0,0,0,111,1011,1110,100
710,1073773543,40007BE7,4,0,0,0,7,B,E,7,100,0,0,0,111,1011,1110,111
712,-1610581011,A0007BED,A,0,0,0,7,B,E,D,1010,0,0,0,111,1011,1110,1101
714,-1073710088,C0007BF8,C,0,0,0,7,B,F,8,1100,0,0,0,111,1011,1111,1000
716,536902663,20007C07,2,0,0,0,7,C,0,7,10,0,0,0,111,1100,0,111
718,536902678,20007C16,2,0,0,0,7,C,1,6,10,0,0,0,111,1100,1,110
720,31781,00007C25,0,0,0,0,7,C,2,5,0,0,0,0,111,1100,10,101
722,-2147451904,80007C00,8,0,0,0,7,C,0,0,1000,0,0,0,111,1100,0,0
724,1073773564,40007BFC,4,0,0,0,7,B,F,C,100,0,0,0,111,1011,1111,1100
726,1610644468,60007BF4,6,0,0,0,7,B,F,4,110,0,0,0,111,1011,1111,100
728,-1073710100,C0007BEC,C,0,0,0,7,B,E,C,1100,0,0,0,111,1011,1110,1100
730,31717,00007BE5,0,0,0,0,7,B,E,5,0,0,0,0,111,1011,1110,101
732,1610644441,60007BD9,6,0,0,0,7,B,D,9,110,0,0,0,111,1011,1101,1001
734,-1073710131,C0007BCD,C,0,0,0,7,B,C,D,1100,0,0,0,111,1011,1100,1101
736,536902899,20007CF3,2,0,0,0,7,C,F,3,10,0,0,0,111,1100,1111,11
738,-1610580766,A0007CE2,A,0,0,0,7,C,E,2,1010,0,0,0,111,1100,1110,10
740,31950,00007CCE,0,0,0,0,7,C,C,E,0,0,0,0,111,1100,1100,1110
742,-2147451721,80007CB7,8,0,0,0,7,C,B,7,1000,0,0,0,111,1100,1011,111
744,-536839006,E0007CA2,E,0,0,0,7,C,A,2,1110,0,0,0,111,1100,1010,10
746,-1610580847,A0007C91,A,0,0,0,7,C,9,1,1010,0,0,0,111,1100,1001,1
748,-1610580859,A0007C85,A,0,0,0,7,C,8,5,1010,0,0,0,111,1100,1000,101
750,1610644824,60007D58,6,0,0,0,7,D,5,8,110,0,0,0,111,1101,101,1000
752,536903007,20007D5F,2,0,0,0,7,D,5,F,10,0,0,0,111,1101,101,1111
754,-1073709724,C0007D64,C,0,0,0,7,D,6,4,1100,0,0,0,111,1101,110,100
756,1073773929,40007D69,4,0,0,0,7,D,6,9,100,0,0,0,111,1101,110,1001
758,1610644846,60007D6E,6,0,0,0,7,D,6,E,110,0,0,0,111,1101,110,1110
760,-536838799,E0007D71,E,0,0,0,7,D,7,1,1110,0,0,0,111,1101,111,1
762,536903023,20007D6F,2,0,0,0,7,D,6,F,10,0,0,0,111,1101,110,1111
764,-1610580893,A0007C63,A,0,0,0,7,C,6,3,1010,0,0,0,111,1100,110,11
766,-536839053,E0007C73,E,0,0,0,7,C,7,3,1110,0,0,0,111,1100,111,11
768,31874,00007C82,0,0,0,0,7,C,8,2,0,0,0,0,111,1100,1000,10
770,-1610580850,A0007C8E,A,0,0,0,7,C,8,E,1010,0,0,0,111,1100,1000,1110
772,-1073709925,C0007C9B,C,0,0,0,7,C,9,B,1100,0,0,0,111,1100,1001,1011
774,536902829,20007CAD,2,0,0,0,7,C,A,D,10,0,0,0,111,1100,1010,1101
776,-536838976,E0007CC0,E,0,0,0,7,C,C,0,1110,0,0,0,111,1100,1100,0
778,1610644407,60007BB7,6,0,0,0,7,B,B,7,110,0,0,0,111,1011,1011,111
780,-1610581063,A0007BB9,A,0,0,0,7,B,B,9,1010,0,0,0,111,1011,1011,1001
782,31678,00007BBE,0,0,0,0,7,B,B,E,0,0,0,0,111,1011,1011,1110
784,-1610581053,A0007BC3,A,0,0,0,7,B,C,3,1010,0,0,0,111,1011,1100,11
786,536902604,20007BCC,2,0,0,0,7,B,C,C,10,0,0,0,111,1011,1100,1100
788,1073773525,40007BD5,4,0,0,0,7,B,D,5,100,0,0,0,111,1011,1101,101
790,-2147451940,80007BDC,8,0,0,0,7,B,D,C,1000,0,0,0,111,1011,1101,1100
792,-1610580886,A0007C6A,A,0,0,0,7,C,6,A,1010,0,0,0,111,1100,110,1010
794,-536839077,E0007C5B,E,0,0,0,7,C,5,B,1110,0,0,0,111,1100,101,1011
796,-536839097,E0007C47,E,0,0,0,7,C,4,7,1110,0,0,0,111,1100,100,111
798,31796,00007C34,0,0,0,0,7,C,3,4,0,0,0,0,111,1100,11,100
800,-2147451871,80007C21,8,0,0,0,7,C,2,1,1000,0,0,0,111,1100,10,1
802,1610644498,60007C12,6,0,0,0,7,C,1,2,110,0,0,0,111,1100,1,10
804,1073773574,40007C06,4,0,0,0,7,C,0,6,100,0,0,0,111,1100,0,110
806,536902980,20007D44,2,0,0,0,7,D,4,4,10,0,0,0,111,1101,100,100
808,-1610580680,A0007D38,A,0,0,0,7,D,3,8,1010,0,0,0,111,1101,11,1000
810,1073773872,40007D30,4,0,0,0,7,D,3,0,100,0,0,0,111,1101,11,0
812,-1073709784,C0007D28,C,0,0,0,7,D,2,8,1100,0,0,0,111,1101,10,1000
814,536902943,20007D1F,2,0,0,0,7,D,1,F,10,0,0,0,111,1101,1,1111
816,1073773841,40007D11,4,0,0,0,7,D,1,1,100,0,0,0,111,1101,1,1
818,-1610580735,A0007D01,A,0,0,0,7,D,0,1,1010,0,0,0,111,1101,0,1
820,-2147451662,80007CF2,8,0,0,0,7,C,F,2,1000,0,0,0,111,1100,1111,10
822,1610644752,60007D10,6,0,0,0,7,D,1,0,110,0,0,0,111,1101,1,0
824,1073773861,40007D25,4,0,0,0,7,D,2,5,100,0,0,0,111,1101,10,101
826,-1073709770,C0007D36,C,0,0,0,7,D,3,6,1100,0,0,0,111,1101,11,110
828,-2147451580,80007D44,8,0,0,0,7,D,4,4,1000,0,0,0,111,1101,100,100
830,1610644814,60007D4E,6,0,0,0,7,D,4,E,110,0,0,0,111,1101,100,1110
832,-536838826,E0007D56,E,0,0,0,7,D,5,6,1110,0,0,0,111,1101,101,110
834,-2147451555,80007D5D,8,0,0,0,7,D,5,D,1000,0,0,0,111,1101,101,1101
836,-2147451907,80007BFD,8,0,0,0,7,B,F,D,1000,0,0,0,111,1011,1111,1101
838,1073773581,40007C0D,4,0,0,0,7,C,0,D,100,0,0,0,111,1100,0,1101
840,-536839141,E0007C1B,E,0,0,0,7,C,1,B,1110,0,0,0,111,1100,1,1011
842,-2147451863,80007C29,8,0,0,0,7,C,2,9,1000,0,0,0,111,1100,10,1001
844,-1610580934,A0007C3A,A,0,0,0,7,C,3,A,1010,0,0,0,111,1100,11,1010
846,1610644560,60007C50,6,0,0,0,7,C,5,0,110,0,0,0,111,1100,101,0
848,-1610580891,A0007C65,A,0,0,0,7,C,6,5,1010,0,0,0,111,1100,110,101
850,1073773548,40007BEC,4,0,0,0,7,B,E,C,100,0,0,0,111,1011,1110,1100
852,536902627,20007BE3,2,0,0,0,7,B,E,3,10,0,0,0,111,1011,1110,11
854,536902615,20007BD7,2,0,0,0,7,B,D,7,10,0,0,0,111,1011,1101,111
856,-1610581044,A0007BCC,A,0,0,0,7,B,C,C,1010,0,0,0,111,1011,1100,1100
858,-2147451967,80007BC1,8,0,0,0,7,B,C,1,1000,0,0,0,111,1011,1100,1
860,31674,00007BBA,0,0,0,0,7,B,B,A,0,0,0,0,111,1011,1011,1010
862,-1073710152,C0007BB8,C,0,0,0,7,B,B,8,1100,0,0,0,111,1011,1011,1000
864,-536838993,E0007CAF,E,0,0,0,7,C,A,F,1110,0,0,0,111,1100,1010,1111
866,-1610580836,A0007C9C,A,0,0,0,7,C,9,C,1010,0,0,0,111,1100,1001,1100
868,-2147451763,80007C8D,8,0,0,0,7,C,8,D,1000,0,0,0,111,1100,1000,1101
870,1610644610,60007C82,6,0,0,0,7,C,8,2,110,0,0,0,111,1100,1000,10
872,-536839048,E0007C78,E,0,0,0,7,C,7,8,1110,0,0,0,111,1100,111,1000
874,-536839058,E0007C6E,E,0,0,0,7,C,6,E,1110,0,0,0,111,1100,110,1110
876,1610644580,60007C64,6,0,0,0,7,C,6,4,110,0,0,0,111,1100,110,100
878,-1610580629,A0007D6B,A,0,0,0,7,D,6,B,1010,0,0,0,111,1101,110,1011
880,32113,00007D71,0,0,0,0,7,D,7,1,0,0,0,0,111,1101,111,1
882,1073773939,40007D73,4,0,0,0,7,D,7,3,100,0,0,0,111,1101,111,11
884,-1610580626,A0007D6E,A,0,0,0,7,D,6,E,1010,0,0,0,111,1101,110,1110
886,32099,00007D63,0,0,0,0,7,D,6,3,0,0,0,0,111,1101,110,11
888,-1073709742,C0007D52,C,0,0,0,7,D,5,2,1100,0,0,0,111,1101,101,10
890,32067,00007D43,0,0,0,0,7,D,4,3,0,0,0,0,111,1101,100,11
892,31894,00007C96,0,0,0,0,7,C,9,6,0,0,0,0,111,1100,1001,110
894,-2147451742,80007CA2,8,0,0,0,7,C,A,2,1000,0,0,0,111,1100,1010,10
896,-1073709902,C0007CB2,C,0,0,0,7,C,B,2,1100,0,0,0,111,1100,1011,10
898,-536838970,E0007CC6,E,0,0,0,7,C,C,6,1110,0,0,0,111,1100,1100,110
900,-1610580776,A0007CD8,A,0,0,0,7,C,D,8,1010,0,0,0,111,1100,1101,1000
902,1610644713,60007CE9,6,0,0,0,7,C,E,9,110,0,0,0,111,1100,1110,1001
904,-536838916,E0007CFC,E,0,0,0,7,C,F,C,1110,0,0,0,111,1100,1111,1100
906,-1610581049,A0007BC7,A,0,0,0,7,B,C,7,1010,0,0,0,111,1011,1100,111
908,-536839216,E0007BD0,E,0,0,0,7,B,D,0,1110,0,0,0,111,1011,1101,0
910,536902618,20007BDA,2,0,0,0,7,B,D,A,10,0,0,0,111,1011,1101,1010
912,-1073710113,C0007BDF,C,0,0,0,7,B,D,F,1100,0,0,0,111,1011,1101,1111
914,31716,00007BE4,0,0,0,0,7,B,E,4,0,0,0,0,111,1011,1110,100
916,1073773544,40007BE8,4,0,0,0,7,B,E,8,100,0,0,0,111,1011,1110,1000
918,1610644464,60007BF0,6,0,0,0,7,B,F,0,110,0,0,0,111,1011,1111,0
920,-536839123,E0007C2D,E,0,0,0,7,C,2,D,1110,0,0,0,111,1100,10,1101
922,1073773596,40007C1C,4,0,0,0,7,C,1,C,100,0,0,0,111,1100,1,1100
924,-1073710067,C0007C0D,C,0,0,0,7,C,0,D,1100,0,0,0,111,1100,0,1101
926,-2147451901,80007C03,8,0,0,0,7,C,0,3,1000,0,0,0,111,1100,0,11
928,1073773565,40007BFD,4,0,0,0,7,B,F,D,100,0,0,0,111,1011,1111,1101
930,31737,00007BF9,0,0,0,0,7,B,F,9,0,0,0,0,111,1011,1111,1001
932,1073773553,40007BF1,4,0,0,0,7,B,F,1,100,0,0,0,111,1011,1111,1
934,-1073710104,C0007BE8,C,0,0,0,7,B,E,8,1100,0,0,0,111,1011,1110,1000
936,-1610580708,A0007D1C,A,0,0,0,7,D,1,C,1010,0,0,0,111,1101,1,1100
938,-536838899,E0007D0D,E,0,0,0,7,D,0,D,1110,0,0,0,111,1101,0,1101
940,-2147451651,80007CFD,8,0,0,0,7,C,F,D,1000,0,0,0,111,1100,1111,1101
942,1610644718,60007CEE,6,0,0,0,7,C,E,E,110,0,0,0,111,1100,1110,1110
944,-2147451684,80007CDC,8,0,0,0,7,C,D,C,1000,0,0,0,111,1100,1101,1100
946,-1073709883,C0007CC5,C,0,0,0,7,C,C,5,1100,0,0,0,111,1100,1100,101
948,536902830,20007CAE,2,0,0,0,7,C,A,E,10,0,0,0,111,1100,1010,1110
950,-1073709755,C0007D45,C,0,0,0,7,D,4,5,1100,0,0,0,111,1101,100,101
952,-1073709745,C0007D4F,C,0,0,0,7,D,4,F,1100,0,0,0,111,1101,100,1111
954,-2147451560,80007D58,8,0,0,0,7,D,5,8,1000,0,0,0,111,1101,101,1000
956,-1073709730,C0007D5E,C,0,0,0,7,D,5,E,1100,0,0,0,111,1101,101,1110
958,536903012,20007D64,2,0,0,0,7,D,6,4,10,0,0,0,111,1101,110,100
960,-1610580631,A0007D69,A,0,0,0,7,D,6,9,1010,0,0,0,111,1101,110,1001
962,-1073709715,C0007D6D,C,0,0,0,7,D,6,D,1100,0,0,0,111,1101,110,1101
964,-2147451853,80007C33,8,0,0,0,7,C,3,3,1000,0,0,0,111,1100,11,11
966,-1073710014,C0007C42,C,0,0,0,7,C,4,2,1100,0,0,0,111,1100,100,10
968,-1073709994,C0007C56,C,0,0,0,7,C,5,6,1100,0,0,0,111,1100,101,110
970,1610644586,60007C6A,6,0,0,0,7,C,6,A,110,0,0,0,111,1100,110,1010
972,-1073709960,C0007C78,C,0,0,0,7,C,7,8,1100,0,0,0,111,1100,111,1000
974,-1073709946,C0007C86,C,0,0,0,7,C,8,6,1100,0,0,0,111,1100,1000,110
976,1073773717,40007C95,4,0,0,0,7,C,9,5,100,0,0,0,111,1100,1001,101
978,-536839225,E0007BC7,E,0,0,0,7,B,C,7,1110,0,0,0,111,1011,1100,111
980,-536839234,E0007BBE,E,0,0,0,7,B,B,E,1110,0,0,0,111,1011,1011,1110
982,-536839239,E0007BB9,E,0,0,0,7,B,B,9,1110,0,0,0,111,1011,1011,1001
984,31674,00007BBA,0,0,0,0,7,B,B,A,0,0,0,0,111,1011,1011,1010
986,-1610581058,A0007BBE,A,0,0,0,7,B,B,E,1010,0,0,0,111,1011,1011,1110
988,31683,00007BC3,0,0,0,0,7,B,C,3,0,0,0,0,111,1011,1100,11
990,-1610581046,A0007BCA,A,0,0,0,7,B,C,A,1010,0,0,0,111,1011,1100,1010
992,-536839039,E0007C81,E,0,0,0,7,C,8,1,1110,0,0,0,111,1100,1000,1
994,1073773690,40007C7A,4,0,0,0,7,C,7,A,100,0,0,0,111,1100,111,1010
996,-536839056,E0007C70,E,0,0,0,7,C,7,0,1110,0,0,0,111,1100,111,0
998,1610644578,60007C62,6,0,0,0,7,C,6,2,110,0,0,0,111,1100,110,10
1000,-536839087,E0007C51,E,0,0,0,7,C,5,1,1110,0,0,0,111,1100,101,1
1002,1073773629,40007C3D,4,0,0,0,7,C,3,D,100,0,0,0,111,1100,11,1101
1004,536902696,20007C28,2,0,0,0,7,C,2,8,10,0,0,0,111,1100,10,1000
1006,1610644840,60007D68,6,0,0,0,7,D,6,8,110,0,0,0,111,1101,110,1000
1008,32091,00007D5B,0,0,0,0,7,D,5,B,0,0,0,0,111,1101,101,1011
1010,1073773899,40007D4B,4,0,0,0,7,D,4,B,100,0,0,0,111,1101,100,1011
1012,32061,00007D3D,0,0,0,0,7,D,3,D,0,0,0,0,111,1101,11,1101
1014,1073773875,40007D33,4,0,0,0,7,D,3,3,100,0,0,0,111,1101,11,11
1016,-1610580692,A0007D2C,A,0,0,0,7,D,2,C,1010,0,0,0,111,1101,10,1100
1018,536902948,20007D24,2,0,0,0,7,D,2,4,10,0,0,0,111,1101,10,100
1020,536902859,20007CCB,2,0,0,0,7,C,C,B,10,0,0,0,111,1100,1100,1011
1022,-1073709861,C0007CDB,C,0,0,0,7,C,D,B,1100,0,0,0,111,1100,1101,1011
1024,1073773806,40007CEE,4,0,0,0,7,C,E,E,100,0,0,0,111,1100,1110,1110
1026,1073773825,40007D01,4,0,0,0,7,D,0,1,100,0,0,0,111,1101,0,1
1028,1610644757,60007D15,6,0,0,0,7,D,1,5,110,0,0,0,111,1101,1,101
1030,-536838871,E0007D29,E,0,0,0,7,D,2,9,1110,0,0,0,111,1101,10,1001
1032,-2147451591,80007D39,8,0,0,0,7,D,3,9,1000,0,0,0,111,1101,11,1001
1034,-1610581019,A0007BE5,A,0,0,0,7,B,E,5,1010,0,0,0,111,1011,1110,101
1036,-536839190,E0007BEA,E,0,0,0,7,B,E,A,1110,0,0,0,111,1011,1110,1010
1038,-1610581007,A0007BF1,A,0,0,0,7,B,F,1,1010,0,0,0,111,1011,1111,1
1040,1610644474,60007BFA,6,0,0,0,7,B,F,A,110,0,0,0,111,1011,1111,1010
1042,-2147451896,80007C08,8,0,0,0,7,C,0,8,1000,0,0,0,111,1100,0,1000
1044,1073773591,40007C17,4,0,0,0,7,C,1,7,100,0,0,0,111,1100,1,111
1046,31780,00007C24,0,0,0,0,7,C,2,4,0,0,0,0,111,1100,10,100
1048,-1610580987,A0007C05,A,0,0,0,7,C,0,5,1010,0,0,0,111,1100,0,101
1050,1073773566,40007BFE,4,0,0,0,7,B,F,E,100,0,0,0,111,1011,1111,1110
1052,-1073710092,C0007BF4,C,0,0,0,7,B,F,4,1100,0,0,0,111,1011,1111,100
1054,1073773553,40007BF1,4,0,0,0,7,B,F,1,100,0,0,0,111,1011,1111,1
1056,1610644454,60007BE6,6,0,0,0,7,B,E,6,110,0,0,0,111,1011,1110,110
1058,-1073710119,C0007BD9,C,0,0,0,7,B,D,9,1100,0,0,0,111,1011,1101,1001
1060,-2147451950,80007BD2,8,0,0,0,7,B,D,2,1000,0,0,0,111,1011,1101,10
1062,536902902,20007CF6,2,0,0,0,7,C,F,6,10,0,0,0,111,1100,1111,110
1064,1073773798,40007CE6,4,0,0,0,7,C,E,6,100,0,0,0,111,1100,1110,110
1066,31954,00007CD2,0,0,0,0,7,C,D,2,0,0,0,0,111,1100,1101,10
1068,31930,00007CBA,0,0,0,0,7,C,B,A,0,0,0,0,111,1100,1011,1010
1070,31909,00007CA5,0,0,0,0,7,C,A,5,0,0,0,0,111,1100,1010,101
1072,31892,00007C94,0,0,0,0,7,C,9,4,0,0,0,0,111,1100,1001,100
1074,-1073709945,C0007C87,C,0,0,0,7,C,8,7,1100,0,0,0,111,1100,1000,111
1076,1610644821,60007D55,6,0,0,0,7,D,5,5,110,0,0,0,111,1101,101,101
1078,1073773916,40007D5C,4,0,0,0,7,D,5,C,100,0,0,0,111,1101,101,1100
1080,32099,00007D63,0,0,0,0,7,D,6,3,0,0,0,0,111,1101,110,11
1082,-1073709720,C0007D68,C,0,0,0,7,D,6,8,1100,0,0,0,111,1101,110,1000
1084,536903022,20007D6E,2,0,0,0,7,D,6,E,10,0,0,0,111,1101,110,1110
1086,-2147451535,80007D71,8,0,0,0,7,D,7,1,1000,0,0,0,111,1101,111,1
1088,-1610580624,A0007D70,A,0,0,0,7,D,7,0,1010,0,0,0,111,1101,111,0
1090,-1610580900,A0007C5C,A,0,0,0,7,C,5,C,1010,0,0,0,111,1100,101,1100
1092,31854,00007C6E,0,0,0,0,7,C,6,E,0,0,0,0,111,1100,110,1110
1094,-1610580867,A0007C7D,A,0,0,0,7,C,7,D,1010,0,0,0,111,1100,111,1101
1096,-1610580851,A0007C8D,A,0,0,0,7,C,8,D,1010,0,0,0,111,1100,1000,1101
1098,536902809,20007C99,2,0,0,0,7,C,9,9,10,0,0,0,111,1100,1001,1001
1100,-2147451736,80007CA8,8,0,0,0,7,C,A,8,1000,0,0,0,111,1100,1010,1000
1102,-1073709893,C0007CBB,C,0,0,0,7,C,B,B,1100,0,0,0,111,1100,1011,1011
1104,1610644409,60007BB9,6,0,0,0,7,B,B,9,110,0,0,0,111,1011,1011,1001
1106,31675,00007BBB,0,0,0,0,7,B,B,B,0,0,0,0,111,1011,1011,1011
1108,31679,00007BBF,0,0,0,0,7,B,B,F,0,0,0,0,111,1011,1011,1111
1110,-536839228,E0007BC4,E,0,0,0,7,B,C,4,1110,0,0,0,111,1011,1100,100
1112,-536839221,E0007BCB,E,0,0,0,7,B,C,B,1110,0,0,0,111,1011,1100,1011
1114,536902612,20007BD4,2,0,0,0,7,B,D,4,10,0,0,0,111,1011,1101,100
1116,-2147451940,80007BDC,8,0,0,0,7,B,D,C,1000,0,0,0,111,1011,1101,1100
1118,-2147451798,80007C6A,8,0,0,0,7,C,6,A,1000,0,0,0,111,1100,110,1010
1120,1610644572,60007C5C,6,0,0,0,7,C,5,C,110,0,0,0,111,1100,101,1100
1122,-1073710006,C0007C4A,C,0,0,0,7,C,4,A,1100,0,0,0,111,1100,100,1010
1124,1073773620,40007C34,4,0,0,0,7,C,3,4,100,0,0,0,111,1100,11,100
1126,-536839137,E0007C1F,E,0,0,0,7,C,1,F,1110,0,0,0,111,1100,1,1111
1128,-1073710059,C0007C15,C,0,0,0,7,C,1,5,1100,0,0,0,111,1100,1,101
1130,31752,00007C08,0,0,0,0,7,C,0,8,0,0,0,0,111,1100,0,1000
1132,-1610580668,A0007D44,A,0,0,0,7,D,4,4,1010,0,0,0,111,1101,100,100
1134,1610644792,60007D38,6,0,0,0,7,D,3,8,110,0,0,0,111,1101,11,1000
1136,-1073709776,C0007D30,C,0,0,0,7,D,3,0,1100,0,0,0,111,1101,11,0
1138,1610644778,60007D2A,6,0,0,0,7,D,2,A,110,0,0,0,111,1101,10,1010
1140,32033,00007D21,0,0,0,0,7,D,2,1,0,0,0,0,111,1101,10,1
1142,-1610580717,A0007D13,A,0,0,0,7,D,1,3,1010,0,0,0,111,1101,1,11
1144,-1073709821,C0007D03,C,0,0,0,7,D,0,3,1100,0,0,0,111,1101,0,11
1146,1073773813,40007CF5,4,0,0,0,7,C,F,5,100,0,0,0,111,1100,1111,101
1148,-1610580727,A0007D09,A,0,0,0,7,D,0,9,1010,0,0,0,111,1101,0,1001
1150,-2147451618,80007D1E,8,0,0,0,7,D,1,E,1000,0,0,0,111,1101,1,1110
1152,1610644784,60007D30,6,0,0,0,7,D,3,0,110,0,0,0,111,1101,11,0
1154,-1610580674,A0007D3E,A,0,0,0,7,D,3,E,1010,0,0,0,111,1101,11,1110
1156,536902986,20007D4A,2,0,0,0,7,D,4,A,10,0,0,0,111,1101,100,1010
1158,32083,00007D53,0,0,0,0,7,D,5,3,0,0,0,0,111,1101,101,11
1160,31726,00007BEE,0,0,0,0,7,B,E,E,0,0,0,0,111,1011,1110,1110
1162,-1073710087,C0007BF9,C,0,0,0,7,B,F,9,1100,0,0,0,111,1011,1111,1001
1164,-1610580984,A0007C08,A,0,0,0,7,C,0,8,1010,0,0,0,111,1100,0,1000
1166,-536839144,E0007C18,E,0,0,0,7,C,1,8,1110,0,0,0,111,1100,1,1000
1168,1610644519,60007C27,6,0,0,0,7,C,2,7,110,0,0,0,111,1100,10,111
1170,536902711,20007C37,2,0,0,0,7,C,3,7,10,0,0,0,111,1100,11,111
1172,1073773643,40007C4B,4,0,0,0,7,C,4,B,100,0,0,0,111,1100,100,1011
1174,1073773554,40007BF2,4,0,0,0,7,B,F,2,100,0,0,0,111,1011,1111,10
1176,-536839189,E0007BEB,E,0,0,0,7,B,E,B,1110,0,0,0,111,1011,1110,1011
1178,-1610581024,A0007BE0,A,0,0,0,7,B,E,0,1010,0,0,0,111,1011,1110,0
1180,-1610581034,A0007BD6,A,0,0,0,7,B,D,6,1010,0,0,0,111,1011,1101,110
1182,1610644426,60007BCA,6,0,0,0,7,B,C,A,110,0,0,0,111,1011,1100,1010
1184,31678,00007BBE,0,0,0,0,7,B,B,E,0,0,0,0,111,1011,1011,1110
1186,-1610581062,A0007BBA,A,0,0,0,7,B,B,A,1010,0,0,0,111,1011,1011,1010
1188,-1073709875,C0007CCD,C,0,0,0,7,C,C,D,1100,0,0,0,111,1100,1100,1101
1190,-2147451721,80007CB7,8,0,0,0,7,C,B,7,1000,0,0,0,111,1100,1011,111
1192,-2147451742,80007CA2,8,0,0,0,7,C,A,2,1000,0,0,0,111,1100,1010,10
1194,-1073709934,C0007C92,C,0,0,0,7,C,9,2,1100,0,0,0,111,1100,1001,10
1196,-2147451769,80007C87,8,0,0,0,7,C,8,7,1000,0,0,0,111,1100,1000,111
1198,536902782,20007C7E,2,0,0,0,7,C,7,E,10,0,0,0,111,1100,111,1110
1200,1073773686,40007C76,4,0,0,0,7,C,7,6,100,0,0,0,111,1100,111,110
1202,536903012,20007D64,2,0,0,0,7,D,6,4,10,0,0,0,111,1101,110,100
1204,32105,00007D69,0,0,0,0,7,D,6,9,0,0,0,0,111,1101,110,1001
1206,1610644844,60007D6C,6,0,0,0,7,D,6,C,110,0,0,0,111,1101,110,1100
1208,1610644846,60007D6E,6,0,0,0,7,D,6,E,110,0,0,0,111,1101,110,1110
1210,-1610580629,A0007D6B,A,0,0,0,7,D,6,B,1010,0,0,0,111,1101,110,1011
1212,1610644833,60007D61,6,0,0,0,7,D,6,1,110,0,0,0,111,1101,110,1
1214,-1073709742,C0007D52,C,0,0,0,7,D,5,2,1100,0,0,0,111,1101,101,10
1216,-536839035,E0007C85,E,0,0,0,7,C,8,5,1110,0,0,0,111,1100,1000,101
1218,31889,00007C91,0,0,0,0,7,C,9,1,0,0,0,0,111,1100,1001,1
1220,536902814,20007C9E,2,0,0,0,7,C,9,E,10,0,0,0,111,1100,1001,1110
1222,1073773743,40007CAF,4,0,0,0,7,C,A,F,100,0,0,0,111,1100,1010,1111
1224,1073773761,40007CC1,4,0,0,0,7,C,C,1,100,0,0,0,111,1100,1100,1
1226,-536838957,E0007CD3,E,0,0,0,7,C,D,3,1110,0,0,0,111,1100,1101,11
1228,1610644711,60007CE7,6,0,0,0,7,C,E,7,110,0,0,0,111,1100,1110,111
1230,-536839234,E0007BBE,E,0,0,0,7,B,B,E,1110,0,0,0,111,1011,1011,1110
1232,-1610581049,A0007BC7,A,0,0,0,7,B,C,7,1010,0,0,0,111,1011,1100,111
1234,-2147451952,80007BD0,8,0,0,0,7,B,D,0,1000,0,0,0,111,1011,1101,0
1236,-536839210,E0007BD6,E,0,0,0,7,B,D,6,1110,0,0,0,111,1011,1101,110
1238,-2147451937,80007BDF,8,0,0,0,7,B,D,F,1000,0,0,0,111,1011,1101,1111
1240,-2147451932,80007BE4,8,0,0,0,7,B,E,4,1000,0,0,0,111,1011,1110,100
1242,-536839193,E0007BE7,E,0,0,0,7,B,E,7,1110,0,0,0,111,1011,1110,111
1244,-536839097,E0007C47,E,0,0,0,7,C,4,7,1110,0,0,0,111,1100,100,111
1246,31795,00007C33,0,0,0,0,7,C,3,3,0,0,0,0,111,1100,11,11
1248,536902690,20007C22,2,0,0,0,7,C,2,2,10,0,0,0,111,1100,10,10
1250,31763,00007C13,0,0,0,0,7,C,1,3,0,0,0,0,111,1100,1,11
1252,-536839162,E0007C06,E,0,0,0,7,C,0,6,1110,0,0,0,111,1100,0,110
1254,-536839166,E0007C02,E,0,0,0,7,C,0,2,1110,0,0,0,111,1100,0,10
1256,1073773565,40007BFD,4,0,0,0,7,B,F,D,100,0,0,0,111,1011,1111,1101
1258,536902958,20007D2E,2,0,0,0,7,D,2,E,10,0,0,0,111,1101,10,1110
1260,1073773863,40007D27,4,0,0,0,7,D,2,7,100,0,0,0,111,1101,10,111
1262,-536838884,E0007D1C,E,0,0,0,7,D,1,C,1110,0,0,0,111,1101,1,1100
1264,-1073709811,C0007D0D,C,0,0,0,7,D,0,D,1100,0,0,0,111,1101,0,1101
1266,1610644733,60007CFD,6,0,0,0,7,C,F,D,110,0,0,0,111,1100,1111,1101
1268,-2147451666,80007CEE,8,0,0,0,7,C,E,E,1000,0,0,0,111,1100,1110,1110
1270,-1610580771,A0007CDD,A,0,0,0,7,C,D,D,1010,0,0,0,111,1100,1101,1101
1272,536902949,20007D25,2,0,0,0,7,D,2,5,10,0,0,0,111,1101,10,101
1274,1073773877,40007D35,4,0,0,0,7,D,3,5,100,0,0,0,111,1101,11,101
1276,-536838847,E0007D41,E,0,0,0,7,D,4,1,1110,0,0,0,111,1101,100,1
1278,-2147451572,80007D4C,8,0,0,0,7,D,4,C,1000,0,0,0,111,1101,100,1100
1280,-2147451565,80007D53,8,0,0,0,7,D,5,3,1000,0,0,0,111,1101,101,11
1282,-1073709735,C0007D59,C,0,0,0,7,D,5,9,1100,0,0,0,111,1101,101,1001
1284,-1610580641,A0007D5F,A,0,0,0,7,D,5,F,1010,0,0,0,111,1101,101,1111
1286,31760,00007C10,0,0,0,0,7,C,1,0,0,0,0,0,111,1100,1,0
1288,-536839136,E0007C20,E,0,0,0,7,C,2,0,1110,0,0,0,111,1100,10,0
1290,1073773614,40007C2E,4,0,0,0,7,C,2,E,100,0,0,0,111,1100,10,1110
1292,1610644541,60007C3D,6,0,0,0,7,C,3,D,110,0,0,0,111,1100,11,1101
1294,536902739,20007C53,2,0,0,0,7,C,5,3,10,0,0,0,111,1100,101,11
1296,-1610580888,A0007C68,A,0,0,0,7,C,6,8,1010,0,0,0,111,1100,110,1000
1298,31864,00007C78,0,0,0,0,7,C,7,8,0,0,0,0,111,1100,111,1000
1300,-2147451936,80007BE0,8,0,0,0,7,B,E,0,1000,0,0,0,111,1011,1110,0
1302,-1610581035,A0007BD5,A,0,0,0,7,B,D,5,1010,0,0,0,111,1011,1101,101
1304,31691,00007BCB,0,0,0,0,7,B,C,B,0,0,0,0,111,1011,1100,1011
1306,-2147451970,80007BBE,8,0,0,0,7,B,B,E,1000,0,0,0,111,1011,1011,1110
1308,-536839238,E0007BBA,E,0,0,0,7,B,B,A,1110,0,0,0,111,1011,1011,1010
1310,536902587,20007BBB,2,0,0,0,7,B,B,B,10,0,0,0,111,1011,1011,1011
1312,31674,00007BBA,0,0,0,0,7,B,B,A,0,0,0,0,111,1011,1011,1010
1314,-536839014,E0007C9A,E,0,0,0,7,C,9,A,1110,0,0,0,111,1100,1001,1010
1316,1610644619,60007C8B,6,0,0,0,7,C,8,B,110,0,0,0,111,1100,1000,1011
1318,1610644609,60007C81,6,0,0,0,7,C,8,1,110,0,0,0,111,1100,1000,1
1320,-1073709960,C0007C78,C,0,0,0,7,C,7,8,1100,0,0,0,111,1100,111,1000
1322,536902767,20007C6F,2,0,0,0,7,C,6,F,10,0,0,0,111,1100,110,1111
1324,-2147451806,80007C62,8,0,0,0,7,C,6,2,1000,0,0,0,111,1100,110,10
1326,-1073709998,C0007C52,C,0,0,0,7,C,5,2,1100,0,0,0,111,1100,101,10
1328,-1073709715,C0007D6D,C,0,0,0,7,D,6,D,1100,0,0,0,111,1101,110,1101
1330,32111,00007D6F,0,0,0,0,7,D,6,F,0,0,0,0,111,1101,110,1111
1332,-536838808,E0007D68,E,0,0,0,7,D,6,8,1110,0,0,0,111,1101,110,1000
1334,-1073709732,C0007D5C,C,0,0,0,7,D,5,C,1100,0,0,0,111,1101,101,1100
1336,1073773901,40007D4D,4,0,0,0,7,D,4,D,100,0,0,0,111,1101,100,1101
1338,536902974,20007D3E,2,0,0,0,7,D,3,E,10,0,0,0,111,1101,11,1110
1340,536902964,20007D34,2,0,0,0,7,D,3,4,10,0,0,0,111,1101,11,100
1342,-536839001,E0007CA7,E,0,0,0,7,C,A,7,1110,0,0,0,111,1100,1010,111
1344,536902841,20007CB9,2,0,0,0,7,C,B,9,10,0,0,0,111,1100,1011,1001
1346,536902859,20007CCB,2,0,0,0,7,C,C,B,10,0,0,0,111,1100,1100,1011
1348,1610644701,60007CDD,6,0,0,0,7,C,D,D,110,0,0,0,111,1100,1101,1101
1350,-1610580754,A0007CEE,A,0,0,0,7,C,E,E,1010,0,0,0,111,1100,1110,1110
1352,1610644737,60007D01,6,0,0,0,7,D,0,1,110,0,0,0,111,1101,0,1
1354,-1610580715,A0007D15,A,0,0,0,7,D,1,5,1010,0,0,0,111,1101,1,101
1356,-2147451948,80007BD4,8,0,0,0,7,B,D,4,1000,0,0,0,111,1011,1101,100
1358,1073773531,40007BDB,4,0,0,0,7,B,D,B,100,0,0,0,111,1011,1101,1011
1360,-1610581023,A0007BE1,A,0,0,0,7,B,E,1,1010,0,0,0,111,1011,1110,1
1362,-2147451932,80007BE4,8,0,0,0,7,B,E,4,1000,0,0,0,111,1011,1110,100
1364,-536839191,E0007BE9,E,0,0,0,7,B,E,9,1110,0,0,0,111,1011,1110,1001
1366,536902645,20007BF5,2,0,0,0,7,B,F,5,10,0,0,0,111,1011,1111,101
1368,1073773571,40007C03,4,0,0,0,7,C,0,3,100,0,0,0,111,1100,0,11
1370,1610644510,60007C1E,6,0,0,0,7,C,1,E,110,0,0,0,111,1100,1,1110
1372,-536839153,E0007C0F,E,0,0,0,7,C,0,F,1110,0,0,0,111,1100,0,1111
1374,1073773573,40007C05,4,0,0,0,7,C,0,5,100,0,0,0,111,1100,0,101
1376,1073773567,40007BFF,4,0,0,0,7,B,F,F,100,0,0,0,111,1011,1111,1111
1378,-1610580999,A0007BF9,A,0,0,0,7,B,F,9,1010,0,0,0,111,1011,1111,1001
1380,-2147451919,80007BF1,8,0,0,0,7,B,F,1,1000,0,0,0,111,1011,1111,1
1382,31721,00007BE9,0,0,0,0,7,B,E,9,0,0,0,0,111,1011,1110,1001
1384,536902935,20007D17,2,0,0,0,7,D,1,7,10,0,0,0,111,1101,1,111
1386,1073773832,40007D08,4,0,0,0,7,D,0,8,100,0,0,0,111,1101,0,1000
1388,1073773816,40007CF8,4,0,0,0,7,C,F,8,100,0,0,0,111,1100,1111,1000
1390,536902889,20007CE9,2,0,0,0,7,C,E,9,10,0,0,0,111,1100,1110,1001
1392,-1073709866,C0007CD6,C,0,0,0,7,C,D,6,1100,0,0,0,111,1100,1101,110
1394,1610644672,60007CC0,6,0,0,0,7,C,C,0,110,0,0,0,111,1100,1100,0
1396,-1610580823,A0007CA9,A,0,0,0,7,C,A,9,1010,0,0,0,111,1100,1010,1001
1398,-1610580667,A0007D45,A,0,0,0,7,D,4,5,1010,0,0,0,111,1101,100,101
1400,-1073709747,C0007D4D,C,0,0,0,7,D,4,D,1100,0,0,0,111,1101,100,1101
1402,1073773908,40007D54,4,0,0,0,7,D,5,4,100,0,0,0,111,1101,101,100
1404,536903003,20007D5B,2,0,0,0,7,D,5,B,10,0,0,0,111,1101,101,1011
1406,32098,00007D62,0,0,0,0,7,D,6,2,0,0,0,0,111,1101,110,10
1408,-2147451545,80007D67,8,0,0,0,7,D,6,7,1000,0,0,0,111,1101,110,111
1410,-536838804,E0007D6C,E,0,0,0,7,D,6,C,1110,0,0,0,111,1101,110,1100
1412,-536839116,E0007C34,E,0,0,0,7,C,3,4,1110,0,0,0,111,1100,11,100
1414,-536839102,E0007C42,E,0,0,0,7,C,4,2,1110,0,0,0,111,1100,100,10
1416,-1610580904,A0007C58,A,0,0,0,7,C,5,8,1010,0,0,0,111,1100,101,1000
1418,-2147451796,80007C6C,8,0,0,0,7,C,6,C,1000,0,0,0,111,1100,110,1100
1420,536902778,20007C7A,2,0,0,0,7,C,7,A,10,0,0,0,111,1100,111,1010
1422,536902792,20007C88,2,0,0,0,7,C,8,8,10,0,0,0,111,1100,1000,1000
1424,536902805,20007C95,2,0,0,0,7,C,9,5,10,0,0,0,111,1100,1001,101
1426,31690,00007BCA,0,0,0,0,7,B,C,A,0,0,0,0,111,1011,1100,1010
1428,-2147451968,80007BC0,8,0,0,0,7,B,C,0,1000,0,0,0,111,1011,1100,0
1430,-2147451971,80007BBD,8,0,0,0,7,B,B,D,1000,0,0,0,111,1011,1011,1101
1432,31678,00007BBE,0,0,0,0,7,B,B,E,0,0,0,0,111,1011,1011,1110
1434,1610644415,60007BBF,6,0,0,0,7,B,B,F,110,0,0,0,111,1011,1011,1111
1436,-536839227,E0007BC5,E,0,0,0,7,B,C,5,1110,0,0,0,111,1011,1100,101
1438,-1073710130,C0007BCE,C,0,0,0,7,B,C,E,1100,0,0,0,111,1011,1100,1110
1440,-536839041,E0007C7F,E,0,0,0,7,C,7,F,1110,0,0,0,111,1100,111,1111
1442,-1073709962,C0007C76,C,0,0,0,7,C,7,6,1100,0,0,0,111,1100,111,110
1444,-536839059,E0007C6D,E,0,0,0,7,C,6,D,1110,0,0,0,111,1100,110,1101
1446,-2147451807,80007C61,8,0,0,0,7,C,6,1,1000,0,0,0,111,1100,110,1
1448,-2147451825,80007C4F,8,0,0,0,7,C,4,F,1000,0,0,0,111,1100,100,1111
1450,-536839111,E0007C39,E,0,0,0,7,C,3,9,1110,0,0,0,111,1100,11,1001
1452,1610644520,60007C28,6,0,0,0,7,C,2,8,110,0,0,0,111,1100,10,1000
1454,-1073709721,C0007D67,C,0,0,0,7,D,6,7,1100,0,0,0,111,1101,110,111
1456,1073773914,40007D5A,4,0,0,0,7,D,5,A,100,0,0,0,111,1101,101,1010
1458,-2147451575,80007D49,8,0,0,0,7,D,4,9,1000,0,0,0,111,1101,100,1001
1460,-1073709765,C0007D3B,C,0,0,0,7,D,3,B,1100,0,0,0,111,1101,11,1011
1462,536902964,20007D34,2,0,0,0,7,D,3,4,10,0,0,0,111,1101,11,100
1464,-1610580691,A0007D2D,A,0,0,0,7,D,2,D,1010,0,0,0,111,1101,10,1101
1466,-1073709787,C0007D25,C,0,0,0,7,D,2,5,1100,0,0,0,111,1101,10,101
1468,-1073709874,C0007CCE,C,0,0,0,7,C,C,E,1100,0,0,0,111,1100,1100,1110
1470,536902880,20007CE0,2,0,0,0,7,C,E,0,10,0,0,0,111,1100,1110,0
1472,-536838926,E0007CF2,E,0,0,0,7,C,F,2,1110,0,0,0,111,1100,1111,10
1474,-1073709819,C0007D05,C,0,0,0,7,D,0,5,1100,0,0,0,111,1101,0,101
1476,536902938,20007D1A,2,0,0,0,7,D,1,A,10,0,0,0,111,1101,1,1010
1478,1073773869,40007D2D,4,0,0,0,7,D,2,D,100,0,0,0,111,1101,10,1101
1480,536902971,20007D3B,2,0,0,0,7,D,3,B,10,0,0,0,111,1101,11,1011
1482,1073773539,40007BE3,4,0,0,0,7,B,E,3,100,0,0,0,111,1011,1110,11
1484,1610644455,60007BE7,6,0,0,0,7,B,E,7,110,0,0,0,111,1011,1110,111
1486,1073773551,40007BEF,4,0,0,0,7,B,E,F,100,0,0,0,111,1011,1110,1111
1488,-1073710087,C0007BF9,C,0,0,0,7,B,F,9,1100,0,0,0,111,1011,1111,1001
1490,536902664,20007C08,2,0,0,0,7,C,0,8,10,0,0,0,111,1100,0,1000
1492,-2147451880,80007C18,8,0,0,0,7,C,1,8,1000,0,0,0,111,1100,1,1000
1494,-1073710042,C0007C26,C,0,0,0,7,C,2,6,1100,0,0,0,111,1100,10,110
1496,1073773570,40007C02,4,0,0,0,7,C,0,2,100,0,0,0,111,1100,0,10
1498,-536839173,E0007BFB,E,0,0,0,7,B,F,B,1110,0,0,0,111,1011,1111,1011
1500,-1610581004,A0007BF4,A,0,0,0,7,B,F,4,1010,0,0,0,111,1011,1111,100
1502,536902638,20007BEE,2,0,0,0,7,B,E,E,10,0,0,0,111,1011,1110,1110
1504,-536839195,E0007BE5,E,0,0,0,7,B,E,5,1110,0,0,0,111,1011,1110,101
1506,-536839207,E0007BD9,E,0,0,0,7,B,D,9,1110,0,0,0,111,1011,1101,1001
1508,1610644430,60007BCE,6,0,0,0,7,B,C,E,110,0,0,0,111,1011,1100,1110
1510,-1610580749,A0007CF3,A,0,0,0,7,C,F,3,1010,0,0,0,111,1100,1111,11
1512,31971,00007CE3,0,0,0,0,7,C,E,3,0,0,0,0,111,1100,1110,11
1514,-1073709874,C0007CCE,C,0,0,0,7,C,C,E,1100,0,0,0,111,1100,1100,1110
1516,31928,00007CB8,0,0,0,0,7,C,B,8,0,0,0,0,111,1100,1011,1000
1518,-2147451742,80007CA2,8,0,0,0,7,C,A,2,1000,0,0,0,111,1100,1010,10
1520,536902801,20007C91,2,0,0,0,7,C,9,1,10,0,0,0,111,1100,1001,1
1522,31877,00007C85,0,0,0,0,7,C,8,5,0,0,0,0,111,1100,1000,101
1524,1610644819,60007D53,6,0,0,0,7,D,5,3,110,0,0,0,111,1101,101,11
1526,-2147451559,80007D59,8,0,0,0,7,D,5,9,1000,0,0,0,111,1101,101,1001
1528,32095,00007D5F,0,0,0,0,7,D,5,F,0,0,0,0,111,1101,101,1111
1530,1073773924,40007D64,4,0,0,0,7,D,6,4,100,0,0,0,111,1101,110,100
1532,1610644842,60007D6A,6,0,0,0,7,D,6,A,110,0,0,0,111,1101,110,1010
1534,-1073709715,C0007D6D,C,0,0,0,7,D,6,D,1100,0,0,0,111,1101,110,1101
1536,32107,00007D6B,0,0,0,0,7,D,6,B,0,0,0,0,111,1101,110,1011
1538,-2147451806,80007C62,8,0,0,0,7,C,6,2,1000,0,0,0,111,1100,110,10
1540,-1073709966,C0007C72,C,0,0,0,7,C,7,2,1100,0,0,0,111,1100,111,10
1542,536902785,20007C81,2,0,0,0,7,C,8,1,10,0,0,0,111,1100,1000,1
1544,1610644622,60007C8E,6,0,0,0,7,C,8,E,110,0,0,0,111,1100,1000,1110
1546,31897,00007C99,0,0,0,0,7,C,9,9,0,0,0,0,111,1100,1001,1001
1548,-536839001,E0007CA7,E,0,0,0,7,C,A,7,1110,0,0,0,111,1100,1010,111
1550,31931,00007CBB,0,0,0,0,7,C,B,B,0,0,0,0,111,1100,1011,1011
1552,-1610581060,A0007BBC,A,0,0,0,7,B,B,C,1010,0,0,0,111,1011,1011,1100
1554,536902590,20007BBE,2,0,0,0,7,B,B,E,10,0,0,0,111,1011,1011,1110
1556,1610644418,60007BC2,6,0,0,0,7,B,C,2,110,0,0,0,111,1011,1100,10
1558,-536839223,E0007BC9,E,0,0,0,7,B,C,9,1110,0,0,0,111,1011,1100,1001
1560,1610644432,60007BD0,6,0,0,0,7,B,D,0,110,0,0,0,111,1011,1101,0
1562,-536839209,E0007BD7,E,0,0,0,7,B,D,7,1110,0,0,0,111,1011,1101,111
1564,1610644449,60007BE1,6,0,0,0,7,B,E,1,110,0,0,0,111,1011,1110,1
1566,536902757,20007C65,2,0,0,0,7,C,6,5,10,0,0,0,111,1100,110,101
1568,-2147451817,80007C57,8,0,0,0,7,C,5,7,1000,0,0,0,111,1100,101,111
1570,1073773639,40007C47,4,0,0,0,7,C,4,7,100,0,0,0,111,1100,100,111
1572,1610644530,60007C32,6,0,0,0,7,C,3,2,110,0,0,0,111,1100,11,10
1574,1073773604,40007C24,4,0,0,0,7,C,2,4,100,0,0,0,111,1100,10,100
1576,1073773589,40007C15,4,0,0,0,7,C,1,5,100,0,0,0,111,1100,1,101
1578,-1610580988,A0007C04,A,0,0,0,7,C,0,4,1010,0,0,0,111,1100,0,100
1580,1073773890,40007D42,4,0,0,0,7,D,4,2,100,0,0,0,111,1101,100,10
1582,1610644790,60007D36,6,0,0,0,7,D,3,6,110,0,0,0,111,1101,11,110
1584,32047,00007D2F,0,0,0,0,7,D,2,F,0,0,0,0,111,1101,10,1111
1586,1610644776,60007D28,6,0,0,0,7,D,2,8,110,0,0,0,111,1101,10,1000
1588,1610644767,60007D1F,6,0,0,0,7,D,1,F,110,0,0,0,111,1101,1,1111
1590,1610644753,60007D11,6,0,0,0,7,D,1,1,110,0,0,0,111,1101,1,1
1592,-536838912,E0007D00,E,0,0,0,7,D,0,0,1110,0,0,0,111,1101,0,0
1594,536902902,20007CF6,2,0,0,0,7,C,F,6,10,0,0,0,111,1100,1111,110
1596,32008,00007D08,0,0,0,0,7,D,0,8,0,0,0,0,111,1101,0,1000
1598,-1073709798,C0007D1A,C,0,0,0,7,D,1,A,1100,0,0,0,111,1101,1,1010
1600,32045,00007D2D,0,0,0,0,7,D,2,D,0,0,0,0,111,1101,10,1101
1602,1073773881,40007D39,4,0,0,0,7,D,3,9,100,0,0,0,111,1101,11,1001
1604,-1610580669,A0007D43,A,0,0,0,7,D,4,3,1010,0,0,0,111,1101,100,11
1606,32077,00007D4D,0,0,0,0,7,D,4,D,0,0,0,0,111,1101,100,1101
1608,536902640,20007BF0,2,0,0,0,7,B,F,0,10,0,0,0,111,1011,1111,0
1610,-1610580995,A0007BFD,A,0,0,0,7,B,F,D,1010,0,0,0,111,1011,1111,1101
1612,-1610580981,A0007C0B,A,0,0,0,7,C,0,B,1010,0,0,0,111,1100,0,1011
1614,-1610580967,A0007C19,A,0,0,0,7,C,1,9,1010,0,0,0,111,1100,1,1001
1616,-1073710039,C0007C29,C,0,0,0,7,C,2,9,1100,0,0,0,111,1100,10,1001
1618,-1610580935,A0007C39,A,0,0,0,7,C,3,9,1010,0,0,0,111,1100,11,1001
1620,1610644557,60007C4D,6,0,0,0,7,C,4,D,110,0,0,0,111,1100,100,1101
1622,1073773558,40007BF6,4,0,0,0,7,B,F,6,100,0,0,0,111,1011,1111,110
1624,31728,00007BF0,0,0,0,0,7,B,F,0,0,0,0,0,111,1011,1111,0
1626,31716,00007BE4,0,0,0,0,7,B,E,4,0,0,0,0,111,1011,1110,100
1628,1073773526,40007BD6,4,0,0,0,7,B,D,6,100,0,0,0,111,1011,1101,110
1630,-1073710133,C0007BCB,C,0,0,0,7,B,C,B,1100,0,0,0,111,1011,1100,1011
1632,-1610581054,A0007BC2,A,0,0,0,7,B,C,2,1010,0,0,0,111,1011,1100,10
1634,536902589,20007BBD,2,0,0,0,7,B,B,D,10,0,0,0,111,1011,1011,1101
1636,-1073709879,C0007CC9,C,0,0,0,7,C,C,9,1100,0,0,0,111,1100,1100,1001
1638,-1610580814,A0007CB2,A,0,0,0,7,C,B,2,1010,0,0,0,111,1100,1011,10
1640,-1073709923,C0007C9D,C,0,0,0,7,C,9,D,1100,0,0,0,111,1100,1001,1101
1642,31886,00007C8E,0,0,0,0,7,C,8,E,0,0,0,0,111,1100,1000,1110
1644,-2147451773,80007C83,8,0,0,0,7,C,8,3,1000,0,0,0,111,1100,1000,11
1646,536902780,20007C7C,2,0,0,0,7,C,7,C,10,0,0,0,111,1100,111,1100
1648,536902772,20007C74,2,0,0,0,7,C,7,4,10,0,0,0,111,1100,111,100
1650,1073773920,40007D60,4,0,0,0,7,D,6,0,100,0,0,0,111,1101,110,0
1652,-2147451547,80007D65,8,0,0,0,7,D,6,5,1000,0,0,0,111,1101,110,101
1654,-1610580630,A0007D6A,A,0,0,0,7,D,6,A,1010,0,0,0,111,1101,110,1010
1656,1610644844,60007D6C,6,0,0,0,7,D,6,C,110,0,0,0,111,1101,110,1100
1658,-1610580632,A0007D68,A,0,0,0,7,D,6,8,1010,0,0,0,111,1101,110,1000
1660,536903007,20007D5F,2,0,0,0,7,D,5,F,10,0,0,0,111,1101,101,1111
1662,-1073709744,C0007D50,C,0,0,0,7,D,5,0,1100,0,0,0,111,1101,101,0
1664,1073773701,40007C85,4,0,0,0,7,C,8,5,100,0,0,0,111,1100,1000,101
1666,-1610580847,A0007C91,A,0,0,0,7,C,9,1,1010,0,0,0,111,1100,1001,1
1668,1610644639,60007C9F,6,0,0,0,7,C,9,F,110,0,0,0,111,1100,1001,1111
1670,-2147451727,80007CB1,8,0,0,0,7,C,B,1,1000,0,0,0,111,1100,1011,1
1672,1073773765,40007CC5,4,0,0,0,7,C,C,5,100,0,0,0,111,1100,1100,101
1674,536902872,20007CD8,2,0,0,0,7,C,D,8,10,0,0,0,111,1100,1101,1000
1676,536902890,20007CEA,2,0,0,0,7,C,E,A,10,0,0,0,111,1100,1110,1010
1678,31686,00007BC6,0,0,0,0,7,B,C,6,0,0,0,0,111,1011,1100,110
1680,-1610581043,A0007BCD,A,0,0,0,7,B,C,D,1010,0,0,0,111,1011,1100,1101
1682,1610644437,60007BD5,6,0,0,0,7,B,D,5,110,0,0,0,111,1011,1101,101
1684,-2147451939,80007BDD,8,0,0,0,7,B,D,D,1000,0,0,0,111,1011,1101,1101
1686,536902629,20007BE5,2,0,0,0,7,B,E,5,10,0,0,0,111,1011,1110,101
1688,536902632,20007BE8,2,0,0,0,7,B,E,8,10,0,0,0,111,1011,1110,1000
1690,-1610581013,A0007BEB,A,0,0,0,7,B,E,B,1010,0,0,0,111,1011,1110,1011
1692,-1610580924,A0007C44,A,0,0,0,7,C,4,4,1010,0,0,0,111,1100,100,100
1694,1610644530,60007C32,6,0,0,0,7,C,3,2,110,0,0,0,111,1100,11,10
1696,-1073710048,C0007C20,C,0,0,0,7,C,2,0,1100,0,0,0,111,1100,10,0
1698,31761,00007C11,0,0,0,0,7,C,1,1,0,0,0,0,111,1100,1,1
1700,-1610580985,A0007C07,A,0,0,0,7,C,0,7,1010,0,0,0,111,1100,0,111
1702,-1073710080,C0007C00,C,0,0,0,7,C,0,0,1100,0,0,0,111,1100,0,0
1704,-1073710087,C0007BF9,C,0,0,0,7,B,F,9,1100,0,0,0,111,1011,1111,1001
1706,-536838868,E0007D2C,E,0,0,0,7,D,2,C,1110,0,0,0,111,1101,10,1100
1708,1610644773,60007D25,6,0,0,0,7,D,2,5,110,0,0,0,111,1101,10,101
1710,-1610580710,A0007D1A,A,0,0,0,7,D,1,A,1010,0,0,0,111,1101,1,1010
1712,32012,00007D0C,0,0,0,0,7,D,0,C,0,0,0,0,111,1101,0,1100
1714,1610644732,60007CFC,6,0,0,0,7,C,F,C,110,0,0,0,111,1100,1111,1100
1716,-2147451668,80007CEC,8,0,0,0,7,C,E,C,1000,0,0,0,111,1100,1110,1100
1718,31963,00007CDB,0,0,0,0,7,C,D,B,0,0,0,0,111,1100,1101,1011
1720,1073773861,40007D25,4,0,0,0,7,D,2,5,100,0,0,0,111,1101,10,101
1722,-2147451597,80007D33,8,0,0,0,7,D,3,3,1000,0,0,0,111,1101,11,11
1724,32064,00007D40,0,0,0,0,7,D,4,0,0,0,0,0,111,1101,100,0
1726,1073773898,40007D4A,4,0,0,0,7,D,4,A,100,0,0,0,111,1101,100,1010
1728,536902993,20007D51,2,0,0,0,7,D,5,1,10,0,0,0,111,1101,101,1
1730,-1610580649,A0007D57,A,0,0,0,7,D,5,7,1010,0,0,0,111,1101,101,111
1732,536903005,20007D5D,2,0,0,0,7,D,5,D,10,0,0,0,111,1101,101,1101
1734,-536839148,E0007C14,E,0,0,0,7,C,1,4,1110,0,0,0,111,1100,1,100
1736,-1610580957,A0007C23,A,0,0,0,7,C,2,3,1010,0,0,0,111,1100,10,11
1738,536902704,20007C30,2,0,0,0,7,C,3,0,10,0,0,0,111,1100,11,0
1740,-1073710016,C0007C40,C,0,0,0,7,C,4,0,1100,0,0,0,111,1100,100,0
1742,1610644565,60007C55,6,0,0,0,7,C,5,5,110,0,0,0,111,1100,101,101
1744,536902761,20007C69,2,0,0,0,7,C,6,9,10,0,0,0,111,1100,110,1001
1746,1610644602,60007C7A,6,0,0,0,7,C,7,A,110,0,0,0,111,1100,111,1010
1748,1610644450,60007BE2,6,0,0,0,7,B,E,2,110,0,0,0,111,1011,1110,10
1750,-536839210,E0007BD6,E,0,0,0,7,B,D,6,1110,0,0,0,111,1011,1101,110
1752,-1073710131,C0007BCD,C,0,0,0,7,B,C,D,1100,0,0,0,111,1011,1100,1101
1754,536902597,20007BC5,2,0,0,0,7,B,C,5,10,0,0,0,111,1011,1100,101
1756,536902592,20007BC0,2,0,0,0,7,B,C,0,10,0,0,0,111,1011,1100,0
1758,536902594,20007BC2,2,0,0,0,7,B,C,2,10,0,0,0,111,1011,1100,10
1760,1073773509,40007BC5,4,0,0,0,7,B,C,5,100,0,0,0,111,1011,1100,101
1762,1073773721,40007C99,4,0,0,0,7,C,9,9,100,0,0,0,111,1100,1001,1001
1764,536902796,20007C8C,2,0,0,0,7,C,8,C,10,0,0,0,111,1100,1000,1100
1766,-1073709951,C0007C81,C,0,0,0,7,C,8,1,1100,0,0,0,111,1100,1000,1
1768,31865,00007C79,0,0,0,0,7,C,7,9,0,0,0,0,111,1100,111,1001
1770,-1073709969,C0007C6F,C,0,0,0,7,C,6,F,1100,0,0,0,111,1100,110,1111
1772,536902756,20007C64,2,0,0,0,7,C,6,4,10,0,0,0,111,1100,110,100
1774,536902740,20007C54,2,0,0,0,7,C,5,4,10,0,0,0,111,1100,101,100
1776,-2147451544,80007D68,8,0,0,0,7,D,6,8,1000,0,0,0,111,1101,110,1000
1778,32105,00007D69,0,0,0,0,7,D,6,9,0,0,0,0,111,1101,110,1001
1780,1610644835,60007D63,6,0,0,0,7,D,6,3,110,0,0,0,111,1101,110,11
1782,-2147451561,80007D57,8,0,0,0,7,D,5,7,1000,0,0,0,111,1101,101,111
1784,-536838840,E0007D48,E,0,0,0,7,D,4,8,1110,0,0,0,111,1101,100,1000
1786,-536838854,E0007D3A,E,0,0,0,7,D,3,A,1110,0,0,0,111,1101,11,1010
1788,32049,00007D31,0,0,0,0,7,D,3,1,0,0,0,0,111,1101,11,1
1790,-2147451742,80007CA2,8,0,0,0,7,C,A,2,1000,0,0,0,111,1100,1010,10
1792,-536838986,E0007CB6,E,0,0,0,7,C,B,6,1110,0,0,0,111,1100,1011,110
1794,-1073709879,C0007CC9,C,0,0,0,7,C,C,9,1100,0,0,0,111,1100,1100,1001
1796,536902875,20007CDB,2,0,0,0,7,C,D,B,10,0,0,0,111,1100,1101,1011
1798,-1073709844,C0007CEC,C,0,0,0,7,C,E,C,1100,0,0,0,111,1100,1110,1100
1800,-1073709827,C0007CFD,C,0,0,0,7,C,F,D,1100,0,0,0,111,1100,1111,1101
1802,32018,00007D12,0,0,0,0,7,D,1,2,0,0,0,0,111,1101,1,10
1804,-536839208,E0007BD8,E,0,0,0,7,B,D,8,1110,0,0,0,111,1011,1101,1000
1806,1073773536,40007BE0,4,0,0,0,7,B,E,0,100,0,0,0,111,1011,1110,0
1808,-2147451930,80007BE6,8,0,0,0,7,B,E,6,1000,0,0,0,111,1011,1110,110
1810,-1073710103,C0007BE9,C,0,0,0,7,B,E,9,1100,0,0,0,111,1011,1110,1001
1812,536902640,20007BF0,2,0,0,0,7,B,F,0,10,0,0,0,111,1011,1111,0
1814,1610644475,60007BFB,6,0,0,0,7,B,F,B,110,0,0,0,111,1011,1111,1011
1816,1610644488,60007C08,6,0,0,0,7,C,0,8,110,0,0,0,111,1100,0,1000
1818,-536839138,E0007C1E,E,0,0,0,7,C,1,E,1110,0,0,0,111,1100,1,1110
1820,1610644497,60007C11,6,0,0,0,7,C,1,1,110,0,0,0,111,1100,1,1
1822,-1610580985,A0007C07,A,0,0,0,7,C,0,7,1010,0,0,0,111,1100,0,111
1824,-1610580990,A0007C02,A,0,0,0,7,C,0,2,1010,0,0,0,111,1100,0,10
1826,536902652,20007BFC,2,0,0,0,7,B,F,C,10,0,0,0,111,1011,1111,1100
1828,-1073710092,C0007BF4,C,0,0,0,7,B,F,4,1100,0,0,0,111,1011,1111,100
1830,1610644460,60007BEC,6,0,0,0,7,B,E,C,110,0,0,0,111,1011,1110,1100
1832,-1073709800,C0007D18,C,0,0,0,7,D,1,8,1100,0,0,0,111,1101,1,1000
1834,-2147451640,80007D08,8,0,0,0,7,D,0,8,1000,0,0,0,111,1101,0,1000
1836,536902905,20007CF9,2,0,0,0,7,C,F,9,10,0,0,0,111,1100,1111,1001
1838,-1610580759,A0007CE9,A,0,0,0,7,C,E,9,1010,0,0,0,111,1100,1110,1001
1840,-1610580778,A0007CD6,A,0,0,0,7,C,D,6,1010,0,0,0,111,1100,1101,110
1842,1610644672,60007CC0,6,0,0,0,7,C,C,0,110,0,0,0,111,1100,1100,0
1844,1610644650,60007CAA,6,0,0,0,7,C,A,A,110,0,0,0,111,1100,1010,1010
1846,-1610580670,A0007D42,A,0,0,0,7,D,4,2,1010,0,0,0,111,1101,100,10
1848,-536838838,E0007D4A,E,0,0,0,7,D,4,A,1110,0,0,0,111,1101,100,1010
1850,1073773906,40007D52,4,0,0,0,7,D,5,2,100,0,0,0,111,1101,101,10
1852,-536838824,E0007D58,E,0,0,0,7,D,5,8,1110,0,0,0,111,1101,101,1000
1854,1073773918,40007D5E,4,0,0,0,7,D,5,E,100,0,0,0,111,1101,101,1110
1856,536903011,20007D63,2,0,0,0,7,D,6,3,10,0,0,0,111,1101,110,11
1858,32104,00007D68,0,0,0,0,7,D,6,8,0,0,0,0,111,1101,110,1000
1860,1610644533,60007C35,6,0,0,0,7,C,3,5,110,0,0,0,111,1100,11,101
1862,-1073710009,C0007C47,C,0,0,0,7,C,4,7,1100,0,0,0,111,1100,100,111
1864,31839,00007C5F,0,0,0,0,7,C,5,F,0,0,0,0,111,1100,101,1111
1866,1073773682,40007C72,4,0,0,0,7,C,7,2,100,0,0,0,111,1100,111,10
1868,1073773696,40007C80,4,0,0,0,7,C,8,0,100,0,0,0,111,1100,1000,0
1870,-1073709939,C0007C8D,C,0,0,0,7,C,8,D,1100,0,0,0,111,1100,1000,1101
1872,-2147451751,80007C99,8,0,0,0,7,C,9,9,1000,0,0,0,111,1100,1001,1001
1874,-1073710135,C0007BC9,C,0,0,0,7,B,C,9,1100,0,0,0,111,1011,1100,1001
1876,-2147451966,80007BC2,8,0,0,0,7,B,C,2,1000,0,0,0,111,1011,1100,10
1878,-1610581057,A0007BBF,A,0,0,0,7,B,B,F,1010,0,0,0,111,1011,1011,1111
1880,31679,00007BBF,0,0,0,0,7,B,B,F,0,0,0,0,111,1011,1011,1111
1882,1610644419,60007BC3,6,0,0,0,7,B,C,3,110,0,0,0,111,1011,1100,11
1884,-1610581047,A0007BC9,A,0,0,0,7,B,C,9,1010,0,0,0,111,1011,1100,1001
1886,1073773520,40007BD0,4,0,0,0,7,B,D,0,100,0,0,0,111,1011,1101,0
1888,-1610580865,A0007C7F,A,0,0,0,7,C,7,F,1010,0,0,0,111,1100,111,1111
1890,536902773,20007C75,2,0,0,0,7,C,7,5,10,0,0,0,111,1100,111,101
1892,536902763,20007C6B,2,0,0,0,7,C,6,B,10,0,0,0,111,1100,110,1011
1894,-536839075,E0007C5D,E,0,0,0,7,C,5,D,1110,0,0,0,111,1100,101,1101
1896,31821,00007C4D,0,0,0,0,7,C,4,D,0,0,0,0,111,1100,100,1101
1898,536902715,20007C3B,2,0,0,0,7,C,3,B,10,0,0,0,111,1100,11,1011
1900,-2147451864,80007C28,8,0,0,0,7,C,2,8,1000,0,0,0,111,1100,10,1000
1902,-2147451555,80007D5D,8,0,0,0,7,D,5,D,1000,0,0,0,111,1101,101,1101
1904,-536838833,E0007D4F,E,0,0,0,7,D,4,F,1110,0,0,0,111,1101,100,1111
1906,-1073709759,C0007D41,C,0,0,0,7,D,4,1,1100,0,0,0,111,1101,100,1
1908,-1610580682,A0007D36,A,0,0,0,7,D,3,6,1010,0,0,0,111,1101,11,110
1910,1073773871,40007D2F,4,0,0,0,7,D,2,F,100,0,0,0,111,1101,10,1111
1912,-536838873,E0007D27,E,0,0,0,7,D,2,7,1110,0,0,0,111,1101,10,111
1914,-1610580707,A0007D1D,A,0,0,0,7,D,1,D,1010,0,0,0,111,1101,1,1101
1916,1610644686,60007CCE,6,0,0,0,7,C,C,E,110,0,0,0,111,1100,1100,1110
1918,31967,00007CDF,0,0,0,0,7,C,D,F,0,0,0,0,111,1100,1101,1111
1920,-2147451665,80007CEF,8,0,0,0,7,C,E,F,1000,0,0,0,111,1100,1110,1111
1922,-1073709822,C0007D02,C,0,0,0,7,D,0,2,1100,0,0,0,111,1101,0,10
1924,-1073709802,C0007D16,C,0,0,0,7,D,1,6,1100,0,0,0,111,1101,1,110
1926,-536838872,E0007D28,E,0,0,0,7,D,2,8,1110,0,0,0,111,1101,10,1000
1928,-1073709769,C0007D37,C,0,0,0,7,D,3,7,1100,0,0,0,111,1101,11,111
1930,-1073710108,C0007BE4,C,0,0,0,7,B,E,4,1100,0,0,0,111,1011,1110,100
1932,1610644456,60007BE8,6,0,0,0,7,B,E,8,110,0,0,0,111,1011,1110,1000
1934,-1073710097,C0007BEF,C,0,0,0,7,B,E,F,1100,0,0,0,111,1011,1110,1111
1936,1610644474,60007BFA,6,0,0,0,7,B,F,A,110,0,0,0,111,1011,1111,1010
1938,536902664,20007C08,2,0,0,0,7,C,0,8,10,0,0,0,111,1100,0,1000
1940,1073773591,40007C17,4,0,0,0,7,C,1,7,100,0,0,0,111,1100,1,111
1942,-1073710044,C0007C24,C,0,0,0,7,C,2,4,1100,0,0,0,111,1100,10,100
1944,1073773572,40007C04,4,0,0,0,7,C,0,4,100,0,0,0,111,1100,0,100
1946,-1610580992,A0007C00,A,0,0,0,7,C,0,0,1010,0,0,0,111,1100,0,0
1948,-1610581001,A0007BF7,A,0,0,0,7,B,F,7,1010,0,0,0,111,1011,1111,111
1950,536902641,20007BF1,2,0,0,0,7,B,F,1,10,0,0,0,111,1011,1111,1
1952,-1610581015,A0007BE9,A,0,0,0,7,B,E,9,1010,0,0,0,111,1011,1110,1001
1954,536902621,20007BDD,2,0,0,0,7,B,D,D,10,0,0,0,111,1011,1101,1101
1956,536902612,20007BD4,2,0,0,0,7,B,D,4,10,0,0,0,111,1011,1101,100
1958,536902896,20007CF0,2,0,0,0,7,C,F,0,10,0,0,0,111,1100,1111,0
1960,-536838946,E0007CDE,E,0,0,0,7,C,D,E,1110,0,0,0,111,1100,1101,1110
1962,31947,00007CCB,0,0,0,0,7,C,C,B,0,0,0,0,111,1100,1100,1011
1964,31926,00007CB6,0,0,0,0,7,C,B,6,0,0,0,0,111,1100,1011,110
1966,1073773729,40007CA1,4,0,0,0,7,C,A,1,100,0,0,0,111,1100,1010,1
1968,1610644623,60007C8F,6,0,0,0,7,C,8,F,110,0,0,0,111,1100,1000,1111
1970,-1073709948,C0007C84,C,0,0,0,7,C,8,4,1100,0,0,0,111,1100,1000,100
1972,1610644819,60007D53,6,0,0,0,7,D,5,3,110,0,0,0,111,1101,101,11
1974,1610644824,60007D58,6,0,0,0,7,D,5,8,110,0,0,0,111,1101,101,1000
1976,-1073709730,C0007D5E,C,0,0,0,7,D,5,E,1100,0,0,0,111,1101,101,1110
1978,-1610580636,A0007D64,A,0,0,0,7,D,6,4,1010,0,0,0,111,1101,110,100
1980,32104,00007D68,0,0,0,0,7,D,6,8,0,0,0,0,111,1101,110,1000
1982,-2147451541,80007D6B,8,0,0,0,7,D,6,B,1000,0,0,0,111,1101,110,1011
1984,536903017,20007D69,2,0,0,0,7,D,6,9,10,0,0,0,111,1101,110,1001
1986,536902757,20007C65,2,0,0,0,7,C,6,5,10,0,0,0,111,1100,110,101
1988,536902773,20007C75,2,0,0,0,7,C,7,5,10,0,0,0,111,1100,111,101
1990,-1073709951,C0007C81,C,0,0,0,7,C,8,1,1100,0,0,0,111,1100,1000,1
1992,31887,00007C8F,0,0,0,0,7,C,8,F,0,0,0,0,111,1100,1000,1111
1994,-2147451748,80007C9C,8,0,0,0,7,C,9,C,1000,0,0,0,111,1100,1001,1100
1996,-1073709909,C0007CAB,C,0,0,0,7,C,A,B,1100,0,0,0,111,1100,1010,1011
1998,1610644670,60007CBE,6,0,0,0,7,C,B,E,110,0,0,0,111,1100,1011,1110
