1,1073805643, 4000F94B,4,0,0,0, F,9,4, B ,1
3,1073805612, 4000F92C,4,0,0,0, F,9,2, C ,1
5,-2147419885, 8000F913,8,0,0,0, F,9,1,3,-1
7,1073805565, 4000F8FD,4,0,0,0, F,8, F, D ,1
9,-1073678101, C000F8EB, C,0,0,0, F,8, E, B ,-1
11,-2147419944, 8000F8D8,8,0,0,0, F,8, D,8,-1
13,-2147419478, 8000FAAA,8,0,0,0, F, A, A, A ,-1
15,-2147419470, 8000FAB2,8,0,0,0, F, A, B,2,-1
17,-1073677640, C000FAB8, C,0,0,0, F, A, B,8,-1
19,-2147419464, 8000FAB8,8,0,0,0, F, A, B,8,-1
21,-2147419475, 8000FAAD,8,0,0,0, F, A, A, D ,-1
23,-1073677675, C000FA95, C,0,0,0, F, A,9,,-1
25,1073805947, 4000FA7B,4,0,0,0, F, A,7, B ,1
27,1073805600, 4000F920,4,0,0,0, F,9,2,0,1
29,1073805624, 4000F938,4,0,0,0, F,9,3,8,1
31,1073805652, 4000F954,4,0,0,0, F,9,5,4,1
33,1073805686, 4000F976,4,0,0,0, F,9,7,6,1
35,-2147419754, 8000F996,8,0,0,0, F,9,9,6,-1
37,-2147419725, 8000F9B3,8,0,0,0, F,9, B,3,-1
39,1073805779, 4000F9D3,4,0,0,0, F,9, D,3,1
41,-1073678422, C000F7AA, C,0,0,0, F,7, A, A ,-1
43,-1073678409, C000F7B7, C,0,0,0, F,7, B,7,-1
45,1073805252, 4000F7C4,4,0,0,0, F,7, C,4,1
47,-1073678377, C000F7D7, C,0,0,0, F,7, D,7,-1
49,63459, 0000F7E3,0,0,0,0, F,7, E,3,1
51,63465, 0000F7E9,0,0,0,0, F,7, E,9,1
53,63483, 0000F7FB,0,0,0,0, F,7, F, B ,1
55,-1073678320, C000F810, C,0,0,0, F,8,1,0,
57,63596, 0000F86C,0,0,0,0, F,8,6, C ,
59,-2147420082, 8000F84E,8,0,0,0, F,8,4, E ,
61,-1073678282, C000F836, C,0,0,0, F,8,3,6,
63,-1073678299, C000F825, C,0,0,0, F,8,2,5,
65,-1073678317, C000F813, C,0,0,0, F,8,1,3,
67,1073805315, 4000F803,4,0,0,0, F,8,0,3,
69,-2147420169, 8000F7F7,8,0,0,0, F,7, F,7,
71,1073805864, 4000FA28,4,0,0,0, F, A,2,8,
73,1073805837, 4000FA0D,4,0,0,0, F, A,0, D ,
75,-1073677843, C000F9ED, C,0,0,0, F,9, E, D ,
77,-2147419695, 8000F9D1,8,0,0,0, F,9, D,1,
79,63926, 0000F9B6,0,0,0,0, F,9, B,6,
81,1073805715, 4000F993,4,0,0,0, F,9,9,3,
83,63853, 0000F96D,0,0,0,0, F,9,6, D ,
85,-2147419559, 8000FA59,8,0,0,0, F, A,5,9,
87,-2147419537, 8000FA6F,8,0,0,0, F, A,6, F ,
89,-1073677695, C000FA81, C,0,0,0, F, A,8,1,
91,-2147419505, 8000FA8F,8,0,0,0, F, A,8, F ,
93,1073805980, 4000FA9C,4,0,0,0, F, A,9, C ,
95,-2147419481, 8000FAA7,8,0,0,0, F, A, A,7,
97,-1073677649, C000FAAF, C,0,0,0, F, A, A, F ,
99,64183, 0000FAB7,0,0,0,0, F, A, B,7,
101,-2147420027, 8000F885,8,0,0,0, F,8,8,5,
103,-2147419992, 8000F8A8,8,0,0,0, F,8, A,8,
105,63695, 0000F8CF,0,0,0,0, F,8, C, F ,
107,-2147419920, 8000F8F0,8,0,0,0, F,8, F,0,
109,-1073678065, C000F90F, C,0,0,0, F,9,0, F ,
111,-2147419861, 8000F92B,8,0,0,0, F,9,2, B ,
113,1073805635, 4000F943,4,0,0,0, F,9,4,3,
115,1073805247, 4000F7BF,4,0,0,0, F,7, B, F ,
117,63413, 0000F7B5,0,0,0,0, F,7, B,5,
119,1073805230, 4000F7AE,4,0,0,0, F,7, A, E ,
121,1073805226, 4000F7AA,4,0,0,0, F,7, A, A ,
123,-1073678423, C000F7A9, C,0,0,0, F,7, A,9,
125,-1073678413, C000F7B3, C,0,0,0, F,7, B,3,
127,63427, 0000F7C3,0,0,0,0, F,7, C,3,
129,-1073678086, C000F8FA, C,0,0,0, F,8, F, A ,
131,63717, 0000F8E5,0,0,0,0, F,8, E,5,
133,63695, 0000F8CF,0,0,0,0, F,8, C, F ,
135,1073805497, 4000F8B9,4,0,0,0, F,8, B,9,
137,-2147420002, 8000F89E,8,0,0,0, F,8,9, E ,
139,-1073678209, C000F87F, C,0,0,0, F,8,7, F ,
141,63587, 0000F863,0,0,0,0, F,8,6,3,
143,-2147419482, 8000FAA6,8,0,0,0, F, A, A,6,
145,64143, 0000FA8F,0,0,0,0, F, A,8, F ,
147,-2147419532, 8000FA74,8,0,0,0, F, A,7,4,
149,1073805918, 4000FA5E,4,0,0,0, F, A,5, E ,
151,1073805901, 4000FA4D,4,0,0,0, F, A,4, D ,
153,64060, 0000FA3C,0,0,0,0, F, A,3, C ,
155,-1073677788, C000FA24, C,0,0,0, F, A,2,4,
157,1073805833, 4000FA09,4,0,0,0, F, A,0,9,
159,63924, 0000F9B4,0,0,0,0, F,9, B,4,
161,-2147419690, 8000F9D6,8,0,0,0, F,9, D,6,
163,-1073677832, C000F9F8, C,0,0,0, F,9, F,8,
165,-1073677797, C000FA1B, C,0,0,0, F, A,1, B ,
167,1073805883, 4000FA3B,4,0,0,0, F, A,3, B ,
169,-1073677742, C000FA52, C,0,0,0, F, A,5,2,
171,64103, 0000FA67,0,0,0,0, F, A,6,7,
173,1073805302, 4000F7F6,4,0,0,0, F,7, F,6,
175,63494, 0000F806,0,0,0,0, F,8,0,6,
177,63518, 0000F81E,0,0,0,0, F,8,1, E ,
179,-2147420103, 8000F839,8,0,0,0, F,8,3,9,
181,-2147420079, 8000F851,8,0,0,0, F,8,5,1,
183,-2147420057, 8000F867,8,0,0,0, F,8,6,7,
185,-2147420027, 8000F885,8,0,0,0, F,8,8,5,
187,1073805326, 4000F80E,4,0,0,0, F,8,0, E ,
189,1073805314, 4000F802,4,0,0,0, F,8,0,2,
191,-1073678354, C000F7EE, C,0,0,0, F,7, E, E ,
193,-1073678371, C000F7DD, C,0,0,0, F,7, D, D ,
195,1073805263, 4000F7CF,4,0,0,0, F,7, C, F ,
197,-1073678399, C000F7C1, C,0,0,0, F,7, C,1,
199,63413, 0000F7B5,0,0,0,0, F,7, B,5,
201,-2147419734, 8000F9AA,8,0,0,0, F,9, A, A ,
203,-1073677945, C000F987, C,0,0,0, F,9,8,7,
205,-1073677982, C000F962, C,0,0,0, F,9,6,2,
207,-1073678018, C000F93E, C,0,0,0, F,9,3, E ,
209,1073805600, 4000F920,4,0,0,0, F,9,2,0,
211,-1073678073, C000F907, C,0,0,0, F,9,0,7,
213,-1073678093, C000F8F3, C,0,0,0, F,8, F,3,
215,1073805970, 4000FA92,4,0,0,0, F, A,9,2,
217,-2147419491, 8000FA9D,8,0,0,0, F, A,9, D ,
219,-1073677659, C000FAA5, C,0,0,0, F, A, A,5,
221,64173, 0000FAAD,0,0,0,0, F, A, A, D ,
223,1073806001, 4000FAB1,4,0,0,0, F, A, B,1,
225,-1073677652, C000FAAC, C,0,0,0, F, A, A, C ,
227,-1073677668, C000FA9C, C,0,0,0, F, A,9, C ,
229,63734, 0000F8F6,0,0,0,0, F,8, F,6,
231,-1073678061, C000F913, C,0,0,0, F,9,1,3,
233,63791, 0000F92F,0,0,0,0, F,9,2, F ,
235,-1073678008, C000F948, C,0,0,0, F,9,4,8,
237,-2147419803, 8000F965,8,0,0,0, F,9,6,5,
239,1073805701, 4000F985,4,0,0,0, F,9,8,5,
241,63906, 0000F9A2,0,0,0,0, F,9, A,2,
243,1073805222, 4000F7A6,4,0,0,0, F,7, A,6,
245,1073805226, 4000F7AA,4,0,0,0, F,7, A, A ,
247,-2147420237, 8000F7B3,8,0,0,0, F,7, B,3,
249,-2147420225, 8000F7BF,8,0,0,0, F,7, B, F ,
251,1073805265, 4000F7D1,4,0,0,0, F,7, D,1,
253,1073805282, 4000F7E2,4,0,0,0, F,7, E,2,
255,-1073678355, C000F7ED, C,0,0,0, F,7, E, D ,
257,63482, 0000F7FA,0,0,0,0, F,7, F, A ,
259,-2147420012, 8000F894,8,0,0,0, F,8,9,4,
261,-1073678219, C000F875, C,0,0,0, F,8,7,5,
263,-1073678246, C000F85A, C,0,0,0, F,8,5, A ,
265,-1073678266, C000F846, C,0,0,0, F,8,4,6,
267,63536, 0000F830,0,0,0,0, F,8,3,0,
269,63517, 0000F81D,0,0,0,0, F,8,1, D ,
271,63507, 0000F813,0,0,0,0, F,8,1,3,
273,-2147419578, 8000FA46,8,0,0,0, F, A,4,6,
275,-1073677772, C000FA34, C,0,0,0, F, A,3,4,
277,-1073677797, C000FA1B, C,0,0,0, F, A,1, B ,
279,1073805823, 4000F9FF,4,0,0,0, F,9, F, F ,
281,-2147419680, 8000F9E0,8,0,0,0, F,9, E,0,
283,1073805763, 4000F9C3,4,0,0,0, F,9, C,3,
285,-1073677916, C000F9A4, C,0,0,0, F,9, A,4,
287,-1073677783, C000FA29, C,0,0,0, F, A,2,9,
289,-2147419576, 8000FA48,8,0,0,0, F, A,4,8,
291,-1073677730, C000FA5E, C,0,0,0, F, A,5, E ,
293,64114, 0000FA72,0,0,0,0, F, A,7,2,
295,-1073677694, C000FA82, C,0,0,0, F, A,8,2,
297,-2147419505, 8000FA8F,8,0,0,0, F, A,8, F ,
299,1073805978, 4000FA9A,4,0,0,0, F, A,9, A ,
301,-2147420096, 8000F840,8,0,0,0, F,8,4,0,
303,1073805398, 4000F856,4,0,0,0, F,8,5,6,
305,-2147420045, 8000F873,8,0,0,0, F,8,7,3,
307,1073805459, 4000F893,4,0,0,0, F,8,9,3,
309,63669, 0000F8B5,0,0,0,0, F,8, B,5,
311,1073805530, 4000F8DA,4,0,0,0, F,8, D, A ,
313,63737, 0000F8F9,0,0,0,0, F,8, F,9,
315,-1073678376, C000F7D8, C,0,0,0, F,7, D,8,
317,63437, 0000F7CD,0,0,0,0, F,7, C, D ,
319,1073805249, 4000F7C1,4,0,0,0, F,7, C,1,
321,1073805233, 4000F7B1,4,0,0,0, F,7, B,1,
323,1073805224, 4000F7A8,4,0,0,0, F,7, A,8,
325,-1073678430, C000F7A2, C,0,0,0, F,7, A,2,
327,-2147420260, 8000F79C,8,0,0,0, F,7,9, C ,
329,-1073678027, C000F935, C,0,0,0, F,9,3,5,
331,-1073678054, C000F91A, C,0,0,0, F,9,1, A ,
333,-1073678075, C000F905, C,0,0,0, F,9,0,5,
335,-1073678094, C000F8F2, C,0,0,0, F,8, F,2,
337,-1073678112, C000F8E0, C,0,0,0, F,8, E,0,
339,1073805515, 4000F8CB,4,0,0,0, F,8, C, B ,
341,-1073678162, C000F8AE, C,0,0,0, F,8, A, E ,
343,1073806000, 4000FAB0,4,0,0,0, F, A, B,0,
345,-1073677646, C000FAB2, C,0,0,0, F, A, B,2,
347,-1073677654, C000FAAA, C,0,0,0, F, A, A, A ,
349,1073805976, 4000FA98,4,0,0,0, F, A,9,8,
351,-1073677697, C000FA7F, C,0,0,0, F, A,7, F ,
353,1073805928, 4000FA68,4,0,0,0, F, A,6,8,
355,64085, 0000FA55,0,0,0,0, F, A,5,5,
357,-1073678003, C000F94D, C,0,0,0, F,9,4, D ,
359,-1073677976, C000F968, C,0,0,0, F,9,6,8,
361,63879, 0000F987,0,0,0,0, F,9,8,7,
363,-1073677916, C000F9A4, C,0,0,0, F,9, A,4,
365,1073805763, 4000F9C3,4,0,0,0, F,9, C,3,
367,-1073677849, C000F9E7, C,0,0,0, F,9, E,7,
369,-2147419633, 8000FA0F,8,0,0,0, F, A,0, F ,
371,-2147419599, 8000FA31,8,0,0,0, F, A,3,1,
373,1073805272, 4000F7D8,4,0,0,0, F,7, D,8,
375,63463, 0000F7E7,0,0,0,0, F,7, E,7,
377,1073805297, 4000F7F1,4,0,0,0, F,7, F,1,
379,1073805309, 4000F7FD,4,0,0,0, F,7, F, D ,
381,-1073678318, C000F812, C,0,0,0, F,8,1,2,
383,63532, 0000F82C,0,0,0,0, F,8,2, C ,
385,-1073678268, C000F844, C,0,0,0, F,8,4,4,
387,1073805385, 4000F849,4,0,0,0, F,8,4,9,
389,63537, 0000F831,0,0,0,0, F,8,3,1,
391,1073805345, 4000F821,4,0,0,0, F,8,2,1,
393,1073805332, 4000F814,4,0,0,0, F,8,1,4,
395,1073805316, 4000F804,4,0,0,0, F,8,0,4,
397,63473, 0000F7F1,0,0,0,0, F,7, F,1,
399,1073805277, 4000F7DD,4,0,0,0, F,7, D, D ,
401,63984, 0000F9F0,0,0,0,0, F,9, F,0,
403,-1073677870, C000F9D2, C,0,0,0, F,9, D,2,
405,-2147419723, 8000F9B5,8,0,0,0, F,9, B,5,
407,-2147419755, 8000F995,8,0,0,0, F,9,9,5,
409,-1073677967, C000F971, C,0,0,0, F,9,7,1,
411,63824, 0000F950,0,0,0,0, F,9,5,0,
413,63795, 0000F933,0,0,0,0, F,9,3,3,
415,1073805941, 4000FA75,4,0,0,0, F, A,7,5,
417,1073805956, 4000FA84,4,0,0,0, F, A,8,4,
419,64144, 0000FA90,0,0,0,0, F, A,9,0,
421,1073805979, 4000FA9B,4,0,0,0, F, A,9, B ,
423,64163, 0000FAA3,0,0,0,0, F, A, A,3,
425,-1073677655, C000FAA9, C,0,0,0, F, A, A,9,
427,-1073677650, C000FAAE, C,0,0,0, F, A, A, E ,
429,-1073677650, C000FAAE, C,0,0,0, F, A, A, E ,
431,-2147419969, 8000F8BF,8,0,0,0, F,8, B, F ,
433,63714, 0000F8E2,0,0,0,0, F,8, E,2,
435,-2147419908, 8000F8FC,8,0,0,0, F,8, F, C ,
437,1073805590, 4000F916,4,0,0,0, F,9,1,6,
439,63791, 0000F92F,0,0,0,0, F,9,2, F ,
441,1073805642, 4000F94A,4,0,0,0, F,9,4, A ,
443,1073805673, 4000F969,4,0,0,0, F,9,6,9,
445,63404, 0000F7AC,0,0,0,0, F,7, A, C ,
447,-2147420247, 8000F7A9,8,0,0,0, F,7, A,9,
449,1073805227, 4000F7AB,4,0,0,0, F,7, A, B ,
451,-1073678413, C000F7B3, C,0,0,0, F,7, B,3,
453,-1073678398, C000F7C2, C,0,0,0, F,7, C,2,
455,-2147420207, 8000F7D1,8,0,0,0, F,7, D,1,
457,-2147420192, 8000F7E0,8,0,0,0, F,7, E,0,
459,1073805529, 4000F8D9,4,0,0,0, F,8, D,9,
461,63681, 0000F8C1,0,0,0,0, F,8, C,1,
463,-1073678170, C000F8A6, C,0,0,0, F,8, A,6,
465,-2147420022, 8000F88A,8,0,0,0, F,8,8, A ,
467,-2147420050, 8000F86E,8,0,0,0, F,8,6, E ,
469,1073805394, 4000F852,4,0,0,0, F,8,5,2,
471,1073805367, 4000F837,4,0,0,0, F,8,3,7,
473,1073805937, 4000FA71,4,0,0,0, F, A,7,1,
475,1073805913, 4000FA59,4,0,0,0, F, A,5,9,
477,-2147419578, 8000FA46,8,0,0,0, F, A,4,6,
479,1073805876, 4000FA34,4,0,0,0, F, A,3,4,
481,1073805854, 4000FA1E,4,0,0,0, F, A,1, E ,
483,64004, 0000FA04,0,0,0,0, F, A,0,4,
485,63976, 0000F9E8,0,0,0,0, F,9, E,8,
487,63947, 0000F9CB,0,0,0,0, F,9, C, B ,
489,1073805806, 4000F9EE,4,0,0,0, F,9, E, E ,
491,64019, 0000FA13,0,0,0,0, F, A,1,3,
493,-2147419595, 8000FA35,8,0,0,0, F, A,3,5,
495,-1073677744, C000FA50, C,0,0,0, F, A,5,0,
497,-2147419544, 8000FA68,8,0,0,0, F, A,6,8,
499,-2147419525, 8000FA7B,8,0,0,0, F, A,7, B ,
501,1073805959, 4000FA87,4,0,0,0, F, A,8,7,
503,63519, 0000F81F,0,0,0,0, F,8,1, F ,
505,63541, 0000F835,0,0,0,0, F,8,3,5,
507,1073805387, 4000F84B,4,0,0,0, F,8,4, B ,
509,-2147420059, 8000F865,8,0,0,0, F,8,6,5,
511,-1073678205, C000F883, C,0,0,0, F,8,8,3,
513,63653, 0000F8A5,0,0,0,0, F,8, A,5,
515,1073805514, 4000F8CA,4,0,0,0, F,8, C, A ,
517,63478, 0000F7F6,0,0,0,0, F,7, F,6,
519,-2147420187, 8000F7E5,8,0,0,0, F,7, E,5,
521,1073805272, 4000F7D8,4,0,0,0, F,7, D,8,
523,63436, 0000F7CC,0,0,0,0, F,7, C, C ,
525,63421, 0000F7BD,0,0,0,0, F,7, B, D ,
527,-1073678417, C000F7AF, C,0,0,0, F,7, A, F ,
529,-1073678423, C000F7A9, C,0,0,0, F,7, A,9,
531,63845, 0000F965,0,0,0,0, F,9,6,5,
533,63811, 0000F943,0,0,0,0, F,9,4,3,
535,-1073678044, C000F924, C,0,0,0, F,9,2,4,
537,63756, 0000F90C,0,0,0,0, F,9,0, C ,
539,-1073678089, C000F8F7, C,0,0,0, F,8, F,7,
541,1073805541, 4000F8E5,4,0,0,0, F,8, E,5,
543,-1073678126, C000F8D2, C,0,0,0, F,8, D,2,
545,-1073678149, C000F8BB, C,0,0,0, F,8, B, B ,
547,1073806000, 4000FAB0,4,0,0,0, F, A, B,0,
549,-1073677643, C000FAB5, C,0,0,0, F, A, B,5,
551,-1073677646, C000FAB2, C,0,0,0, F, A, B,2,
553,-1073677661, C000FAA3, C,0,0,0, F, A, A,3,
555,64139, 0000FA8B,0,0,0,0, F, A,8, B ,
557,-1073677712, C000FA70, C,0,0,0, F, A,7,0,
559,1073805916, 4000FA5C,4,0,0,0, F, A,5, C ,
561,-2147419845, 8000F93B,8,0,0,0, F,9,3, B ,
563,1073805657, 4000F959,4,0,0,0, F,9,5,9,
565,-2147419783, 8000F979,8,0,0,0, F,9,7,9,
567,-1073677931, C000F995, C,0,0,0, F,9,9,5,
569,-1073677904, C000F9B0, C,0,0,0, F,9, B,0,
571,-1073677873, C000F9CF, C,0,0,0, F,9, C, F ,
573,1073805810, 4000F9F2,4,0,0,0, F,9, F,2,
575,1073805254, 4000F7C6,4,0,0,0, F,7, C,6,
577,-2147420204, 8000F7D4,8,0,0,0, F,7, D,4,
579,1073805284, 4000F7E4,4,0,0,0, F,7, E,4,
581,-1073678353, C000F7EF, C,0,0,0, F,7, E, F ,
583,63482, 0000F7FA,0,0,0,0, F,7, F, A ,
585,-1073678327, C000F809, C,0,0,0, F,8,0,9,
587,1073805341, 4000F81D,4,0,0,0, F,8,1, D ,
589,-2147420057, 8000F867,8,0,0,0, F,8,6,7,
591,63566, 0000F84E,0,0,0,0, F,8,4, E ,
593,-1073678285, C000F833, C,0,0,0, F,8,3,3,
595,-2147420127, 8000F821,8,0,0,0, F,8,2,1,
597,-2147420135, 8000F819,8,0,0,0, F,8,1,9,
599,63499, 0000F80B,0,0,0,0, F,8,0, B ,
601,63476, 0000F7F4,0,0,0,0, F,7, F,4,
603,1073805851, 4000FA1B,4,0,0,0, F, A,1, B ,
605,1073805824, 4000FA00,4,0,0,0, F, A,0,0,
607,1073805792, 4000F9E0,4,0,0,0, F,9, E,0,
609,-2147419710, 8000F9C2,8,0,0,0, F,9, C,2,
611,-1073677914, C000F9A6, C,0,0,0, F,9, A,6,
613,1073805702, 4000F986,4,0,0,0, F,9,8,6,
615,1073805665, 4000F961,4,0,0,0, F,9,6,1,
617,64086, 0000FA56,0,0,0,0, F, A,5,6,
619,-2147419543, 8000FA69,8,0,0,0, F, A,6,9,
621,-2147419525, 8000FA7B,8,0,0,0, F, A,7, B ,
623,64138, 0000FA8A,0,0,0,0, F, A,8, A ,
625,1073805975, 4000FA97,4,0,0,0, F, A,9,7,
627,1073805986, 4000FAA2,4,0,0,0, F, A, A,2,
629,64171, 0000FAAB,0,0,0,0, F, A, A, B ,
631,1073805419, 4000F86B,4,0,0,0, F,8,6, B ,
633,1073805450, 4000F88A,4,0,0,0, F,8,8, A ,
635,63664, 0000F8B0,0,0,0,0, F,8, B,0,
637,1073805524, 4000F8D4,4,0,0,0, F,8, D,4,
639,-2147419916, 8000F8F4,8,0,0,0, F,8, F,4,
641,-1073678063, C000F911, C,0,0,0, F,9,1,1,
643,-2147419863, 8000F929,8,0,0,0, F,9,2,9,
645,-2147419840, 8000F940,8,0,0,0, F,9,4,0,
647,-1073678409, C000F7B7, C,0,0,0, F,7, B,7,
649,-1073678415, C000F7B1, C,0,0,0, F,7, B,1,
651,1073805227, 4000F7AB,4,0,0,0, F,7, A, B ,
653,1073805227, 4000F7AB,4,0,0,0, F,7, A, B ,
655,1073805236, 4000F7B4,4,0,0,0, F,7, B,4,
657,1073805246, 4000F7BE,4,0,0,0, F,7, B, E ,
659,-1073678390, C000F7CA, C,0,0,0, F,7, C, A ,
661,-1073678091, C000F8F5, C,0,0,0, F,8, F,5,
663,-1073678109, C000F8E3, C,0,0,0, F,8, E,3,
665,1073805519, 4000F8CF,4,0,0,0, F,8, C, F ,
667,63672, 0000F8B8,0,0,0,0, F,8, B,8,
669,-1073678181, C000F89B, C,0,0,0, F,8,9, B ,
671,1073805440, 4000F880,4,0,0,0, F,8,8,0,
673,-2147420058, 8000F866,8,0,0,0, F,8,6,6,
675,-2147419484, 8000FAA4,8,0,0,0, F, A, A,4,
677,-1073677686, C000FA8A, C,0,0,0, F, A,8, A ,
679,-2147419535, 8000FA71,8,0,0,0, F, A,7,1,
681,64093, 0000FA5D,0,0,0,0, F, A,5, D ,
683,64075, 0000FA4B,0,0,0,0, F, A,4, B ,
685,-1073677769, C000FA37, C,0,0,0, F, A,3,7,
687,-2147419616, 8000FA20,8,0,0,0, F, A,2,0,
689,-1073677919, C000F9A1, C,0,0,0, F,9, A,1,
691,-2147419713, 8000F9BF,8,0,0,0, F,9, B, F ,
693,-1073677854, C000F9E2, C,0,0,0, F,9, E,2,
695,-2147419640, 8000FA08,8,0,0,0, F, A,0,8,
697,-2147419605, 8000FA2B,8,0,0,0, F, A,2, B ,
699,1073805896, 4000FA48,4,0,0,0, F, A,4,8,
701,1073805919, 4000FA5F,4,0,0,0, F, A,5, F ,
703,-2147420171, 8000F7F5,8,0,0,0, F,7, F,5,
705,-1073678335, C000F801, C,0,0,0, F,8,0,1,
707,1073805332, 4000F814,4,0,0,0, F,8,1,4,
709,63533, 0000F82D,0,0,0,0, F,8,2, D ,
711,63559, 0000F847,0,0,0,0, F,8,4,7,
713,-2147420068, 8000F85C,8,0,0,0, F,8,5, C ,
715,-1073678221, C000F873, C,0,0,0, F,8,7,3,
717,-1073678304, C000F820, C,0,0,0, F,8,2,0,
719,1073805329, 4000F811,4,0,0,0, F,8,1,1,
721,63488, 0000F800,0,0,0,0, F,8,0,0,
723,-2147420178, 8000F7EE,8,0,0,0, F,7, E, E ,
725,63454, 0000F7DE,0,0,0,0, F,7, D, E ,
727,-1073678384, C000F7D0, C,0,0,0, F,7, D,0,
729,1073805254, 4000F7C6,4,0,0,0, F,7, C,6,
731,-2147419714, 8000F9BE,8,0,0,0, F,9, B, E ,
733,-2147419743, 8000F9A1,8,0,0,0, F,9, A,1,
735,63871, 0000F97F,0,0,0,0, F,9,7, F ,
737,-2147419814, 8000F95A,8,0,0,0, F,9,5, A ,
739,-2147419849, 8000F937,8,0,0,0, F,9,3,7,
741,63773, 0000F91D,0,0,0,0, F,9,1, D ,
743,63754, 0000F90A,0,0,0,0, F,9,0, A ,
745,63732, 0000F8F4,0,0,0,0, F,8, F,4,
747,-1073677677, C000FA93, C,0,0,0, F, A,9,3,
749,64157, 0000FA9D,0,0,0,0, F, A,9, D ,
751,1073805987, 4000FAA3,4,0,0,0, F, A, A,3,
753,-2147419479, 8000FAA9,8,0,0,0, F, A, A,9,
755,-1073677652, C000FAAC, C,0,0,0, F, A, A, C ,
757,1073805988, 4000FAA4,4,0,0,0, F, A, A,4,
759,64144, 0000FA90,0,0,0,0, F, A,9,0,
761,1073805568, 4000F900,4,0,0,0, F,9,0,0,
763,1073805594, 4000F91A,4,0,0,0, F,9,1, A ,
765,-2147419853, 8000F933,8,0,0,0, F,9,3,3,
767,-1073678004, C000F94C, C,0,0,0, F,9,4, C ,
769,63850, 0000F96A,0,0,0,0, F,9,6, A ,
771,63880, 0000F988,0,0,0,0, F,9,8,8,
773,1073805733, 4000F9A5,4,0,0,0, F,9, A,5,
775,-2147420245, 8000F7AB,8,0,0,0, F,7, A, B ,
777,63410, 0000F7B2,0,0,0,0, F,7, B,2,
779,-2147420225, 8000F7BF,8,0,0,0, F,7, B, F ,
781,-2147420208, 8000F7D0,8,0,0,0, F,7, D,0,
783,1073805279, 4000F7DF,4,0,0,0, F,7, D, F ,
785,63466, 0000F7EA,0,0,0,0, F,7, E, A ,
787,-1073678348, C000F7F4, C,0,0,0, F,7, F,4,
789,63662, 0000F8AE,0,0,0,0, F,8, A, E ,
791,-1073678194, C000F88E, C,0,0,0, F,8,8, E ,
793,63602, 0000F872,0,0,0,0, F,8,7,2,
795,63576, 0000F858,0,0,0,0, F,8,5,8,
797,63549, 0000F83D,0,0,0,0, F,8,3, D ,
799,-2147420118, 8000F82A,8,0,0,0, F,8,2, A ,
801,1073805343, 4000F81F,4,0,0,0, F,8,1, F ,
803,-2147420142, 8000F812,8,0,0,0, F,8,1,2,
805,64060, 0000FA3C,0,0,0,0, F, A,3, C ,
807,-1073677784, C000FA28, C,0,0,0, F, A,2,8,
809,-2147419632, 8000FA10,8,0,0,0, F, A,1,0,
811,1073805811, 4000F9F3,4,0,0,0, F,9, F,3,
813,1073805780, 4000F9D4,4,0,0,0, F,9, D,4,
815,-2147419720, 8000F9B8,8,0,0,0, F,9, B,8,
817,1073805724, 4000F99C,4,0,0,0, F,9,9, C ,
819,-1073677775, C000FA31, C,0,0,0, F, A,3,1,
821,-1073677748, C000FA4C, C,0,0,0, F, A,4, C ,
823,1073805922, 4000FA62,4,0,0,0, F, A,6,2,
825,1073805942, 4000FA76,4,0,0,0, F, A,7,6,
827,1073805956, 4000FA84,4,0,0,0, F, A,8,4,
829,1073805967, 4000FA8F,4,0,0,0, F, A,8, F ,
831,-2147419493, 8000FA9B,8,0,0,0, F, A,9, B ,
833,-1073678261, C000F84B, C,0,0,0, F,8,4, B ,
835,1073805408, 4000F860,4,0,0,0, F,8,6,0,
837,-2147420038, 8000F87A,8,0,0,0, F,8,7, A ,
839,1073805467, 4000F89B,4,0,0,0, F,8,9, B ,
841,-2147419967, 8000F8C1,8,0,0,0, F,8, C,1,
843,1073805541, 4000F8E5,4,0,0,0, F,8, E,5,
845,1073805571, 4000F903,4,0,0,0, F,9,0,3,
847,-2147420199, 8000F7D9,8,0,0,0, F,7, D,9,
849,-1073678387, C000F7CD, C,0,0,0, F,7, C, D ,
851,63429, 0000F7C5,0,0,0,0, F,7, C,5,
853,-2147420233, 8000F7B7,8,0,0,0, F,7, B,7,
855,-1073678420, C000F7AC, C,0,0,0, F,7, A, C ,
857,-2147420247, 8000F7A9,8,0,0,0, F,7, A,9,
859,63401, 0000F7A9,0,0,0,0, F,7, A,9,
861,1073805620, 4000F934,4,0,0,0, F,9,3,4,
863,-2147419880, 8000F918,8,0,0,0, F,9,1,8,
865,-1073678078, C000F902, C,0,0,0, F,9,0,2,
867,1073805550, 4000F8EE,4,0,0,0, F,8, E, E ,
869,-1073678120, C000F8D8, C,0,0,0, F,8, D,8,
871,-1073678142, C000F8C2, C,0,0,0, F,8, C,2,
873,-1073678167, C000F8A9, C,0,0,0, F,8, A,9,
875,-2147419472, 8000FAB0,8,0,0,0, F, A, B,0,
877,64176, 0000FAB0,0,0,0,0, F, A, B,0,
879,64163, 0000FAA3,0,0,0,0, F, A, A,3,
881,-1073677684, C000FA8C, C,0,0,0, F, A,8, C ,
883,-2147419533, 8000FA73,8,0,0,0, F, A,7,3,
885,64093, 0000FA5D,0,0,0,0, F, A,5, D ,
887,64076, 0000FA4C,0,0,0,0, F, A,4, C ,
889,64060, 0000FA3C,0,0,0,0, F, A,3, C ,
891,-1073677966, C000F972, C,0,0,0, F,9,7,2,
893,63891, 0000F993,0,0,0,0, F,9,9,3,
895,63920, 0000F9B0,0,0,0,0, F,9, B,0,
897,63948, 0000F9CC,0,0,0,0, F,9, C, C ,
899,63981, 0000F9ED,0,0,0,0, F,9, E, D ,
901,-2147419630, 8000FA12,8,0,0,0, F, A,1,2,
903,-2147419596, 8000FA34,8,0,0,0, F, A,3,4,
905,-2147420194, 8000F7DE,8,0,0,0, F,7, D, E ,
907,-2147420185, 8000F7E7,8,0,0,0, F,7, E,7,
909,1073805296, 4000F7F0,4,0,0,0, F,7, F,0,
911,63487, 0000F7FF,0,0,0,0, F,7, F, F ,
913,-1073678318, C000F812, C,0,0,0, F,8,1,2,
915,1073805356, 4000F82C,4,0,0,0, F,8,2, C ,
917,-2147420092, 8000F844,8,0,0,0, F,8,4,4,
919,1073805363, 4000F833,4,0,0,0, F,8,3,3,
921,1073805350, 4000F826,4,0,0,0, F,8,2,6,
923,-1073678312, C000F818, C,0,0,0, F,8,1,8,
925,-2147420151, 8000F809,8,0,0,0, F,8,0,9,
927,-1073678341, C000F7FB, C,0,0,0, F,7, F, B ,
929,-1073678360, C000F7E8, C,0,0,0, F,7, E,8,
931,1073805267, 4000F7D3,4,0,0,0, F,7, D,3,
933,63975, 0000F9E7,0,0,0,0, F,9, E,7,
935,-1073677877, C000F9CB, C,0,0,0, F,9, C, B ,
937,-1073677904, C000F9B0, C,0,0,0, F,9, B,0,
939,-1073677937, C000F98F, C,0,0,0, F,9,8, F ,
941,63851, 0000F96B,0,0,0,0, F,9,6, B ,
943,-1073678011, C000F945, C,0,0,0, F,9,4,5,
945,-1073678045, C000F923, C,0,0,0, F,9,2,3,
947,1073805947, 4000FA7B,4,0,0,0, F, A,7, B ,
949,-1073677689, C000FA87, C,0,0,0, F, A,8,7,
951,64147, 0000FA93,0,0,0,0, F, A,9,3,
953,64158, 0000FA9E,0,0,0,0, F, A,9, E ,
955,-1073677658, C000FAA6, C,0,0,0, F, A, A,6,
957,-2147419475, 8000FAAD,8,0,0,0, F, A, A, D ,
959,-2147419469, 8000FAB3,8,0,0,0, F, A, B,3,
961,-2147419469, 8000FAB3,8,0,0,0, F, A, B,3,
963,63694, 0000F8CE,0,0,0,0, F,8, C, E ,
965,63728, 0000F8F0,0,0,0,0, F,8, F,0,
967,-2147419892, 8000F90C,8,0,0,0, F,9,0, C ,
969,63782, 0000F926,0,0,0,0, F,9,2,6,
971,-1073678018, C000F93E, C,0,0,0, F,9,3, E ,
973,-1073677991, C000F959, C,0,0,0, F,9,5,9,
975,-2147419785, 8000F977,8,0,0,0, F,9,7,7,
977,-1073678415, C000F7B1, C,0,0,0, F,7, B,1,
979,63412, 0000F7B4,0,0,0,0, F,7, B,4,
981,63413, 0000F7B5,0,0,0,0, F,7, B,5,
983,-1073678406, C000F7BA, C,0,0,0, F,7, B, A ,
985,-1073678393, C000F7C7, C,0,0,0, F,7, C,7,
987,-1073678378, C000F7D6, C,0,0,0, F,7, D,6,
989,63459, 0000F7E3,0,0,0,0, F,7, E,3,
991,-1073678127, C000F8D1, C,0,0,0, F,8, D,1,
993,-2147419972, 8000F8BC,8,0,0,0, F,8, B, C ,
995,1073805471, 4000F89F,4,0,0,0, F,8,9, F ,
997,-1073678204, C000F884, C,0,0,0, F,8,8,4,
999,1073805419, 4000F86B,4,0,0,0, F,8,6, B ,
1001,63568, 0000F850,0,0,0,0, F,8,5,0,
1003,-1073678280, C000F838, C,0,0,0, F,8,3,8,
1005,-2147419538, 8000FA6E,8,0,0,0, F, A,6, E ,
1007,64090, 0000FA5A,0,0,0,0, F, A,5, A ,
1009,64073, 0000FA49,0,0,0,0, F, A,4,9,
1011,64055, 0000FA37,0,0,0,0, F, A,3,7,
1013,64031, 0000FA1F,0,0,0,0, F, A,1, F ,
1015,1073805826, 4000FA02,4,0,0,0, F, A,0,2,
1017,-1073677854, C000F9E2, C,0,0,0, F,9, E,2,
1019,1073805766, 4000F9C6,4,0,0,0, F,9, C,6,
1021,63984, 0000F9F0,0,0,0,0, F,9, F,0,
1023,1073805844, 4000FA14,4,0,0,0, F, A,1,4,
1025,64051, 0000FA33,0,0,0,0, F, A,3,3,
1027,-2147419574, 8000FA4A,8,0,0,0, F, A,4, A ,
1029,64096, 0000FA60,0,0,0,0, F, A,6,0,
1031,1073805938, 4000FA72,4,0,0,0, F, A,7,2,
1033,1073805951, 4000FA7F,4,0,0,0, F, A,7, F ,
1035,-2147420124, 8000F824,8,0,0,0, F,8,2,4,
1037,-2147420101, 8000F83B,8,0,0,0, F,8,3, B ,
1039,63569, 0000F851,0,0,0,0, F,8,5,1,
1041,1073805418, 4000F86A,4,0,0,0, F,8,6, A ,
1043,-1073678200, C000F888, C,0,0,0, F,8,8,8,
1045,1073805485, 4000F8AD,4,0,0,0, F,8, A, D ,
1047,-2147419950, 8000F8D2,8,0,0,0, F,8, D,2,
1049,-2147420170, 8000F7F6,8,0,0,0, F,7, F,6,
1051,63460, 0000F7E4,0,0,0,0, F,7, E,4,
1053,1073805268, 4000F7D4,4,0,0,0, F,7, D,4,
1055,-1073678392, C000F7C8, C,0,0,0, F,7, C,8,
1057,1073805243, 4000F7BB,4,0,0,0, F,7, B, B ,
1059,1073805231, 4000F7AF,4,0,0,0, F,7, A, F ,
1061,1073805228, 4000F7AC,4,0,0,0, F,7, A, C ,
1063,63841, 0000F961,0,0,0,0, F,9,6,1,
1065,1073805631, 4000F93F,4,0,0,0, F,9,3, F ,
1067,63779, 0000F923,0,0,0,0, F,9,2,3,
1069,-2147419891, 8000F90D,8,0,0,0, F,9,0, D ,
1071,63740, 0000F8FC,0,0,0,0, F,8, F, C ,
1073,63721, 0000F8E9,0,0,0,0, F,8, E,9,
1075,-1073678125, C000F8D3, C,0,0,0, F,8, D,3,
1077,-1073677658, C000FAA6, C,0,0,0, F, A, A,6,
1079,-1073677650, C000FAAE, C,0,0,0, F, A, A, E ,
1081,-1073677644, C000FAB4, C,0,0,0, F, A, B,4,
1083,64177, 0000FAB1,0,0,0,0, F, A, B,1,
1085,-2147419488, 8000FAA0,8,0,0,0, F, A, A,0,
1087,64135, 0000FA87,0,0,0,0, F, A,8,7,
1089,1073805933, 4000FA6D,4,0,0,0, F, A,6, D ,
1091,-1073678038, C000F92A, C,0,0,0, F,9,2, A ,
1093,-1073678012, C000F944, C,0,0,0, F,9,4,4,
1095,1073805667, 4000F963,4,0,0,0, F,9,6,3,
1097,63875, 0000F983,0,0,0,0, F,9,8,3,
1099,-2147419742, 8000F9A2,8,0,0,0, F,9, A,2,
1101,-2147419712, 8000F9C0,8,0,0,0, F,9, C,0,
1103,63968, 0000F9E0,0,0,0,0, F,9, E,0,
1105,-2147420229, 8000F7BB,8,0,0,0, F,7, B, B ,
1107,-2147420214, 8000F7CA,8,0,0,0, F,7, C, A ,
1109,63452, 0000F7DC,0,0,0,0, F,7, D, C ,
1111,1073805289, 4000F7E9,4,0,0,0, F,7, E,9,
1113,63475, 0000F7F3,0,0,0,0, F,7, F,3,
1115,1073805313, 4000F801,4,0,0,0, F,8,0,1,
1117,-2147420142, 8000F812,8,0,0,0, F,8,1,2,
1119,1073805434, 4000F87A,4,0,0,0, F,8,7, A ,
1121,1073805410, 4000F862,4,0,0,0, F,8,6,2,
1123,-1073678264, C000F848, C,0,0,0, F,8,4,8,
1125,-2147420108, 8000F834,8,0,0,0, F,8,3,4,
1127,-2147420122, 8000F826,8,0,0,0, F,8,2,6,
1129,63511, 0000F817,0,0,0,0, F,8,1,7,
1131,-2147420155, 8000F805,8,0,0,0, F,8,0,5,
1133,64052, 0000FA34,0,0,0,0, F, A,3,4,
1135,1073805849, 4000FA19,4,0,0,0, F, A,1,9,
1137,-1073677830, C000F9FA, C,0,0,0, F,9, F, A ,
1139,-1073677860, C000F9DC, C,0,0,0, F,9, D, C ,
1141,-2147419712, 8000F9C0,8,0,0,0, F,9, C,0,
1143,1073805733, 4000F9A5,4,0,0,0, F,9, A,5,
1145,-2147419774, 8000F982,8,0,0,0, F,9,8,2,
1147,-1073677757, C000FA43, C,0,0,0, F, A,4,3,
1149,-2147419559, 8000FA59,8,0,0,0, F, A,5,9,
1151,64111, 0000FA6F,0,0,0,0, F, A,6, F ,
1153,-2147419521, 8000FA7F,8,0,0,0, F, A,7, F ,
1155,1073805964, 4000FA8C,4,0,0,0, F, A,8, C ,
1157,-2147419498, 8000FA96,8,0,0,0, F, A,9,6,
1159,1073805982, 4000FA9E,4,0,0,0, F, A,9, E ,
1161,-2147420067, 8000F85D,8,0,0,0, F,8,5, D ,
1163,-1073678214, C000F87A, C,0,0,0, F,8,7, A ,
1165,1073805465, 4000F899,4,0,0,0, F,8,9,9,
1167,1073805500, 4000F8BC,4,0,0,0, F,8, B, C ,
1169,-2147419937, 8000F8DF,8,0,0,0, F,8, D, F ,
1171,63740, 0000F8FC,0,0,0,0, F,8, F, C ,
1173,63767, 0000F917,0,0,0,0, F,9,1,7,
1175,1073805267, 4000F7D3,4,0,0,0, F,7, D,3,
1177,-2147420219, 8000F7C5,8,0,0,0, F,7, C,5,
1179,63418, 0000F7BA,0,0,0,0, F,7, B, A ,
1181,-1073678417, C000F7AF, C,0,0,0, F,7, A, F ,
1183,-2147420246, 8000F7AA,8,0,0,0, F,7, A, A ,
1185,-1073678422, C000F7AA, C,0,0,0, F,7, A, A ,
1187,1073805233, 4000F7B1,4,0,0,0, F,7, B,1,
1189,1073805594, 4000F91A,4,0,0,0, F,9,1, A ,
1191,-2147419900, 8000F904,8,0,0,0, F,9,0,4,
1193,-1073678096, C000F8F0, C,0,0,0, F,8, F,0,
1195,1073805536, 4000F8E0,4,0,0,0, F,8, E,0,
1197,-1073678132, C000F8CC, C,0,0,0, F,8, C, C ,
1199,1073805487, 4000F8AF,4,0,0,0, F,8, A, F ,
1201,-2147420016, 8000F890,8,0,0,0, F,8,9,0,
1203,-1073677644, C000FAB4, C,0,0,0, F, A, B,4,
1205,-1073677652, C000FAAC, C,0,0,0, F, A, A, C ,
1207,-2147419496, 8000FA98,8,0,0,0, F, A,9,8,
1209,-1073677699, C000FA7D, C,0,0,0, F, A,7, D ,
1211,1073805926, 4000FA66,4,0,0,0, F, A,6,6,
1213,64084, 0000FA54,0,0,0,0, F, A,5,4,
1215,-2147419582, 8000FA42,8,0,0,0, F, A,4,2,
1217,63852, 0000F96C,0,0,0,0, F,9,6, C ,
1219,-2147419765, 8000F98B,8,0,0,0, F,9,8, B ,
1221,-2147419735, 8000F9A9,8,0,0,0, F,9, A,9,
1223,1073805766, 4000F9C6,4,0,0,0, F,9, C,6,
1225,-1073677850, C000F9E6, C,0,0,0, F,9, E,6,
1227,64012, 0000FA0C,0,0,0,0, F, A,0, C ,
1229,-2147419601, 8000FA2F,8,0,0,0, F, A,2, F ,
1231,1073805275, 4000F7DB,4,0,0,0, F,7, D, B ,
1233,-1073678360, C000F7E8, C,0,0,0, F,7, E,8,
1235,-1073678349, C000F7F3, C,0,0,0, F,7, F,3,
1237,63488, 0000F800,0,0,0,0, F,8,0,0,
1239,-2147420140, 8000F814,8,0,0,0, F,8,1,4,
1241,1073805358, 4000F82E,4,0,0,0, F,8,2, E ,
1243,63556, 0000F844,0,0,0,0, F,8,4,4,
1245,1073805383, 4000F847,4,0,0,0, F,8,4,7,
1247,63540, 0000F834,0,0,0,0, F,8,3,4,
1249,-1073678303, C000F821, C,0,0,0, F,8,2,1,
1251,63509, 0000F815,0,0,0,0, F,8,1,5,
1253,63491, 0000F803,0,0,0,0, F,8,0,3,
1255,1073805294, 4000F7EE,4,0,0,0, F,7, E, E ,
1257,-1073678371, C000F7DD, C,0,0,0, F,7, D, D ,
1259,-2147419668, 8000F9EC,8,0,0,0, F,9, E, C ,
1261,63952, 0000F9D0,0,0,0,0, F,9, D,0,
1263,-2147419722, 8000F9B6,8,0,0,0, F,9, B,6,
1265,-1073677931, C000F995, C,0,0,0, F,9,9,5,
1267,63854, 0000F96E,0,0,0,0, F,9,6, E ,
1269,1073805642, 4000F94A,4,0,0,0, F,9,4, A ,
1271,-1073678035, C000F92D, C,0,0,0, F,9,2, D ,
1273,1073805587, 4000F913,4,0,0,0, F,9,1,3,
1275,64135, 0000FA87,0,0,0,0, F, A,8,7,
1277,1073805971, 4000FA93,4,0,0,0, F, A,9,3,
1279,64158, 0000FA9E,0,0,0,0, F, A,9, E ,
1281,-1073677659, C000FAA5, C,0,0,0, F, A, A,5,
1283,-2147419476, 8000FAAC,8,0,0,0, F, A, A, C ,
1285,64177, 0000FAB1,0,0,0,0, F, A, B,1,
1287,-2147419474, 8000FAAE,8,0,0,0, F, A, A, E ,
1289,1073805510, 4000F8C6,4,0,0,0, F,8, C,6,
1291,-2147419926, 8000F8EA,8,0,0,0, F,8, E, A ,
1293,63747, 0000F903,0,0,0,0, F,9,0,3,
1295,63772, 0000F91C,0,0,0,0, F,9,1, C ,
1297,-2147419850, 8000F936,8,0,0,0, F,9,3,6,
1299,-1073678000, C000F950, C,0,0,0, F,9,5,0,
1301,63856, 0000F970,0,0,0,0, F,9,7,0,
1303,63407, 0000F7AF,0,0,0,0, F,7, A, F ,
1305,-2147420243, 8000F7AD,8,0,0,0, F,7, A, D ,
1307,1073805232, 4000F7B0,4,0,0,0, F,7, B,0,
1309,1073805241, 4000F7B9,4,0,0,0, F,7, B,9,
1311,63429, 0000F7C5,0,0,0,0, F,7, C,5,
1313,63442, 0000F7D2,0,0,0,0, F,7, D,2,
1315,-1073678365, C000F7E3, C,0,0,0, F,7, E,3,
1317,1073805531, 4000F8DB,4,0,0,0, F,8, D, B ,
1319,-2147419963, 8000F8C5,8,0,0,0, F,8, C,5,
1321,-2147419989, 8000F8AB,8,0,0,0, F,8, A, B ,
1323,63627, 0000F88B,0,0,0,0, F,8,8, B ,
1325,1073805423, 4000F86F,4,0,0,0, F,8,6, F ,
1327,63575, 0000F857,0,0,0,0, F,8,5,7,
1329,63548, 0000F83C,0,0,0,0, F,8,3, C ,
1331,64108, 0000FA6C,0,0,0,0, F, A,6, C ,
1333,64086, 0000FA56,0,0,0,0, F, A,5,6,
1335,64070, 0000FA46,0,0,0,0, F, A,4,6,
1337,1073805877, 4000FA35,4,0,0,0, F, A,3,5,
1339,1073805854, 4000FA1E,4,0,0,0, F, A,1, E ,
1341,-2147419645, 8000FA03,8,0,0,0, F, A,0,3,
1343,63973, 0000F9E5,0,0,0,0, F,9, E,5,
1345,1073805768, 4000F9C8,4,0,0,0, F,9, C,8,
1347,1073805811, 4000F9F3,4,0,0,0, F,9, F,3,
1349,-1073677800, C000FA18, C,0,0,0, F, A,1,8,
1351,64057, 0000FA39,0,0,0,0, F, A,3,9,
1353,-1073677743, C000FA51, C,0,0,0, F, A,5,1,
1355,64102, 0000FA66,0,0,0,0, F, A,6,6,
1357,-2147419528, 8000FA78,8,0,0,0, F, A,7,8,
1359,-1073677690, C000FA86, C,0,0,0, F, A,8,6,
1361,-1073678307, C000F81D, C,0,0,0, F,8,1, D ,
1363,-2147420106, 8000F836,8,0,0,0, F,8,3,6,
1365,-1073678260, C000F84C, C,0,0,0, F,8,4, C ,
1367,-2147420058, 8000F866,8,0,0,0, F,8,6,6,
1369,-1073678203, C000F885, C,0,0,0, F,8,8,5,
1371,1073805481, 4000F8A9,4,0,0,0, F,8, A,9,
1373,-2147419954, 8000F8CE,8,0,0,0, F,8, C, E ,
1375,63480, 0000F7F8,0,0,0,0, F,7, F,8,
1377,1073805287, 4000F7E7,4,0,0,0, F,7, E,7,
1379,63446, 0000F7D6,0,0,0,0, F,7, D,6,
1381,63432, 0000F7C8,0,0,0,0, F,7, C,8,
1383,63423, 0000F7BF,0,0,0,0, F,7, B, F ,
1385,-1073678416, C000F7B0, C,0,0,0, F,7, B,0,
1387,63403, 0000F7AB,0,0,0,0, F,7, A, B ,
1389,-2147419800, 8000F968,8,0,0,0, F,9,6,8,
1391,-2147419834, 8000F946,8,0,0,0, F,9,4,6,
1393,-2147419865, 8000F927,8,0,0,0, F,9,2,7,
1395,-1073678065, C000F90F, C,0,0,0, F,9,0, F ,
1397,-1073678082, C000F8FE, C,0,0,0, F,8, F, E ,
1399,-2147419925, 8000F8EB,8,0,0,0, F,8, E, B ,
1401,-2147419945, 8000F8D7,8,0,0,0, F,8, D,7,
1403,1073805990, 4000FAA6,4,0,0,0, F, A, A,6,
1405,-1073677650, C000FAAE, C,0,0,0, F, A, A, E ,
1407,-1073677644, C000FAB4, C,0,0,0, F, A, B,4,
1409,1073806003, 4000FAB3,4,0,0,0, F, A, B,3,
1411,-2147419481, 8000FAA7,8,0,0,0, F, A, A,7,
1413,-2147419505, 8000FA8F,8,0,0,0, F, A,8, F ,
1415,64117, 0000FA75,0,0,0,0, F, A,7,5,
1417,-2147419864, 8000F928,8,0,0,0, F,9,2,8,
1419,-1073678015, C000F941, C,0,0,0, F,9,4,1,
1421,1073805662, 4000F95E,4,0,0,0, F,9,5, E ,
1423,63870, 0000F97E,0,0,0,0, F,9,7, E ,
1425,-2147419749, 8000F99B,8,0,0,0, F,9,9, B ,
1427,63927, 0000F9B7,0,0,0,0, F,9, B,7,
1429,-2147419689, 8000F9D7,8,0,0,0, F,9, D,7,
1431,-1073678399, C000F7C1, C,0,0,0, F,7, C,1,
1433,1073805263, 4000F7CF,4,0,0,0, F,7, C, F ,
1435,-2147420195, 8000F7DD,8,0,0,0, F,7, D, D ,
1437,-2147420180, 8000F7EC,8,0,0,0, F,7, E, C ,
1439,63480, 0000F7F8,0,0,0,0, F,7, F,8,
1441,1073805316, 4000F804,4,0,0,0, F,8,0,4,
1443,1073805332, 4000F814,4,0,0,0, F,8,1,4,
1445,1073805443, 4000F883,4,0,0,0, F,8,8,3,
1447,-2147420057, 8000F867,8,0,0,0, F,8,6,7,
1449,63570, 0000F852,0,0,0,0, F,8,5,2,
1451,1073805372, 4000F83C,4,0,0,0, F,8,3, C ,
1453,63530, 0000F82A,0,0,0,0, F,8,2, A ,
1455,63518, 0000F81E,0,0,0,0, F,8,1, E ,
1457,-2147420146, 8000F80E,8,0,0,0, F,8,0, E ,
1459,1073805877, 4000FA35,4,0,0,0, F, A,3,5,
1461,-2147419619, 8000FA1D,8,0,0,0, F, A,1, D ,
1463,1073805825, 4000FA01,4,0,0,0, F, A,0,1,
1465,-1073677854, C000F9E2, C,0,0,0, F,9, E,2,
1467,63944, 0000F9C8,0,0,0,0, F,9, C,8,
1469,1073805740, 4000F9AC,4,0,0,0, F,9, A, C ,
1471,1073805704, 4000F988,4,0,0,0, F,9,8,8,
1473,1073805885, 4000FA3D,4,0,0,0, F, A,3, D ,
1475,1073805909, 4000FA55,4,0,0,0, F, A,5,5,
1477,-1073677716, C000FA6C, C,0,0,0, F, A,6, C ,
1479,1073805950, 4000FA7E,4,0,0,0, F, A,7, E ,
1481,64137, 0000FA89,0,0,0,0, F, A,8,9,
1483,-2147419501, 8000FA93,8,0,0,0, F, A,9,3,
1485,1073805980, 4000FA9C,4,0,0,0, F, A,9, C ,
1487,-2147420074, 8000F856,8,0,0,0, F,8,5,6,
1489,-1073678226, C000F86E, C,0,0,0, F,8,6, E ,
1491,-1073678196, C000F88C, C,0,0,0, F,8,8, C ,
1493,63664, 0000F8B0,0,0,0,0, F,8, B,0,
1495,-1073678124, C000F8D4, C,0,0,0, F,8, D,4,
1497,1073805555, 4000F8F3,4,0,0,0, F,8, F,3,
1499,1073805582, 4000F90E,4,0,0,0, F,9,0, E ,
1501,1073805273, 4000F7D9,4,0,0,0, F,7, D,9,
1503,-2147420213, 8000F7CB,8,0,0,0, F,7, C, B ,
1505,-1073678401, C000F7BF, C,0,0,0, F,7, B, F ,
1507,-2147420233, 8000F7B7,8,0,0,0, F,7, B,7,
1509,63412, 0000F7B4,0,0,0,0, F,7, B,4,
1511,-1073678412, C000F7B4, C,0,0,0, F,7, B,4,
1513,1073805241, 4000F7B9,4,0,0,0, F,7, B,9,
1515,1073805597, 4000F91D,4,0,0,0, F,9,1, D ,
1517,63753, 0000F909,0,0,0,0, F,9,0,9,
1519,-1073678090, C000F8F6, C,0,0,0, F,8, F,6,
1521,-2147419932, 8000F8E4,8,0,0,0, F,8, E,4,
1523,-2147419953, 8000F8CF,8,0,0,0, F,8, C, F ,
1525,-2147419979, 8000F8B5,8,0,0,0, F,8, B,5,
1527,1073805463, 4000F897,4,0,0,0, F,8,9,7,
1529,-1073677644, C000FAB4, C,0,0,0, F, A, B,4,
1531,64175, 0000FAAF,0,0,0,0, F, A, A, F ,
1533,-2147419492, 8000FA9C,8,0,0,0, F, A,9, C ,
1535,-2147419517, 8000FA83,8,0,0,0, F, A,8,3,
1537,-1073677717, C000FA6B, C,0,0,0, F, A,6, B ,
1539,-2147419560, 8000FA58,8,0,0,0, F, A,5,8,
1541,-1073677753, C000FA47, C,0,0,0, F, A,4,7,
1543,-1073677979, C000F965, C,0,0,0, F,9,6,5,
1545,-1073677948, C000F984, C,0,0,0, F,9,8,4,
1547,1073805728, 4000F9A0,4,0,0,0, F,9, A,0,
1549,1073805757, 4000F9BD,4,0,0,0, F,9, B, D ,
1551,63969, 0000F9E1,0,0,0,0, F,9, E,1,
1553,-2147419641, 8000FA07,8,0,0,0, F, A,0,7,
1555,-1073677782, C000FA2A, C,0,0,0, F, A,2, A ,
1557,-1073678372, C000F7DC, C,0,0,0, F,7, D, C ,
1559,1073805294, 4000F7EE,4,0,0,0, F,7, E, E ,
1561,-2147420169, 8000F7F7,8,0,0,0, F,7, F,7,
1563,-2147420157, 8000F803,8,0,0,0, F,8,0,3,
1565,-1073678313, C000F817, C,0,0,0, F,8,1,7,
1567,63535, 0000F82F,0,0,0,0, F,8,2, F ,
1569,1073805381, 4000F845,4,0,0,0, F,8,4,5,
1571,1073805383, 4000F847,4,0,0,0, F,8,4,7,
1573,-2147420111, 8000F831,8,0,0,0, F,8,3,1,
1575,63525, 0000F825,0,0,0,0, F,8,2,5,
1577,63513, 0000F819,0,0,0,0, F,8,1,9,
1579,1073805317, 4000F805,4,0,0,0, F,8,0,5,
1581,-1073678350, C000F7F2, C,0,0,0, F,7, F,2,
1583,63459, 0000F7E3,0,0,0,0, F,7, E,3,
1585,-2147419665, 8000F9EF,8,0,0,0, F,9, E, F ,
1587,63953, 0000F9D1,0,0,0,0, F,9, D,1,
1589,-2147419723, 8000F9B5,8,0,0,0, F,9, B,5,
1591,-1073677928, C000F998, C,0,0,0, F,9,9,8,
1593,-2147419786, 8000F976,8,0,0,0, F,9,7,6,
1595,-2147419822, 8000F952,8,0,0,0, F,9,5,2,
1597,1073805617, 4000F931,4,0,0,0, F,9,3,1,
1599,1073805940, 4000FA74,4,0,0,0, F, A,7,4,
1601,-2147419517, 8000FA83,8,0,0,0, F, A,8,3,
1603,-1073677681, C000FA8F, C,0,0,0, F, A,8, F ,
1605,1073805979, 4000FA9B,4,0,0,0, F, A,9, B ,
1607,64165, 0000FAA5,0,0,0,0, F, A, A,5,
1609,1073805998, 4000FAAE,4,0,0,0, F, A, A, E ,
1611,-1073677644, C000FAB4, C,0,0,0, F, A, B,4,
1613,63648, 0000F8A0,0,0,0,0, F,8, A,0,
1615,1073805511, 4000F8C7,4,0,0,0, F,8, C,7,
1617,-1073678103, C000F8E9, C,0,0,0, F,8, E,9,
1619,-2147419899, 8000F905,8,0,0,0, F,9,0,5,
1621,-2147419873, 8000F91F,8,0,0,0, F,9,1, F ,
1623,-1073678024, C000F938, C,0,0,0, F,9,3,8,
1625,-1073677998, C000F952, C,0,0,0, F,9,5,2,
1627,63415, 0000F7B7,0,0,0,0, F,7, B,7,
1629,-1073678418, C000F7AE, C,0,0,0, F,7, A, E ,
1631,-1073678423, C000F7A9, C,0,0,0, F,7, A,9,
1633,-1073678423, C000F7A9, C,0,0,0, F,7, A,9,
1635,-1073678415, C000F7B1, C,0,0,0, F,7, B,1,
1637,1073805245, 4000F7BD,4,0,0,0, F,7, B, D ,
1639,-1073678387, C000F7CD, C,0,0,0, F,7, C, D ,
1641,-1073678096, C000F8F0, C,0,0,0, F,8, F,0,
1643,63711, 0000F8DF,0,0,0,0, F,8, D, F ,
1645,-2147419958, 8000F8CA,8,0,0,0, F,8, C, A ,
1647,63662, 0000F8AE,0,0,0,0, F,8, A, E ,
1649,-1073678193, C000F88F, C,0,0,0, F,8,8, F ,
1651,-2147420043, 8000F875,8,0,0,0, F,8,7,5,
1653,1073805402, 4000F85A,4,0,0,0, F,8,5, A ,
1655,-1073677679, C000FA91, C,0,0,0, F, A,9,1,
1657,-2147419530, 8000FA76,8,0,0,0, F, A,7,6,
1659,-2147419554, 8000FA5E,8,0,0,0, F, A,5, E ,
1661,64076, 0000FA4C,0,0,0,0, F, A,4, C ,
1663,64059, 0000FA3B,0,0,0,0, F, A,3, B ,
1665,64038, 0000FA26,0,0,0,0, F, A,2,6,
1667,64013, 0000FA0D,0,0,0,0, F, A,0, D ,
1669,1073805739, 4000F9AB,4,0,0,0, F,9, A, B ,
1671,-2147419703, 8000F9C9,8,0,0,0, F,9, C,9,
1673,-1073677846, C000F9EA, C,0,0,0, F,9, E, A ,
1675,-2147419631, 8000FA11,8,0,0,0, F, A,1,1,
1677,1073805879, 4000FA37,4,0,0,0, F, A,3,7,
1679,1073805906, 4000FA52,4,0,0,0, F, A,5,2,
1681,-1073677723, C000FA65, C,0,0,0, F, A,6,5,
1683,-1073678346, C000F7F6, C,0,0,0, F,7, F,6,
1685,-1073678329, C000F807, C,0,0,0, F,8,0,7,
1687,1073805342, 4000F81E,4,0,0,0, F,8,1, E ,
1689,63543, 0000F837,0,0,0,0, F,8,3,7,
1691,63566, 0000F84E,0,0,0,0, F,8,4, E ,
1693,63587, 0000F863,0,0,0,0, F,8,6,3,
1695,-1073678213, C000F87B, C,0,0,0, F,8,7, B ,
1697,-1073678310, C000F81A, C,0,0,0, F,8,1, A ,
1699,-1073678322, C000F80E, C,0,0,0, F,8,0, E ,
1701,-2147420164, 8000F7FC,8,0,0,0, F,7, F, C ,
1703,-2147420184, 8000F7E8,8,0,0,0, F,7, E,8,
1705,1073805274, 4000F7DA,4,0,0,0, F,7, D, A ,
1707,-1073678386, C000F7CE, C,0,0,0, F,7, C, E ,
1709,-1073678396, C000F7C4, C,0,0,0, F,7, C,4,
1711,63921, 0000F9B1,0,0,0,0, F,9, B,1,
1713,-2147419759, 8000F991,8,0,0,0, F,9,9,1,
1715,-2147419795, 8000F96D,8,0,0,0, F,9,6, D ,
1717,63818, 0000F94A,0,0,0,0, F,9,4, A ,
1719,1073805610, 4000F92A,4,0,0,0, F,9,2, A ,
1721,1073805584, 4000F910,4,0,0,0, F,9,1,0,
1723,63739, 0000F8FB,0,0,0,0, F,8, F, B ,
1725,64142, 0000FA8E,0,0,0,0, F, A,8, E ,
1727,-2147419497, 8000FA97,8,0,0,0, F, A,9,7,
1729,1073805984, 4000FAA0,4,0,0,0, F, A, A,0,
1731,-2147419483, 8000FAA5,8,0,0,0, F, A, A,5,
1733,64169, 0000FAA9,0,0,0,0, F, A, A,9,
1735,1073805992, 4000FAA8,4,0,0,0, F, A, A,8,
1737,-2147419491, 8000FA9D,8,0,0,0, F, A,9, D ,
1739,-2147419914, 8000F8F6,8,0,0,0, F,8, F,6,
1741,63764, 0000F914,0,0,0,0, F,9,1,4,
1743,63787, 0000F92B,0,0,0,0, F,9,2, B ,
1745,-2147419840, 8000F940,8,0,0,0, F,9,4,0,
1747,63836, 0000F95C,0,0,0,0, F,9,5, C ,
1749,-2147419780, 8000F97C,8,0,0,0, F,9,7, C ,
1751,1073805721, 4000F999,4,0,0,0, F,9,9,9,
1753,-1073677900, C000F9B4, C,0,0,0, F,9, B,4,
1755,1073805236, 4000F7B4,4,0,0,0, F,7, B,4,
1757,-2147420229, 8000F7BB,8,0,0,0, F,7, B, B ,
1759,63434, 0000F7CA,0,0,0,0, F,7, C, A ,
1761,1073805270, 4000F7D6,4,0,0,0, F,7, D,6,
1763,-1073678367, C000F7E1, C,0,0,0, F,7, E,1,
1765,-2147420178, 8000F7EE,8,0,0,0, F,7, E, E ,
1767,-2147420166, 8000F7FA,8,0,0,0, F,7, F, A ,
1769,-2147419998, 8000F8A2,8,0,0,0, F,8, A,2,
1771,-1073678205, C000F883, C,0,0,0, F,8,8,3,
1773,-1073678232, C000F868, C,0,0,0, F,8,6,8,
1775,63570, 0000F852,0,0,0,0, F,8,5,2,
1777,1073805371, 4000F83B,4,0,0,0, F,8,3, B ,
1779,1073805354, 4000F82A,4,0,0,0, F,8,2, A ,
1781,1073805343, 4000F81F,4,0,0,0, F,8,1, F ,
1783,-1073677754, C000FA46, C,0,0,0, F, A,4,6,
1785,1073805877, 4000FA35,4,0,0,0, F, A,3,5,
1787,1073805854, 4000FA1E,4,0,0,0, F, A,1, E ,
1789,-1073677823, C000FA01, C,0,0,0, F, A,0,1,
1791,-2147419678, 8000F9E2,8,0,0,0, F,9, E,2,
1793,-2147419705, 8000F9C7,8,0,0,0, F,9, C,7,
1795,-1073677839, C000F9F1, C,0,0,0, F,9, F,1,
1797,-1073677806, C000FA12, C,0,0,0, F, A,1,2,
1799,64050, 0000FA32,0,0,0,0, F, A,3,2,
1801,-1073677749, C000FA4B, C,0,0,0, F, A,4, B ,
1803,-1073677726, C000FA62, C,0,0,0, F, A,6,2,
1805,64116, 0000FA74,0,0,0,0, F, A,7,4,
1807,64127, 0000FA7F,0,0,0,0, F, A,7, F ,
1809,64139, 0000FA8B,0,0,0,0, F, A,8, B ,
1811,-2147420104, 8000F838,8,0,0,0, F,8,3,8,
1813,63565, 0000F84D,0,0,0,0, F,8,4, D ,
1815,-1073678233, C000F867, C,0,0,0, F,8,6,7,
1817,-2147420025, 8000F887,8,0,0,0, F,8,8,7,
1819,-1073678163, C000F8AD, C,0,0,0, F,8, A, D ,
1821,1073805524, 4000F8D4,4,0,0,0, F,8, D,4,
1823,63732, 0000F8F4,0,0,0,0, F,8, F,4,
1825,1073805299, 4000F7F3,4,0,0,0, F,7, F,3,
1827,-1073678367, C000F7E1, C,0,0,0, F,7, E,1,
1829,63441, 0000F7D1,0,0,0,0, F,7, D,1,
1831,63431, 0000F7C7,0,0,0,0, F,7, C,7,
1833,63421, 0000F7BD,0,0,0,0, F,7, B, D ,
1835,63412, 0000F7B4,0,0,0,0, F,7, B,4,
1837,-1073678414, C000F7B2, C,0,0,0, F,7, B,2,
1839,1073805633, 4000F941,4,0,0,0, F,9,4,1,
1841,63780, 0000F924,0,0,0,0, F,9,2,4,
1843,-2147419893, 8000F90B,8,0,0,0, F,9,0, B ,
1845,1073805562, 4000F8FA,4,0,0,0, F,8, F, A ,
1847,-1073678105, C000F8E7, C,0,0,0, F,8, E,7,
1849,-2147419951, 8000F8D1,8,0,0,0, F,8, D,1,
1851,-2147419973, 8000F8BB,8,0,0,0, F,8, B, B ,
1853,-1073677651, C000FAAD, C,0,0,0, F, A, A, D ,
1855,-2147419471, 8000FAB1,8,0,0,0, F, A, B,1,
1857,-1073677651, C000FAAD, C,0,0,0, F, A, A, D ,
1859,1073805983, 4000FA9F,4,0,0,0, F, A,9, F ,
1861,64136, 0000FA88,0,0,0,0, F, A,8,8,
1863,1073805936, 4000FA70,4,0,0,0, F, A,7,0,
1865,-1073677733, C000FA5B, C,0,0,0, F, A,5, B ,
1867,-1073678011, C000F945, C,0,0,0, F,9,4,5,
1869,-1073677984, C000F960, C,0,0,0, F,9,6,0,
1871,-2147419775, 8000F981,8,0,0,0, F,9,8,1,
1873,63904, 0000F9A0,0,0,0,0, F,9, A,0,
1875,-2147419717, 8000F9BB,8,0,0,0, F,9, B, B ,
1877,1073805786, 4000F9DA,4,0,0,0, F,9, D, A ,
1879,1073805823, 4000F9FF,4,0,0,0, F,9, F, F ,
1881,-1073678394, C000F7C6, C,0,0,0, F,7, C,6,
1883,-1073678378, C000F7D6, C,0,0,0, F,7, D,6,
1885,63463, 0000F7E7,0,0,0,0, F,7, E,7,
1887,63475, 0000F7F3,0,0,0,0, F,7, F,3,
1889,1073805309, 4000F7FD,4,0,0,0, F,7, F, D ,
1891,-1073678324, C000F80C, C,0,0,0, F,8,0, C ,
1893,-2147420127, 8000F821,8,0,0,0, F,8,2,1,
1895,-2147420062, 8000F862,8,0,0,0, F,8,6,2,
1897,-1073678261, C000F84B, C,0,0,0, F,8,4, B ,
1899,-1073678281, C000F837, C,0,0,0, F,8,3,7,
1901,63525, 0000F825,0,0,0,0, F,8,2,5,
1903,-1073678315, C000F815, C,0,0,0, F,8,1,5,
1905,-2147420155, 8000F805,8,0,0,0, F,8,0,5,
1907,-2147420173, 8000F7F3,8,0,0,0, F,7, F,3,
1909,-2147419625, 8000FA17,8,0,0,0, F, A,1,7,
1911,63994, 0000F9FA,0,0,0,0, F,9, F, A ,
1913,63964, 0000F9DC,0,0,0,0, F,9, D, C ,
1915,-1073677887, C000F9C1, C,0,0,0, F,9, C,1,
1917,-1073677913, C000F9A7, C,0,0,0, F,9, A,7,
1919,1073805701, 4000F985,4,0,0,0, F,9,8,5,
1921,-1073677986, C000F95E, C,0,0,0, F,9,5, E ,
1923,64090, 0000FA5A,0,0,0,0, F, A,5, A ,
1925,-2147419537, 8000FA6F,8,0,0,0, F, A,6, F ,
1927,64129, 0000FA81,0,0,0,0, F, A,8,1,
1929,64141, 0000FA8D,0,0,0,0, F, A,8, D ,
1931,1073805975, 4000FA97,4,0,0,0, F, A,9,7,
1933,64159, 0000FA9F,0,0,0,0, F, A,9, F ,
1935,-2147419482, 8000FAA6,8,0,0,0, F, A, A,6,
1937,-2147420044, 8000F874,8,0,0,0, F,8,7,4,
1939,-1073678190, C000F892, C,0,0,0, F,8,9,2,
1941,-2147419975, 8000F8B9,8,0,0,0, F,8, B,9,
1943,63712, 0000F8E0,0,0,0,0, F,8, E,0,
1945,1073805565, 4000F8FD,4,0,0,0, F,8, F, D ,
1947,1073805591, 4000F917,4,0,0,0, F,9,1,7,
1949,-2147419855, 8000F931,8,0,0,0, F,9,3,1,
1951,1073805262, 4000F7CE,4,0,0,0, F,7, C, E ,
1953,-1073678396, C000F7C4, C,0,0,0, F,7, C,4,
1955,-1073678406, C000F7BA, C,0,0,0, F,7, B, A ,
1957,-1073678413, C000F7B3, C,0,0,0, F,7, B,3,
1959,63411, 0000F7B3,0,0,0,0, F,7, B,3,
1961,1073805240, 4000F7B8,4,0,0,0, F,7, B,8,
1963,1073805251, 4000F7C3,4,0,0,0, F,7, C,3,
1965,-2147419896, 8000F908,8,0,0,0, F,9,0,8,
1967,63735, 0000F8F7,0,0,0,0, F,8, F,7,
1969,63715, 0000F8E3,0,0,0,0, F,8, E,3,
1971,1073805517, 4000F8CD,4,0,0,0, F,8, C, D ,
1973,-1073678156, C000F8B4, C,0,0,0, F,8, B,4,
1975,-1073678185, C000F897, C,0,0,0, F,8,9,7,
1977,-2147420035, 8000F87D,8,0,0,0, F,8,7, D ,
1979,1073805991, 4000FAA7,4,0,0,0, F, A, A,7,
1981,1073805975, 4000FA97,4,0,0,0, F, A,9,7,
1983,-2147419522, 8000FA7E,8,0,0,0, F, A,7, E ,
1985,-2147419546, 8000FA66,8,0,0,0, F, A,6,6,
1987,1073805907, 4000FA53,4,0,0,0, F, A,5,3,
1989,-1073677758, C000FA42, C,0,0,0, F, A,4,2,
1991,-2147419600, 8000FA30,8,0,0,0, F, A,3,0,
1993,63877, 0000F985,0,0,0,0, F,9,8,5,
1995,-1073677922, C000F99E, C,0,0,0, F,9,9, E ,
1997,-1073677893, C000F9BB, C,0,0,0, F,9, B, B ,
1999,1073805791, 4000F9DF,4,0,0,0, F,9, D, F ,
