0,1,-105709568,F9B30000
1,3,-110788608,F9658000
2,5,-115212288,F9220000
3,7,-118276096,F8F34000
4,9,-120520704,F8D10000
5,11,-123256832,F8A74000
6,13,-126795776,F8714000
7,15,-127647744,F8644000
8,17,-130400256,F83A4000
9,19,-132202496,F81EC000
10,21,-134086656,F8020000
11,23,-136806400,F7D88000
12,25,-139329536,F7B20000
13,27,-140591104,F79EC000
14,29,-140722176,F79CC000
15,31,-140197888,F7A4C000
16,33,-138969088,F7B78000
17,35,-137412608,F7CF4000
18,37,-135282688,F7EFC000
19,39,-131989504,F8220000
20,41,-128090112,F85D8000
21,43,-124010496,F89BC000
22,45,-119980032,F8D94000
23,47,-116326400,F9110000
24,49,-112820224,F9468000
25,51,-108838912,F9834000
26,53,-104562688,F9C48000
27,55,-100302848,FA058000
28,57,-96436224,FA408000
29,59,-93388800,FA6F0000
30,61,-91127808,FA918000
31,63,-89653248,FAA80000
32,65,-88817664,FAB4C000
33,67,-89522176,FAAA0000
34,69,-92225536,FA80C000
35,71,-93224960,FA718000
36,73,-96239616,FA438000
37,75,-99418112,FA130000
38,77,-103612416,F9D30000
39,79,-108445696,F9894000
40,81,-113197056,F940C000
41,83,-117129216,F904C000
42,85,-119750656,F8DCC000
43,87,-121962496,F8BB0000
44,89,-124977152,F88D0000
45,91,-128483328,F8578000
46,93,-131121152,F82F4000
47,95,-132726784,F816C000
48,97,-134873088,F7F60000
49,99,-137871360,F7C84000
50,101,-140083200,F7A68000
51,103,-140935168,F7998000
52,105,-140754944,F79C4000
53,107,-140132352,F7A5C000
54,109,-139083776,F7B5C000
55,111,-137379840,F7CFC000
56,113,-134807552,F7F70000
57,115,-131235840,F82D8000
58,117,-127287296,F869C000
59,119,-123355136,F8A5C000
60,121,-119619584,F8DEC000
61,123,-116113408,F9144000
62,125,-112377856,F94D4000
63,127,-110755840,F9660000
64,129,-106643456,F9A4C000
65,131,-102285312,F9E74000
66,133,-98009088,FA288000
67,135,-94699520,FA5B0000
68,137,-92291072,FA7FC000
69,139,-90439680,FA9C0000
70,141,-89178112,FAAF4000
71,143,-88670208,FAB70000
72,145,-89980928,FAA30000
73,147,-93175808,FA724000
74,149,-96501760,FA3F8000
75,151,-99975168,FA0A8000
76,153,-104349696,F9C7C000
77,155,-109035520,F9804000
78,157,-113393664,F93DC000
79,159,-117014528,F9068000
80,161,-119701504,F8DD8000
81,163,-122109952,F8B8C000
82,165,-125370368,F8870000
83,167,-128729088,F853C000
84,169,-131022848,F830C000
85,171,-132628480,F8184000
86,173,-134807552,F7F70000
87,175,-137822208,F7C90000
88,177,-140181504,F7A50000
89,179,-140918784,F799C000
90,181,-140607488,F79E8000
91,183,-140328960,F7A2C000
92,185,-139329536,F7B20000
93,187,-137871360,F7C84000
94,189,-136003584,F7E4C000
95,191,-133038080,F8120000
96,193,-129236992,F84C0000
97,195,-125009920,F88C8000
98,197,-120864768,F8CBC000
99,199,-117424128,F9004000
100,201,-114180096,F931C000
101,203,-110411776,F96B4000
102,205,-105971712,F9AF0000
103,207,-101433344,F9F44000
104,209,-97533952,FA2FC000
105,211,-94748672,FA5A4000
106,213,-92438528,FA7D8000
107,215,-90193920,FA9FC000
108,217,-88555520,FAB8C000
109,219,-88670208,FAB70000
110,221,-91373568,FA8DC000
111,223,-94912512,FA57C000
112,225,-97648640,FA2E0000
113,227,-100761600,F9FE8000
114,229,-105218048,F9BA8000
115,231,-110247936,F96DC000
116,233,-115015680,F9250000
117,235,-116113408,F9144000
118,237,-119046144,F8E78000
119,239,-121126912,F8C7C000
120,241,-123682816,F8A0C000
121,243,-127090688,F86CC000
122,245,-130121728,F83E8000
123,247,-132038656,F8214000
124,249,-133742592,F8074000
125,251,-136232960,F7E14000
126,253,-138772480,F7BA8000
127,255,-140279808,F7A38000
128,257,-140771328,F79C0000
129,259,-140492800,F7A04000
130,261,-139345920,F7B1C000
131,263,-137723904,F7CA8000
132,265,-135708672,F7E94000
133,267,-132644864,F8180000
134,269,-128843776,F8520000
135,271,-124829696,F88F4000
136,273,-120897536,F8CB4000
137,275,-117243904,F9030000
138,277,-113655808,F939C000
139,279,-109674496,F9768000
140,281,-105316352,F9B90000
141,283,-101007360,F9FAC000
142,285,-97222656,FA348000
143,287,-96223232,FA43C000
144,289,-93388800,FA6F0000
145,291,-91209728,FA904000
146,293,-89718784,FAA70000
147,295,-88965120,FAB28000
148,297,-89882624,FAA48000
149,299,-92733440,FA790000
150,301,-95944704,FA480000
151,303,-99090432,FA180000
152,305,-103186432,F9D98000
153,307,-107872256,F9920000
154,309,-112574464,F94A4000
155,311,-116686848,F90B8000
156,313,-119472128,F8E10000
157,315,-121667584,F8BF8000
158,317,-124665856,F891C000
159,319,-128155648,F85C8000
160,321,-130629632,F836C000
161,323,-132136960,F81FC000
162,325,-134021120,F8030000
163,327,-136904704,F7D70000
164,329,-139640832,F7AD4000
165,331,-141049856,F797C000
166,333,-140984320,F798C000
167,335,-139984896,F7A80000
168,337,-138625024,F7BCC000
169,339,-138543104,F7BE0000
170,341,-137003008,F7D58000
171,343,-134578176,F7FA8000
172,345,-131072000,F8300000
173,347,-127057920,F86D4000
174,349,-122798080,F8AE4000
175,351,-119062528,F8E74000
176,353,-115654656,F91B4000
177,355,-111804416,F9560000
178,357,-107479040,F9980000
179,359,-103071744,F9DB4000
180,361,-98942976,FA1A4000
181,363,-95485952,FA4F0000
182,365,-92766208,FA788000
183,367,-90783744,FA96C000
184,369,-89554944,FAA98000
185,371,-89047040,FAB14000
186,373,-90357760,FA9D4000
187,375,-93323264,FA700000
188,377,-96354304,FA41C000
189,379,-99647488,FA0F8000
190,381,-103907328,F9CE8000
191,383,-108625920,F9868000
192,385,-113197056,F940C000
193,387,-117047296,F9060000
194,389,-119734272,F8DD0000
195,391,-120094720,F8D78000
196,393,-122519552,F8B28000
197,395,-125829120,F8800000
198,397,-129122304,F84DC000
199,399,-131137536,F82F0000
200,401,-132628480,F8184000
201,403,-135053312,F7F34000
202,405,-137936896,F7C74000
203,407,-139935744,F7A8C000
204,409,-140738560,F79C8000
205,411,-140443648,F7A10000
206,413,-139362304,F7B18000
207,415,-137887744,F7C80000
208,417,-136249344,F7E10000
209,419,-133742592,F8074000
210,421,-130039808,F83FC000
211,423,-125943808,F87E4000
212,425,-121782272,F8BDC000
213,427,-118030336,F8F70000
214,429,-114655232,F92A8000
215,431,-110821376,F9650000
216,433,-106545152,F9A64000
217,435,-102219776,F9E84000
218,437,-98140160,FA268000
219,439,-94781440,FA59C000
220,441,-92209152,FA810000
221,443,-91176960,FA90C000
222,445,-89522176,FAAA0000
223,447,-88768512,FAB58000
224,449,-89210880,FAAEC000
225,451,-91422720,FA8D0000
226,453,-94502912,FA5E0000
227,455,-97452032,FA310000
228,457,-101072896,F9F9C000
229,459,-105693184,F9B34000
230,461,-110592000,F9688000
231,463,-114966528,F925C000
232,465,-117997568,F8F78000
233,467,-120209408,F8D5C000
234,469,-122765312,F8AEC000
235,471,-126173184,F87AC000
236,473,-129384448,F849C000
237,475,-131170304,F82E8000
238,477,-132694016,F8174000
239,479,-135004160,F7F40000
240,481,-137838592,F7C8C000
241,483,-140017664,F7A78000
242,485,-140771328,F79C0000
243,487,-140247040,F7A40000
244,489,-138887168,F7B8C000
245,491,-137396224,F7CF8000
246,493,-135725056,F7E90000
247,495,-135675904,F7E9C000
248,497,-132382720,F81C0000
249,499,-128368640,F8594000
250,501,-124289024,F8978000
251,503,-120274944,F8D4C000
252,505,-116637696,F90C4000
253,507,-112951296,F9448000
254,509,-108871680,F982C000
255,511,-104579072,F9C44000
256,513,-100319232,FA054000
257,515,-96518144,FA3F4000
258,517,-93601792,FA6BC000
259,519,-91340800,FA8E4000
260,521,-89997312,FAA2C000
261,523,-89292800,FAAD8000
262,525,-89833472,FAA54000
263,527,-92307456,FA7F8000
264,529,-95436800,FA4FC000
265,531,-98500608,FA210000
266,533,-102301696,F9E70000
267,535,-106987520,F99F8000
268,537,-111738880,F9570000
269,539,-115703808,F91A8000
270,541,-118620160,F8EE0000
271,543,-120963072,F8CA4000
272,545,-123666432,F8A10000
273,547,-126910464,F86F8000
274,549,-128073728,F85DC000
275,551,-130580480,F8378000
276,553,-131989504,F8220000
277,555,-133775360,F806C000
278,557,-136609792,F7DB8000
279,559,-139214848,F7B3C000
280,561,-140574720,F79F0000
281,563,-140705792,F79D0000
282,565,-139640832,F7AD4000
283,567,-138149888,F7C40000
284,569,-136757248,F7D94000
285,571,-134807552,F7F70000
286,573,-131629056,F8278000
287,575,-127631360,F8648000
288,577,-123355136,F8A5C000
289,579,-119275520,F8E40000
290,581,-115687424,F91AC000
291,583,-112066560,F9520000
292,585,-108068864,F98F0000
293,587,-103743488,F9D10000
294,589,-99352576,FA140000
295,591,-95666176,FA4C4000
296,593,-92897280,FA768000
297,595,-90865664,FA958000
298,597,-89620480,FAA88000
299,599,-89178112,FAAF4000
300,601,-89227264,FAAE8000
301,603,-90816512,FA964000
302,605,-93814784,FA688000
303,607,-96747520,FA3BC000
304,609,-100024320,FA09C000
305,611,-104382464,F9C74000
306,613,-109166592,F97E4000
307,615,-113672192,F9398000
308,617,-117342208,F9018000
309,619,-119767040,F8DC8000
310,621,-121962496,F8BB0000
311,623,-125026304,F88C4000
312,625,-128303104,F85A4000
313,627,-130531328,F8384000
314,629,-132087808,F8208000
315,631,-134316032,F7FE8000
316,633,-137035776,F7D50000
317,635,-139051008,F7B64000
318,637,-139935744,F7A8C000
319,639,-139984896,F7A80000
320,641,-139264000,F7B30000
321,643,-137920512,F7C78000
322,645,-136331264,F7DFC000
323,647,-133922816,F8048000
324,649,-130449408,F8398000
325,651,-126468096,F8764000
326,653,-125370368,F8870000
327,655,-121208832,F8C68000
328,657,-117637120,F8FD0000
329,659,-114196480,F9318000
330,661,-110215168,F96E4000
331,663,-105807872,F9B18000
332,665,-101466112,F9F3C000
333,667,-97583104,FA2F0000
334,669,-94322688,FA60C000
335,671,-91668480,FA894000
336,673,-89833472,FAA54000
337,675,-88932352,FAB30000
338,677,-89161728,FAAF8000
339,679,-91242496,FA8FC000
340,681,-94404608,FA5F8000
341,683,-97255424,FA340000
342,685,-100564992,FA018000
343,687,-105054208,F9BD0000
344,689,-110002176,F9718000
345,691,-114524160,F92C8000
346,693,-117997568,F8F78000
347,695,-120356864,F8D38000
348,697,-122552320,F8B20000
349,699,-125452288,F885C000
350,701,-128614400,F8558000
351,703,-130891776,F832C000
352,705,-131497984,F8298000
353,707,-133234688,F80F0000
354,709,-135888896,F7E68000
355,711,-138510336,F7BE8000
356,713,-140034048,F7A74000
357,715,-140410880,F7A18000
358,717,-140017664,F7A78000
359,719,-138936320,F7B80000
360,721,-137609216,F7CC4000
361,723,-135905280,F7E64000
362,725,-132890624,F8144000
363,727,-129024000,F84F4000
364,729,-124813312,F88F8000
365,731,-120668160,F8CEC000
366,733,-117112832,F9050000
367,735,-113590272,F93AC000
368,737,-109527040,F978C000
369,739,-105250816,F9BA0000
370,741,-101023744,F9FA8000
371,743,-97206272,FA34C000
372,745,-94175232,FA630000
373,747,-91783168,FA878000
374,749,-90144768,FAA08000
375,751,-89276416,FAADC000
376,753,-89718784,FAA70000
377,755,-92192768,FA814000
378,757,-93077504,FA73C000
379,759,-96223232,FA43C000
380,761,-99188736,FA168000
381,763,-103006208,F9DC4000
382,765,-107610112,F9960000
383,767,-112377856,F94D4000
384,769,-116637696,F90C4000
385,771,-119554048,F8DFC000
386,773,-121618432,F8C04000
387,775,-124223488,F8988000
388,777,-127516672,F8664000
389,779,-130269184,F83C4000
390,781,-132071424,F820C000
391,783,-133890048,F8050000
392,785,-136396800,F7DEC000
393,787,-138838016,F7B98000
394,789,-140181504,F7A50000
395,791,-140541952,F79F8000
396,793,-140050432,F7A70000
397,795,-138772480,F7BA8000
398,797,-137330688,F7D08000
399,799,-135348224,F7EEC000
400,801,-132218880,F81E8000
401,803,-128352256,F8598000
402,805,-124108800,F89A4000
403,807,-120012800,F8D8C000
404,809,-118669312,F8ED4000
405,811,-115245056,F9218000
406,813,-111525888,F95A4000
407,815,-107397120,F9994000
408,817,-103038976,F9DBC000
409,819,-98762752,FA1D0000
410,821,-95240192,FA52C000
411,823,-92700672,FA798000
412,825,-90767360,FA970000
413,827,-89358336,FAAC8000
414,829,-88784896,FAB54000
415,831,-90095616,FAA14000
416,833,-93093888,FA738000
417,835,-96239616,FA438000
418,837,-99532800,FA114000
419,839,-103628800,F9D2C000
420,841,-108216320,F98CC000
421,843,-112820224,F9468000
422,845,-116752384,F90A8000
423,847,-119373824,F8E28000
424,849,-121520128,F8C1C000
425,851,-124338176,F896C000
426,853,-127664128,F8640000
427,855,-130383872,F83A8000
428,857,-132005888,F821C000
429,859,-133709824,F807C000
430,861,-136314880,F7E00000
431,863,-137428992,F7CF0000
432,865,-139476992,F7AFC000
433,867,-140263424,F7A3C000
434,869,-140001280,F7A7C000
435,871,-138887168,F7B8C000
436,873,-137527296,F7CD8000
437,875,-136036352,F7E44000
438,877,-133529600,F80A8000
439,879,-129941504,F8414000
440,881,-125845504,F87FC000
441,883,-121634816,F8C00000
442,885,-117997568,F8F78000
443,887,-114589696,F92B8000
444,889,-110739456,F9664000
445,891,-106512384,F9A6C000
446,893,-102154240,F9E94000
447,895,-98058240,FA27C000
448,897,-94748672,FA5A4000
449,899,-92176384,FA818000
450,901,-90341376,FA9D8000
451,903,-89325568,FAAD0000
452,905,-89128960,FAB00000
453,907,-90750976,FA974000
454,909,-93863936,FA67C000
455,911,-96845824,FA3A4000
456,913,-100106240,FA088000
457,915,-101548032,F9F28000
458,917,-106070016,F9AD8000
459,919,-110854144,F9648000
460,921,-115245056,F9218000
461,923,-118554624,F8EF0000
462,925,-120684544,F8CE8000
463,927,-123076608,F8AA0000
464,929,-126435328,F876C000
465,931,-129597440,F8468000
466,933,-131497984,F8298000
467,935,-132956160,F8134000
468,937,-135413760,F7EDC000
469,939,-138166272,F7C3C000
470,941,-140083200,F7A68000
471,943,-140787712,F79BC000
472,945,-140230656,F7A44000
473,947,-139051008,F7B64000
474,949,-137854976,F7C88000
475,951,-136167424,F7E24000
476,953,-133267456,F80E8000
477,955,-129597440,F8468000
478,957,-125566976,F8840000
479,959,-121405440,F8C38000
480,961,-117784576,F8FAC000
481,963,-114409472,F92E4000
482,965,-110477312,F96A4000
483,967,-109199360,F97DC000
484,969,-104955904,F9BE8000
485,971,-100712448,F9FF4000
486,973,-96993280,FA380000
487,975,-94076928,FA648000
488,977,-91717632,FA888000
489,979,-90079232,FAA18000
490,981,-89423872,FAAB8000
491,983,-90177536,FAA00000
492,985,-92536832,FA7C0000
493,987,-95354880,FA510000
494,989,-98156544,FA264000
495,991,-101875712,F9ED8000
496,993,-106594304,F9A58000
497,995,-111476736,F95B0000
498,997,-115687424,F91AC000
499,999,-118652928,F8ED8000
500,1001,-120864768,F8CBC000
501,1003,-123502592,F8A38000
502,1005,-126795776,F8714000
503,1007,-129630208,F8460000
504,1009,-131547136,F828C000
505,1011,-133201920,F80F8000
506,1013,-135561216,F7EB8000
507,1015,-138117120,F7C48000
508,1017,-139640832,F7AD4000
509,1019,-140230656,F7A44000
510,1021,-140296192,F7A34000
511,1023,-139509760,F7AF4000
512,1025,-138182656,F7C38000
513,1027,-136675328,F7DA8000
514,1029,-134709248,F7F88000
515,1031,-131514368,F8294000
516,1033,-127598592,F8650000
517,1035,-123518976,F8A34000
518,1037,-119554048,F8DFC000
519,1039,-116015104,F915C000
520,1041,-112443392,F94C4000
521,1043,-108478464,F988C000
522,1045,-104185856,F9CA4000
523,1047,-99975168,FA0A8000
524,1049,-96452608,FA404000
525,1051,-93683712,FA6A8000
526,1053,-91488256,FA8C0000
527,1055,-90046464,FAA20000
528,1057,-89522176,FAAA0000
529,1059,-90537984,FA9A8000
530,1061,-93208576,FA71C000
531,1063,-96190464,FA444000
532,1065,-99205120,FA164000
533,1067,-103088128,F9DB0000
534,1069,-104022016,F9CCC000
535,1071,-109117440,F97F0000
536,1073,-113917952,F935C000
537,1075,-117456896,F8FFC000
538,1077,-119717888,F8DD4000
539,1079,-121913344,F8BBC000
540,1081,-124895232,F88E4000
541,1083,-128499712,F8574000
542,1085,-131448832,F82A4000
543,1087,-132890624,F8144000
544,1089,-134201344,F8004000
545,1091,-136757248,F7D94000
546,1093,-139345920,F7B1C000
547,1095,-140525568,F79FC000
548,1097,-140345344,F7A28000
549,1099,-139362304,F7B18000
550,1101,-138133504,F7C44000
551,1103,-136511488,F7DD0000
552,1105,-133922816,F8048000
553,1107,-130596864,F8374000
554,1109,-126926848,F86F4000
555,1111,-122896384,F8ACC000
556,1113,-118964224,F8E8C000
557,1115,-115261440,F9214000
558,1117,-111460352,F95B4000
559,1119,-110542848,F9694000
560,1121,-106201088,F9AB8000
561,1123,-102121472,F9E9C000
562,1125,-98254848,FA24C000
563,1127,-95125504,FA548000
564,1129,-92667904,FA7A0000
565,1131,-90734592,FA978000
566,1133,-89538560,FAA9C000
567,1135,-89341952,FAACC000
568,1137,-91144192,FA914000
569,1139,-94388224,FA5FC000
570,1141,-97468416,FA30C000
571,1143,-100745216,F9FEC000
572,1145,-104857600,F9C00000
573,1147,-109477888,F9798000
574,1149,-113967104,F9350000
575,1151,-117555200,F8FE4000
576,1153,-119980032,F8D94000
577,1155,-122208256,F8B74000
578,1157,-125386752,F886C000
579,1159,-128729088,F853C000
580,1161,-131072000,F8300000
581,1163,-132546560,F8198000
582,1165,-134430720,F7FCC000
583,1167,-137281536,F7D14000
584,1169,-139640832,F7AD4000
585,1171,-140673024,F79D8000
586,1173,-140689408,F79D4000
587,1175,-140361728,F7A24000
588,1177,-139395072,F7B10000
589,1179,-137740288,F7CA4000
590,1181,-135544832,F7EBC000
591,1183,-132497408,F81A4000
592,1185,-128827392,F8524000
593,1187,-124813312,F88F8000
594,1189,-120619008,F8CF8000
595,1191,-116867072,F908C000
596,1193,-113491968,F93C4000
597,1195,-109543424,F9788000
598,1197,-105136128,F9BBC000
599,1199,-101023744,F9FA8000
600,1201,-97304576,FA334000
601,1203,-94257152,FA61C000
602,1205,-91865088,FA864000
603,1207,-89997312,FAA2C000
604,1209,-88965120,FAB28000
605,1211,-89374720,FAAC4000
606,1213,-91537408,FA8B4000
607,1215,-94470144,FA5E8000
608,1217,-97353728,FA328000
609,1219,-100859904,F9FD0000
610,1221,-102055936,F9EAC000
611,1223,-106577920,F9A5C000
612,1225,-111296512,F95DC000
613,1227,-115490816,F91DC000
614,1229,-118505472,F8EFC000
615,1231,-120782848,F8CD0000
616,1233,-123551744,F8A2C000
617,1235,-126926848,F86F4000
618,1237,-129826816,F8430000
619,1239,-131629056,F8278000
620,1241,-133365760,F80D0000
621,1243,-135954432,F7E58000
622,1245,-138559488,F7BDC000
623,1247,-140034048,F7A74000
624,1249,-140263424,F7A3C000
625,1251,-139591680,F7AE0000
626,1253,-138428416,F7BFC000
627,1255,-137117696,F7D3C000
628,1257,-135004160,F7F40000
629,1259,-131727360,F8260000
630,1261,-128188416,F85C0000
631,1263,-124370944,F8964000
632,1265,-120373248,F8D34000
633,1267,-116768768,F90A4000
634,1269,-113246208,F9400000
635,1271,-112246784,F94F4000
636,1273,-108216320,F98CC000
637,1275,-104087552,F9CBC000
638,1277,-100057088,FA094000
639,1279,-96403456,FA410000
640,1281,-93667328,FA6AC000
641,1283,-91783168,FA878000
642,1285,-90554368,FA9A4000
643,1287,-89931776,FAA3C000
644,1289,-90865664,FA958000
645,1291,-93667328,FA6AC000
646,1293,-96763904,FA3B8000
647,1295,-99909632,FA0B8000
648,1297,-103907328,F9CE8000
649,1299,-108560384,F9878000
650,1301,-113278976,F93F8000
651,1303,-117260288,F902C000
652,1305,-119980032,F8D94000
653,1307,-122372096,F8B4C000
654,1309,-125370368,F8870000
655,1311,-128450560,F8580000
656,1313,-130727936,F8354000
657,1315,-132333568,F81CC000
658,1317,-134447104,F7FC8000
659,1319,-137232384,F7D20000
660,1321,-137412608,F7CF4000
661,1323,-139526144,F7AF0000
662,1325,-140476416,F7A08000
663,1327,-140197888,F7A4C000
664,1329,-138952704,F7B7C000
665,1331,-137494528,F7CE0000
666,1333,-136085504,F7E38000
667,1335,-133988352,F8038000
668,1337,-130662400,F8364000
669,1339,-126533632,F8754000
670,1341,-122159104,F8B80000
671,1343,-118358016,F8F20000
672,1345,-115081216,F9240000
673,1347,-111443968,F95B8000
674,1349,-107282432,F99B0000
675,1351,-103055360,F9DB8000
676,1353,-99057664,FA188000
677,1355,-95764480,FA4AC000
678,1357,-93126656,FA730000
679,1359,-91258880,FA8F8000
680,1361,-90259456,FA9EC000
681,1363,-90128384,FAA0C000
682,1365,-91537408,FA8B4000
683,1367,-94306304,FA610000
684,1369,-97157120,FA358000
685,1371,-100302848,FA058000
686,1373,-100810752,F9FDC000
687,1375,-105431040,F9B74000
688,1377,-110247936,F96DC000
689,1379,-114671616,F92A4000
690,1381,-117997568,F8F78000
691,1383,-120176640,F8D64000
692,1385,-122535936,F8B24000
693,1387,-126009344,F87D4000
694,1389,-129286144,F84B4000
695,1391,-131252224,F82D4000
696,1393,-132694016,F8174000
697,1395,-134742016,F7F80000
698,1397,-137461760,F7CE8000
699,1399,-139657216,F7AD0000
700,1401,-140574720,F79F0000
701,1403,-140296192,F7A34000
702,1405,-139051008,F7B64000
703,1407,-137396224,F7CF8000
704,1409,-135659520,F7EA0000
705,1411,-133103616,F8110000
706,1413,-129679360,F8454000
707,1415,-125698048,F8820000
708,1417,-121356288,F8C44000
709,1419,-117424128,F9004000
710,1421,-114114560,F932C000
711,1423,-112934912,F944C000
712,1425,-109117440,F97F0000
713,1427,-104873984,F9BFC000
714,1429,-100630528,FA008000
715,1431,-97058816,FA370000
716,1433,-94158848,FA634000
717,1435,-91848704,FA868000
718,1437,-90324992,FA9DC000
719,1439,-89571328,FAA94000
720,1441,-90030080,FAA24000
721,1443,-92504064,FA7C8000
722,1445,-95649792,FA4C8000
723,1447,-98418688,FA224000
724,1449,-101810176,F9EE8000
725,1451,-106332160,F9A98000
726,1453,-111263744,F95E4000
727,1455,-115507200,F91D8000
728,1457,-118571008,F8EEC000
729,1459,-120815616,F8CC8000
730,1461,-123240448,F8A78000
731,1463,-126435328,F876C000
732,1465,-129515520,F847C000
733,1467,-131399680,F82B0000
734,1469,-132939776,F8138000
735,1471,-135348224,F7EEC000
736,1473,-135938048,F7E5C000
737,1475,-138641408,F7BC8000
738,1477,-140148736,F7A58000
739,1479,-140230656,F7A44000
740,1481,-139378688,F7B14000
741,1483,-138051584,F7C58000
742,1485,-136658944,F7DAC000
743,1487,-134889472,F7F5C000
744,1489,-131842048,F8244000
745,1491,-127877120,F860C000
746,1493,-123502592,F8A38000
747,1495,-119291904,F8E3C000
748,1497,-115933184,F9170000
749,1499,-112623616,F9498000
750,1501,-108544000,F987C000
751,1503,-104153088,F9CAC000
752,1505,-99975168,FA0A8000
753,1507,-96436224,FA408000
754,1509,-93634560,FA6B4000
755,1511,-91504640,FA8BC000
756,1513,-90161152,FAA04000
757,1515,-89473024,FAAAC000
758,1517,-90308608,FA9E0000
759,1519,-93028352,FA748000
760,1521,-96043008,FA468000
761,1523,-97484800,FA308000
762,1525,-100548608,FA01C000
763,1527,-104628224,F9C38000
764,1529,-109314048,F97C0000
765,1531,-113868800,F9368000
766,1533,-117653504,F8FCC000
767,1535,-120160256,F8D68000
768,1537,-122322944,F8B58000
769,1539,-125272064,F8888000
770,1541,-128466944,F857C000
771,1543,-130613248,F8370000
772,1545,-132055040,F8210000
773,1547,-134234112,F7FFC000
774,1549,-136986624,F7D5C000
775,1551,-139149312,F7B4C000
776,1553,-140115968,F7A60000
777,1555,-139919360,F7A90000
778,1557,-139116544,F7B54000
779,1559,-138117120,F7C48000
780,1561,-136806400,F7D88000
781,1563,-134496256,F7FBC000
782,1565,-131022848,F830C000
783,1567,-127041536,F86D8000
784,1569,-122781696,F8AE8000
785,1571,-118849536,F8EA8000
786,1573,-118161408,F8F50000
787,1575,-114704384,F929C000
788,1577,-110804992,F9654000
789,1579,-106577920,F9A5C000
790,1581,-102285312,F9E74000
791,1583,-98418688,FA224000
792,1585,-95256576,FA528000
793,1587,-92635136,FA7A8000
794,1589,-90734592,FA978000
795,1591,-89767936,FAA64000
796,1593,-89817088,FAA58000
797,1595,-91701248,FA88C000
798,1597,-94748672,FA5A4000
799,1599,-97632256,FA2E4000
800,1601,-100958208,F9FB8000
801,1603,-105267200,F9B9C000
802,1605,-109953024,F9724000
803,1607,-114409472,F92E4000
804,1609,-117997568,F8F78000
805,1611,-120455168,F8D20000
806,1613,-122683392,F8B00000
807,1615,-125698048,F8820000
808,1617,-128942080,F8508000
809,1619,-131088384,F82FC000
810,1621,-132513792,F81A0000
811,1623,-134676480,F7F90000
812,1625,-135249920,F7F04000
813,1627,-137756672,F7CA0000
814,1629,-139624448,F7AD8000
815,1631,-140558336,F79F4000
816,1633,-140083200,F7A68000
817,1635,-138788864,F7BA4000
818,1637,-137379840,F7CFC000
819,1639,-135675904,F7E9C000
820,1641,-132988928,F812C000
821,1643,-129286144,F84B4000
822,1645,-125157376,F88A4000
823,1647,-120995840,F8C9C000
824,1649,-117309440,F9020000
825,1651,-113885184,F9364000
826,1653,-110051328,F970C000
827,1655,-105791488,F9B1C000
828,1657,-101515264,F9F30000
829,1659,-97648640,FA2E0000
830,1661,-94617600,FA5C4000
831,1663,-92291072,FA7FC000
832,1665,-90701824,FA980000
833,1667,-89882624,FAA48000
834,1669,-90112000,FAA10000
835,1671,-92307456,FA7F8000
836,1673,-95502336,FA4EC000
837,1675,-95780864,FA4A8000
838,1677,-98713600,FA1DC000
839,1679,-102563840,F9E30000
840,1681,-107085824,F99E0000
841,1683,-111673344,F9580000
842,1685,-115752960,F919C000
843,1687,-118816768,F8EB0000
844,1689,-121012224,F8C98000
845,1691,-123502592,F8A38000
846,1693,-126894080,F86FC000
847,1695,-129712128,F844C000
848,1697,-131284992,F82CC000
849,1699,-132939776,F8138000
850,1701,-135413760,F7EDC000
851,1703,-137887744,F7C80000
852,1705,-139476992,F7AFC000
853,1707,-140034048,F7A74000
854,1709,-139345920,F7B1C000
855,1711,-137887744,F7C80000
856,1713,-136429568,F7DE4000
857,1715,-134610944,F7FA0000
858,1717,-131743744,F825C000
859,1719,-128090112,F85D8000
860,1721,-124026880,F89B8000
861,1723,-119865344,F8DB0000
862,1725,-119308288,F8E38000
863,1727,-115720192,F91A4000
864,1729,-112099328,F9518000
865,1731,-108019712,F98FC000
866,1733,-103776256,F9D08000
867,1735,-99794944,FA0D4000
868,1737,-96452608,FA404000
869,1739,-93650944,FA6B0000
870,1741,-91537408,FA8B4000
871,1743,-90341376,FA9D8000
872,1745,-89948160,FAA38000
873,1747,-91013120,FA934000
874,1749,-93716480,FA6A0000
875,1751,-96600064,FA3E0000
876,1753,-99483648,FA120000
877,1755,-103514112,F9D48000
878,1757,-108298240,F98B8000
879,1759,-113049600,F9430000
880,1761,-117080064,F9058000
881,1763,-119701504,F8DD8000
882,1765,-121700352,F8BF0000
883,1767,-124420096,F8958000
884,1769,-127746048,F862C000
885,1771,-130301952,F83BC000
886,1773,-131760128,F8258000
887,1775,-132251648,F81E0000
888,1777,-134152192,F8010000
889,1779,-136544256,F7DC8000
890,1781,-138625024,F7BCC000
891,1783,-139755520,F7AB8000
892,1785,-139804672,F7AAC000
893,1787,-138772480,F7BA8000
894,1789,-137330688,F7D08000
895,1791,-135823360,F7E78000
896,1793,-133627904,F8090000
897,1795,-130383872,F83A8000
898,1797,-126484480,F8760000
899,1799,-122175488,F8B7C000
900,1801,-118177792,F8F4C000
901,1803,-114769920,F928C000
902,1805,-111362048,F95CC000
903,1807,-107413504,F9990000
904,1809,-103038976,F9DBC000
905,1811,-98959360,FA1A0000
906,1813,-95584256,FA4D8000
907,1815,-92962816,FA758000
908,1817,-91160576,FA910000
909,1819,-90144768,FAA08000
910,1821,-89882624,FAA48000
911,1823,-91357184,FA8E0000
912,1825,-94388224,FA5FC000
913,1827,-94666752,FA5B8000
914,1829,-97665024,FA2DC000
915,1831,-101089280,F9F98000
916,1833,-105283584,F9B98000
917,1835,-109854720,F973C000
918,1837,-114311168,F92FC000
919,1839,-117751808,F8FB4000
920,1841,-120143872,F8D6C000
921,1843,-122568704,F8B1C000
922,1845,-125730816,F8818000
923,1847,-128729088,F853C000
924,1849,-130613248,F8370000
925,1851,-132055040,F8210000
926,1853,-134283264,F7FF0000
927,1855,-137068544,F7D48000
928,1857,-139034624,F7B68000
929,1859,-139706368,F7AC4000
930,1861,-139378688,F7B14000
931,1863,-138346496,F7C10000
932,1865,-137003008,F7D58000
933,1867,-135544832,F7EBC000
934,1869,-132988928,F812C000
935,1871,-129236992,F84C0000
936,1873,-125239296,F8890000
937,1875,-121208832,F8C68000
938,1877,-120438784,F8D24000
939,1879,-116621312,F90C8000
940,1881,-113082368,F9428000
941,1883,-109248512,F97D0000
942,1885,-105201664,F9BAC000
943,1887,-101089280,F9F98000
944,1889,-97353728,FA328000
945,1891,-94371840,FA600000
946,1893,-92045312,FA838000
947,1895,-90488832,FA9B4000
948,1897,-89653248,FAA80000
949,1899,-89964544,FAA34000
950,1901,-92192768,FA814000
951,1903,-95256576,FA528000
952,1905,-98123776,FA26C000
953,1907,-101728256,F9EFC000
954,1909,-106283008,F9AA4000
955,1911,-111034368,F961C000
956,1913,-115294208,F920C000
957,1915,-118456320,F8F08000
958,1917,-120668160,F8CEC000
959,1919,-123191296,F8A84000
960,1921,-126582784,F8748000
961,1923,-129449984,F848C000
962,1925,-131153920,F82EC000
963,1927,-133251072,F80EC000
964,1929,-134905856,F7F58000
965,1931,-137052160,F7D4C000
966,1933,-139198464,F7B40000
967,1935,-140886016,F79A4000
968,1937,-141459456,F7918000
969,1939,-140902400,F79A0000
970,1941,-139362304,F7B18000
971,1943,-137445376,F7CEC000
972,1945,-135299072,F7EF8000
973,1947,-132284416,F81D8000
974,1949,-128827392,F8524000
975,1951,-124928000,F88DC000
976,1953,-120815616,F8CC8000
977,1955,-116981760,F9070000
978,1957,-113246208,F9400000
979,1959,-109215744,F97D8000
980,1961,-104988672,F9BE0000
981,1963,-101023744,F9FA8000
982,1965,-97402880,FA31C000
983,1967,-94289920,FA614000
984,1969,-91701248,FA88C000
985,1971,-89882624,FAA48000
986,1973,-89079808,FAB0C000
987,1975,-89948160,FAA38000
988,1977,-90718208,FA97C000
989,1979,-93667328,FA6AC000
990,1981,-96665600,FA3D0000
991,1983,-99631104,FA0FC000
992,1985,-103694336,F9D1C000
993,1987,-108412928,F989C000
994,1989,-113049600,F9430000
995,1991,-117014528,F9068000
996,1993,-119701504,F8DD8000
997,1995,-121864192,F8BC8000
998,1997,-124846080,F88F0000
999,1999,-128352256,F8598000
